fegrow_result/complexes_pdbs/rec_11_mol0.pdb,released_MERS-CoV_Mpro/mers_files/mers_0.pdb,41,41
fegrow_result/complexes_pdbs/rec_11_mol1.pdb,released_MERS-CoV_Mpro/mers_files/mers_1.pdb,30,30
fegrow_result/complexes_pdbs/rec_11_mol10.pdb,released_MERS-CoV_Mpro/mers_files/mers_10.pdb,38,38
fegrow_result/complexes_pdbs/rec_11_mol11.pdb,released_MERS-CoV_Mpro/mers_files/mers_11.pdb,28,28
fegrow_result/complexes_pdbs/rec_11_mol12.pdb,released_MERS-CoV_Mpro/mers_files/mers_12.pdb,24,24
fegrow_result/complexes_pdbs/rec_11_mol13.pdb,released_MERS-CoV_Mpro/mers_files/mers_13.pdb,38,38
fegrow_result/complexes_pdbs/rec_11_mol14.pdb,released_MERS-CoV_Mpro/mers_files/mers_14.pdb,37,37
fegrow_result/complexes_pdbs/rec_11_mol15.pdb,released_MERS-CoV_Mpro/mers_files/mers_15.pdb,38,38
fegrow_result/complexes_pdbs/rec_11_mol16.pdb,released_MERS-CoV_Mpro/mers_files/mers_16.pdb,25,25
fegrow_result/complexes_pdbs/rec_11_mol17.pdb,released_MERS-CoV_Mpro/mers_files/mers_17.pdb,35,35
fegrow_result/complexes_pdbs/rec_11_mol18.pdb,released_MERS-CoV_Mpro/mers_files/mers_18.pdb,24,24
fegrow_result/complexes_pdbs/rec_11_mol19.pdb,released_MERS-CoV_Mpro/mers_files/mers_19.pdb,39,39
fegrow_result/complexes_pdbs/rec_11_mol2.pdb,released_MERS-CoV_Mpro/mers_files/mers_2.pdb,33,33
fegrow_result/complexes_pdbs/rec_11_mol20.pdb,released_MERS-CoV_Mpro/mers_files/mers_20.pdb,37,37
fegrow_result/complexes_pdbs/rec_11_mol21.pdb,released_MERS-CoV_Mpro/mers_files/mers_21.pdb,35,35
fegrow_result/complexes_pdbs/rec_11_mol22.pdb,released_MERS-CoV_Mpro/mers_files/mers_22.pdb,24,24
fegrow_result/complexes_pdbs/rec_11_mol23.pdb,released_MERS-CoV_Mpro/mers_files/mers_23.pdb,37,37
fegrow_result/complexes_pdbs/rec_11_mol24.pdb,released_MERS-CoV_Mpro/mers_files/mers_24.pdb,38,38
fegrow_result/complexes_pdbs/rec_11_mol25.pdb,released_MERS-CoV_Mpro/mers_files/mers_25.pdb,40,40
fegrow_result/complexes_pdbs/rec_11_mol26.pdb,released_MERS-CoV_Mpro/mers_files/mers_26.pdb,27,27
fegrow_result/complexes_pdbs/rec_11_mol27.pdb,released_MERS-CoV_Mpro/mers_files/mers_27.pdb,25,25
fegrow_result/complexes_pdbs/rec_11_mol28.pdb,released_MERS-CoV_Mpro/mers_files/mers_28.pdb,39,39
fegrow_result/complexes_pdbs/rec_11_mol29.pdb,released_MERS-CoV_Mpro/mers_files/mers_29.pdb,39,39
fegrow_result/complexes_pdbs/rec_11_mol3.pdb,released_MERS-CoV_Mpro/mers_files/mers_3.pdb,42,42
fegrow_result/complexes_pdbs/rec_11_mol30.pdb,released_MERS-CoV_Mpro/mers_files/mers_30.pdb,39,39
fegrow_result/complexes_pdbs/rec_11_mol31.pdb,released_MERS-CoV_Mpro/mers_files/mers_31.pdb,41,41
fegrow_result/complexes_pdbs/rec_11_mol32.pdb,released_MERS-CoV_Mpro/mers_files/mers_32.pdb,38,38
fegrow_result/complexes_pdbs/rec_11_mol33.pdb,released_MERS-CoV_Mpro/mers_files/mers_33.pdb,25,25
fegrow_result/complexes_pdbs/rec_11_mol34.pdb,released_MERS-CoV_Mpro/mers_files/mers_34.pdb,35,35
fegrow_result/complexes_pdbs/rec_11_mol35.pdb,released_MERS-CoV_Mpro/mers_files/mers_35.pdb,31,31
fegrow_result/complexes_pdbs/rec_11_mol36.pdb,released_MERS-CoV_Mpro/mers_files/mers_36.pdb,35,35
fegrow_result/complexes_pdbs/rec_11_mol37.pdb,released_MERS-CoV_Mpro/mers_files/mers_37.pdb,30,30
fegrow_result/complexes_pdbs/rec_11_mol38.pdb,released_MERS-CoV_Mpro/mers_files/mers_38.pdb,40,40
fegrow_result/complexes_pdbs/rec_11_mol39.pdb,released_MERS-CoV_Mpro/mers_files/mers_39.pdb,35,35
fegrow_result/complexes_pdbs/rec_11_mol4.pdb,released_MERS-CoV_Mpro/mers_files/mers_4.pdb,23,23
fegrow_result/complexes_pdbs/rec_11_mol40.pdb,released_MERS-CoV_Mpro/mers_files/mers_40.pdb,35,35
fegrow_result/complexes_pdbs/rec_11_mol41.pdb,released_MERS-CoV_Mpro/mers_files/mers_41.pdb,38,38
fegrow_result/complexes_pdbs/rec_11_mol42.pdb,released_MERS-CoV_Mpro/mers_files/mers_42.pdb,38,38
fegrow_result/complexes_pdbs/rec_11_mol43.pdb,released_MERS-CoV_Mpro/mers_files/mers_43.pdb,36,36
fegrow_result/complexes_pdbs/rec_11_mol44.pdb,released_MERS-CoV_Mpro/mers_files/mers_44.pdb,34,34
fegrow_result/complexes_pdbs/rec_11_mol45.pdb,released_MERS-CoV_Mpro/mers_files/mers_45.pdb,35,35
fegrow_result/complexes_pdbs/rec_11_mol46.pdb,released_MERS-CoV_Mpro/mers_files/mers_46.pdb,38,38
fegrow_result/complexes_pdbs/rec_11_mol47.pdb,released_MERS-CoV_Mpro/mers_files/mers_47.pdb,33,33
fegrow_result/complexes_pdbs/rec_11_mol48.pdb,released_MERS-CoV_Mpro/mers_files/mers_48.pdb,21,21
fegrow_result/complexes_pdbs/rec_11_mol49.pdb,released_MERS-CoV_Mpro/mers_files/mers_49.pdb,26,26
fegrow_result/complexes_pdbs/rec_11_mol5.pdb,released_MERS-CoV_Mpro/mers_files/mers_5.pdb,31,31
fegrow_result/complexes_pdbs/rec_11_mol50.pdb,released_MERS-CoV_Mpro/mers_files/mers_50.pdb,22,22
fegrow_result/complexes_pdbs/rec_11_mol51.pdb,released_MERS-CoV_Mpro/mers_files/mers_51.pdb,42,42
fegrow_result/complexes_pdbs/rec_11_mol52.pdb,released_MERS-CoV_Mpro/mers_files/mers_52.pdb,40,40
fegrow_result/complexes_pdbs/rec_11_mol53.pdb,released_MERS-CoV_Mpro/mers_files/mers_53.pdb,44,44
fegrow_result/complexes_pdbs/rec_11_mol54.pdb,released_MERS-CoV_Mpro/mers_files/mers_54.pdb,40,40
fegrow_result/complexes_pdbs/rec_11_mol55.pdb,released_MERS-CoV_Mpro/mers_files/mers_55.pdb,34,34
fegrow_result/complexes_pdbs/rec_11_mol56.pdb,released_MERS-CoV_Mpro/mers_files/mers_56.pdb,24,24
fegrow_result/complexes_pdbs/rec_11_mol57.pdb,released_MERS-CoV_Mpro/mers_files/mers_57.pdb,40,40
fegrow_result/complexes_pdbs/rec_11_mol58.pdb,released_MERS-CoV_Mpro/mers_files/mers_58.pdb,35,35
fegrow_result/complexes_pdbs/rec_11_mol59.pdb,released_MERS-CoV_Mpro/mers_files/mers_59.pdb,36,36
fegrow_result/complexes_pdbs/rec_11_mol6.pdb,released_MERS-CoV_Mpro/mers_files/mers_6.pdb,36,36
fegrow_result/complexes_pdbs/rec_11_mol60.pdb,released_MERS-CoV_Mpro/mers_files/mers_60.pdb,22,22
fegrow_result/complexes_pdbs/rec_11_mol61.pdb,released_MERS-CoV_Mpro/mers_files/mers_61.pdb,41,41
fegrow_result/complexes_pdbs/rec_11_mol62.pdb,released_MERS-CoV_Mpro/mers_files/mers_62.pdb,38,38
fegrow_result/complexes_pdbs/rec_11_mol63.pdb,released_MERS-CoV_Mpro/mers_files/mers_63.pdb,34,34
fegrow_result/complexes_pdbs/rec_11_mol64.pdb,released_MERS-CoV_Mpro/mers_files/mers_64.pdb,36,36
fegrow_result/complexes_pdbs/rec_11_mol66.pdb,released_MERS-CoV_Mpro/mers_files/mers_66.pdb,25,25
fegrow_result/complexes_pdbs/rec_11_mol67.pdb,released_MERS-CoV_Mpro/mers_files/mers_67.pdb,38,38
fegrow_result/complexes_pdbs/rec_11_mol68.pdb,released_MERS-CoV_Mpro/mers_files/mers_68.pdb,35,35
fegrow_result/complexes_pdbs/rec_11_mol69.pdb,released_MERS-CoV_Mpro/mers_files/mers_69.pdb,37,37
fegrow_result/complexes_pdbs/rec_11_mol7.pdb,released_MERS-CoV_Mpro/mers_files/mers_7.pdb,19,19
fegrow_result/complexes_pdbs/rec_11_mol70.pdb,released_MERS-CoV_Mpro/mers_files/mers_70.pdb,35,35
fegrow_result/complexes_pdbs/rec_11_mol71.pdb,released_MERS-CoV_Mpro/mers_files/mers_71.pdb,35,35
fegrow_result/complexes_pdbs/rec_11_mol72.pdb,released_MERS-CoV_Mpro/mers_files/mers_72.pdb,36,36
fegrow_result/complexes_pdbs/rec_11_mol73.pdb,released_MERS-CoV_Mpro/mers_files/mers_73.pdb,32,32
fegrow_result/complexes_pdbs/rec_11_mol74.pdb,released_MERS-CoV_Mpro/mers_files/mers_74.pdb,34,34
fegrow_result/complexes_pdbs/rec_11_mol75.pdb,released_MERS-CoV_Mpro/mers_files/mers_75.pdb,41,41
fegrow_result/complexes_pdbs/rec_11_mol76.pdb,released_MERS-CoV_Mpro/mers_files/mers_76.pdb,33,33
fegrow_result/complexes_pdbs/rec_11_mol77.pdb,released_MERS-CoV_Mpro/mers_files/mers_77.pdb,33,33
fegrow_result/complexes_pdbs/rec_11_mol79.pdb,released_MERS-CoV_Mpro/mers_files/mers_79.pdb,20,20
fegrow_result/complexes_pdbs/rec_11_mol8.pdb,released_MERS-CoV_Mpro/mers_files/mers_8.pdb,38,38
fegrow_result/complexes_pdbs/rec_11_mol80.pdb,released_MERS-CoV_Mpro/mers_files/mers_80.pdb,35,35
fegrow_result/complexes_pdbs/rec_11_mol81.pdb,released_MERS-CoV_Mpro/mers_files/mers_81.pdb,35,35
fegrow_result/complexes_pdbs/rec_11_mol82.pdb,released_MERS-CoV_Mpro/mers_files/mers_82.pdb,34,34
fegrow_result/complexes_pdbs/rec_11_mol83.pdb,released_MERS-CoV_Mpro/mers_files/mers_83.pdb,38,38
fegrow_result/complexes_pdbs/rec_11_mol84.pdb,released_MERS-CoV_Mpro/mers_files/mers_84.pdb,35,35
fegrow_result/complexes_pdbs/rec_11_mol85.pdb,released_MERS-CoV_Mpro/mers_files/mers_85.pdb,34,34
fegrow_result/complexes_pdbs/rec_11_mol86.pdb,released_MERS-CoV_Mpro/mers_files/mers_86.pdb,40,40
fegrow_result/complexes_pdbs/rec_11_mol87.pdb,released_MERS-CoV_Mpro/mers_files/mers_87.pdb,38,38
fegrow_result/complexes_pdbs/rec_11_mol88.pdb,released_MERS-CoV_Mpro/mers_files/mers_88.pdb,36,36
fegrow_result/complexes_pdbs/rec_11_mol89.pdb,released_MERS-CoV_Mpro/mers_files/mers_89.pdb,20,20
fegrow_result/complexes_pdbs/rec_11_mol9.pdb,released_MERS-CoV_Mpro/mers_files/mers_9.pdb,35,35
fegrow_result/complexes_pdbs/rec_11_mol90.pdb,released_MERS-CoV_Mpro/mers_files/mers_90.pdb,34,34
fegrow_result/complexes_pdbs/rec_11_mol91.pdb,released_MERS-CoV_Mpro/mers_files/mers_91.pdb,34,34
fegrow_result/complexes_pdbs/rec_11_mol92.pdb,released_MERS-CoV_Mpro/mers_files/mers_92.pdb,27,27
fegrow_result/complexes_pdbs/rec_11_mol93.pdb,released_MERS-CoV_Mpro/mers_files/mers_93.pdb,32,32
fegrow_result/complexes_pdbs/rec_11_mol94.pdb,released_MERS-CoV_Mpro/mers_files/mers_94.pdb,36,36
fegrow_result/complexes_pdbs/rec_11_mol95.pdb,released_MERS-CoV_Mpro/mers_files/mers_95.pdb,39,39
fegrow_result/complexes_pdbs/rec_11_mol96.pdb,released_MERS-CoV_Mpro/mers_files/mers_96.pdb,22,22
fegrow_result/complexes_pdbs/rec_12_mol0.pdb,released_MERS-CoV_Mpro/mers_files/mers_0.pdb,41,41
fegrow_result/complexes_pdbs/rec_12_mol1.pdb,released_MERS-CoV_Mpro/mers_files/mers_1.pdb,30,30
fegrow_result/complexes_pdbs/rec_12_mol10.pdb,released_MERS-CoV_Mpro/mers_files/mers_10.pdb,38,38
fegrow_result/complexes_pdbs/rec_12_mol11.pdb,released_MERS-CoV_Mpro/mers_files/mers_11.pdb,28,28
fegrow_result/complexes_pdbs/rec_12_mol12.pdb,released_MERS-CoV_Mpro/mers_files/mers_12.pdb,24,24
fegrow_result/complexes_pdbs/rec_12_mol13.pdb,released_MERS-CoV_Mpro/mers_files/mers_13.pdb,38,38
fegrow_result/complexes_pdbs/rec_12_mol14.pdb,released_MERS-CoV_Mpro/mers_files/mers_14.pdb,37,37
fegrow_result/complexes_pdbs/rec_12_mol15.pdb,released_MERS-CoV_Mpro/mers_files/mers_15.pdb,38,38
fegrow_result/complexes_pdbs/rec_12_mol16.pdb,released_MERS-CoV_Mpro/mers_files/mers_16.pdb,25,25
fegrow_result/complexes_pdbs/rec_12_mol17.pdb,released_MERS-CoV_Mpro/mers_files/mers_17.pdb,35,35
fegrow_result/complexes_pdbs/rec_12_mol18.pdb,released_MERS-CoV_Mpro/mers_files/mers_18.pdb,24,24
fegrow_result/complexes_pdbs/rec_12_mol19.pdb,released_MERS-CoV_Mpro/mers_files/mers_19.pdb,39,39
fegrow_result/complexes_pdbs/rec_12_mol2.pdb,released_MERS-CoV_Mpro/mers_files/mers_2.pdb,33,33
fegrow_result/complexes_pdbs/rec_12_mol20.pdb,released_MERS-CoV_Mpro/mers_files/mers_20.pdb,37,37
fegrow_result/complexes_pdbs/rec_12_mol21.pdb,released_MERS-CoV_Mpro/mers_files/mers_21.pdb,35,35
fegrow_result/complexes_pdbs/rec_12_mol22.pdb,released_MERS-CoV_Mpro/mers_files/mers_22.pdb,24,24
fegrow_result/complexes_pdbs/rec_12_mol23.pdb,released_MERS-CoV_Mpro/mers_files/mers_23.pdb,37,37
fegrow_result/complexes_pdbs/rec_12_mol24.pdb,released_MERS-CoV_Mpro/mers_files/mers_24.pdb,38,38
fegrow_result/complexes_pdbs/rec_12_mol25.pdb,released_MERS-CoV_Mpro/mers_files/mers_25.pdb,40,40
fegrow_result/complexes_pdbs/rec_12_mol26.pdb,released_MERS-CoV_Mpro/mers_files/mers_26.pdb,27,27
fegrow_result/complexes_pdbs/rec_12_mol27.pdb,released_MERS-CoV_Mpro/mers_files/mers_27.pdb,25,25
fegrow_result/complexes_pdbs/rec_12_mol28.pdb,released_MERS-CoV_Mpro/mers_files/mers_28.pdb,39,39
fegrow_result/complexes_pdbs/rec_12_mol29.pdb,released_MERS-CoV_Mpro/mers_files/mers_29.pdb,39,39
fegrow_result/complexes_pdbs/rec_12_mol3.pdb,released_MERS-CoV_Mpro/mers_files/mers_3.pdb,42,42
fegrow_result/complexes_pdbs/rec_12_mol30.pdb,released_MERS-CoV_Mpro/mers_files/mers_30.pdb,39,39
fegrow_result/complexes_pdbs/rec_12_mol31.pdb,released_MERS-CoV_Mpro/mers_files/mers_31.pdb,41,41
fegrow_result/complexes_pdbs/rec_12_mol32.pdb,released_MERS-CoV_Mpro/mers_files/mers_32.pdb,38,38
fegrow_result/complexes_pdbs/rec_12_mol33.pdb,released_MERS-CoV_Mpro/mers_files/mers_33.pdb,25,25
fegrow_result/complexes_pdbs/rec_12_mol34.pdb,released_MERS-CoV_Mpro/mers_files/mers_34.pdb,35,35
fegrow_result/complexes_pdbs/rec_12_mol35.pdb,released_MERS-CoV_Mpro/mers_files/mers_35.pdb,31,31
fegrow_result/complexes_pdbs/rec_12_mol36.pdb,released_MERS-CoV_Mpro/mers_files/mers_36.pdb,35,35
fegrow_result/complexes_pdbs/rec_12_mol37.pdb,released_MERS-CoV_Mpro/mers_files/mers_37.pdb,30,30
fegrow_result/complexes_pdbs/rec_12_mol38.pdb,released_MERS-CoV_Mpro/mers_files/mers_38.pdb,40,40
fegrow_result/complexes_pdbs/rec_12_mol39.pdb,released_MERS-CoV_Mpro/mers_files/mers_39.pdb,35,35
fegrow_result/complexes_pdbs/rec_12_mol4.pdb,released_MERS-CoV_Mpro/mers_files/mers_4.pdb,23,23
fegrow_result/complexes_pdbs/rec_12_mol40.pdb,released_MERS-CoV_Mpro/mers_files/mers_40.pdb,35,35
fegrow_result/complexes_pdbs/rec_12_mol41.pdb,released_MERS-CoV_Mpro/mers_files/mers_41.pdb,38,38
fegrow_result/complexes_pdbs/rec_12_mol42.pdb,released_MERS-CoV_Mpro/mers_files/mers_42.pdb,38,38
fegrow_result/complexes_pdbs/rec_12_mol43.pdb,released_MERS-CoV_Mpro/mers_files/mers_43.pdb,36,36
fegrow_result/complexes_pdbs/rec_12_mol44.pdb,released_MERS-CoV_Mpro/mers_files/mers_44.pdb,34,34
fegrow_result/complexes_pdbs/rec_12_mol45.pdb,released_MERS-CoV_Mpro/mers_files/mers_45.pdb,35,35
fegrow_result/complexes_pdbs/rec_12_mol46.pdb,released_MERS-CoV_Mpro/mers_files/mers_46.pdb,38,38
fegrow_result/complexes_pdbs/rec_12_mol47.pdb,released_MERS-CoV_Mpro/mers_files/mers_47.pdb,33,33
fegrow_result/complexes_pdbs/rec_12_mol48.pdb,released_MERS-CoV_Mpro/mers_files/mers_48.pdb,21,21
fegrow_result/complexes_pdbs/rec_12_mol49.pdb,released_MERS-CoV_Mpro/mers_files/mers_49.pdb,26,26
fegrow_result/complexes_pdbs/rec_12_mol5.pdb,released_MERS-CoV_Mpro/mers_files/mers_5.pdb,31,31
fegrow_result/complexes_pdbs/rec_12_mol50.pdb,released_MERS-CoV_Mpro/mers_files/mers_50.pdb,22,22
fegrow_result/complexes_pdbs/rec_12_mol51.pdb,released_MERS-CoV_Mpro/mers_files/mers_51.pdb,42,42
fegrow_result/complexes_pdbs/rec_12_mol52.pdb,released_MERS-CoV_Mpro/mers_files/mers_52.pdb,40,40
fegrow_result/complexes_pdbs/rec_12_mol53.pdb,released_MERS-CoV_Mpro/mers_files/mers_53.pdb,44,44
fegrow_result/complexes_pdbs/rec_12_mol54.pdb,released_MERS-CoV_Mpro/mers_files/mers_54.pdb,40,40
fegrow_result/complexes_pdbs/rec_12_mol55.pdb,released_MERS-CoV_Mpro/mers_files/mers_55.pdb,34,34
fegrow_result/complexes_pdbs/rec_12_mol56.pdb,released_MERS-CoV_Mpro/mers_files/mers_56.pdb,24,24
fegrow_result/complexes_pdbs/rec_12_mol57.pdb,released_MERS-CoV_Mpro/mers_files/mers_57.pdb,40,40
fegrow_result/complexes_pdbs/rec_12_mol58.pdb,released_MERS-CoV_Mpro/mers_files/mers_58.pdb,35,35
fegrow_result/complexes_pdbs/rec_12_mol59.pdb,released_MERS-CoV_Mpro/mers_files/mers_59.pdb,36,36
fegrow_result/complexes_pdbs/rec_12_mol6.pdb,released_MERS-CoV_Mpro/mers_files/mers_6.pdb,36,36
fegrow_result/complexes_pdbs/rec_12_mol60.pdb,released_MERS-CoV_Mpro/mers_files/mers_60.pdb,22,22
fegrow_result/complexes_pdbs/rec_12_mol61.pdb,released_MERS-CoV_Mpro/mers_files/mers_61.pdb,41,41
fegrow_result/complexes_pdbs/rec_12_mol62.pdb,released_MERS-CoV_Mpro/mers_files/mers_62.pdb,38,38
fegrow_result/complexes_pdbs/rec_12_mol63.pdb,released_MERS-CoV_Mpro/mers_files/mers_63.pdb,34,34
fegrow_result/complexes_pdbs/rec_12_mol64.pdb,released_MERS-CoV_Mpro/mers_files/mers_64.pdb,36,36
fegrow_result/complexes_pdbs/rec_12_mol65.pdb,released_MERS-CoV_Mpro/mers_files/mers_65.pdb,34,34
fegrow_result/complexes_pdbs/rec_12_mol66.pdb,released_MERS-CoV_Mpro/mers_files/mers_66.pdb,25,25
fegrow_result/complexes_pdbs/rec_12_mol67.pdb,released_MERS-CoV_Mpro/mers_files/mers_67.pdb,39,38
fegrow_result/complexes_pdbs/rec_12_mol68.pdb,released_MERS-CoV_Mpro/mers_files/mers_68.pdb,35,35
fegrow_result/complexes_pdbs/rec_12_mol69.pdb,released_MERS-CoV_Mpro/mers_files/mers_69.pdb,37,37
fegrow_result/complexes_pdbs/rec_12_mol7.pdb,released_MERS-CoV_Mpro/mers_files/mers_7.pdb,19,19
fegrow_result/complexes_pdbs/rec_12_mol70.pdb,released_MERS-CoV_Mpro/mers_files/mers_70.pdb,35,35
fegrow_result/complexes_pdbs/rec_12_mol71.pdb,released_MERS-CoV_Mpro/mers_files/mers_71.pdb,35,35
fegrow_result/complexes_pdbs/rec_12_mol72.pdb,released_MERS-CoV_Mpro/mers_files/mers_72.pdb,36,36
fegrow_result/complexes_pdbs/rec_12_mol73.pdb,released_MERS-CoV_Mpro/mers_files/mers_73.pdb,32,32
fegrow_result/complexes_pdbs/rec_12_mol74.pdb,released_MERS-CoV_Mpro/mers_files/mers_74.pdb,34,34
fegrow_result/complexes_pdbs/rec_12_mol75.pdb,released_MERS-CoV_Mpro/mers_files/mers_75.pdb,41,41
fegrow_result/complexes_pdbs/rec_12_mol76.pdb,released_MERS-CoV_Mpro/mers_files/mers_76.pdb,33,33
fegrow_result/complexes_pdbs/rec_12_mol77.pdb,released_MERS-CoV_Mpro/mers_files/mers_77.pdb,33,33
fegrow_result/complexes_pdbs/rec_12_mol79.pdb,released_MERS-CoV_Mpro/mers_files/mers_79.pdb,20,20
fegrow_result/complexes_pdbs/rec_12_mol8.pdb,released_MERS-CoV_Mpro/mers_files/mers_8.pdb,38,38
fegrow_result/complexes_pdbs/rec_12_mol80.pdb,released_MERS-CoV_Mpro/mers_files/mers_80.pdb,35,35
fegrow_result/complexes_pdbs/rec_12_mol81.pdb,released_MERS-CoV_Mpro/mers_files/mers_81.pdb,35,35
fegrow_result/complexes_pdbs/rec_12_mol82.pdb,released_MERS-CoV_Mpro/mers_files/mers_82.pdb,34,34
fegrow_result/complexes_pdbs/rec_12_mol83.pdb,released_MERS-CoV_Mpro/mers_files/mers_83.pdb,38,38
fegrow_result/complexes_pdbs/rec_12_mol84.pdb,released_MERS-CoV_Mpro/mers_files/mers_84.pdb,35,35
fegrow_result/complexes_pdbs/rec_12_mol85.pdb,released_MERS-CoV_Mpro/mers_files/mers_85.pdb,34,34
fegrow_result/complexes_pdbs/rec_12_mol86.pdb,released_MERS-CoV_Mpro/mers_files/mers_86.pdb,40,40
fegrow_result/complexes_pdbs/rec_12_mol87.pdb,released_MERS-CoV_Mpro/mers_files/mers_87.pdb,38,38
fegrow_result/complexes_pdbs/rec_12_mol88.pdb,released_MERS-CoV_Mpro/mers_files/mers_88.pdb,36,36
fegrow_result/complexes_pdbs/rec_12_mol89.pdb,released_MERS-CoV_Mpro/mers_files/mers_89.pdb,20,20
fegrow_result/complexes_pdbs/rec_12_mol9.pdb,released_MERS-CoV_Mpro/mers_files/mers_9.pdb,35,35
fegrow_result/complexes_pdbs/rec_12_mol90.pdb,released_MERS-CoV_Mpro/mers_files/mers_90.pdb,34,34
fegrow_result/complexes_pdbs/rec_12_mol91.pdb,released_MERS-CoV_Mpro/mers_files/mers_91.pdb,34,34
fegrow_result/complexes_pdbs/rec_12_mol92.pdb,released_MERS-CoV_Mpro/mers_files/mers_92.pdb,27,27
fegrow_result/complexes_pdbs/rec_12_mol93.pdb,released_MERS-CoV_Mpro/mers_files/mers_93.pdb,32,32
fegrow_result/complexes_pdbs/rec_12_mol94.pdb,released_MERS-CoV_Mpro/mers_files/mers_94.pdb,36,36
fegrow_result/complexes_pdbs/rec_12_mol95.pdb,released_MERS-CoV_Mpro/mers_files/mers_95.pdb,39,39
fegrow_result/complexes_pdbs/rec_12_mol96.pdb,released_MERS-CoV_Mpro/mers_files/mers_96.pdb,22,22
fegrow_result/complexes_pdbs/rec_13_mol1.pdb,released_MERS-CoV_Mpro/mers_files/mers_1.pdb,30,30
fegrow_result/complexes_pdbs/rec_13_mol11.pdb,released_MERS-CoV_Mpro/mers_files/mers_11.pdb,28,28
fegrow_result/complexes_pdbs/rec_13_mol12.pdb,released_MERS-CoV_Mpro/mers_files/mers_12.pdb,24,24
fegrow_result/complexes_pdbs/rec_13_mol14.pdb,released_MERS-CoV_Mpro/mers_files/mers_14.pdb,37,37
fegrow_result/complexes_pdbs/rec_13_mol16.pdb,released_MERS-CoV_Mpro/mers_files/mers_16.pdb,25,25
fegrow_result/complexes_pdbs/rec_13_mol17.pdb,released_MERS-CoV_Mpro/mers_files/mers_17.pdb,35,35
fegrow_result/complexes_pdbs/rec_13_mol18.pdb,released_MERS-CoV_Mpro/mers_files/mers_18.pdb,24,24
fegrow_result/complexes_pdbs/rec_13_mol19.pdb,released_MERS-CoV_Mpro/mers_files/mers_19.pdb,39,39
fegrow_result/complexes_pdbs/rec_13_mol20.pdb,released_MERS-CoV_Mpro/mers_files/mers_20.pdb,37,37
fegrow_result/complexes_pdbs/rec_13_mol22.pdb,released_MERS-CoV_Mpro/mers_files/mers_22.pdb,24,24
fegrow_result/complexes_pdbs/rec_13_mol23.pdb,released_MERS-CoV_Mpro/mers_files/mers_23.pdb,37,37
fegrow_result/complexes_pdbs/rec_13_mol24.pdb,released_MERS-CoV_Mpro/mers_files/mers_24.pdb,39,38
fegrow_result/complexes_pdbs/rec_13_mol26.pdb,released_MERS-CoV_Mpro/mers_files/mers_26.pdb,27,27
fegrow_result/complexes_pdbs/rec_13_mol27.pdb,released_MERS-CoV_Mpro/mers_files/mers_27.pdb,25,25
fegrow_result/complexes_pdbs/rec_13_mol28.pdb,released_MERS-CoV_Mpro/mers_files/mers_28.pdb,39,39
fegrow_result/complexes_pdbs/rec_13_mol29.pdb,released_MERS-CoV_Mpro/mers_files/mers_29.pdb,39,39
fegrow_result/complexes_pdbs/rec_13_mol32.pdb,released_MERS-CoV_Mpro/mers_files/mers_32.pdb,38,38
fegrow_result/complexes_pdbs/rec_13_mol33.pdb,released_MERS-CoV_Mpro/mers_files/mers_33.pdb,25,25
fegrow_result/complexes_pdbs/rec_13_mol35.pdb,released_MERS-CoV_Mpro/mers_files/mers_35.pdb,31,31
fegrow_result/complexes_pdbs/rec_13_mol37.pdb,released_MERS-CoV_Mpro/mers_files/mers_37.pdb,30,30
fegrow_result/complexes_pdbs/rec_13_mol38.pdb,released_MERS-CoV_Mpro/mers_files/mers_38.pdb,40,40
fegrow_result/complexes_pdbs/rec_13_mol39.pdb,released_MERS-CoV_Mpro/mers_files/mers_39.pdb,35,35
fegrow_result/complexes_pdbs/rec_13_mol4.pdb,released_MERS-CoV_Mpro/mers_files/mers_4.pdb,23,23
fegrow_result/complexes_pdbs/rec_13_mol43.pdb,released_MERS-CoV_Mpro/mers_files/mers_43.pdb,36,36
fegrow_result/complexes_pdbs/rec_13_mol47.pdb,released_MERS-CoV_Mpro/mers_files/mers_47.pdb,33,33
fegrow_result/complexes_pdbs/rec_13_mol48.pdb,released_MERS-CoV_Mpro/mers_files/mers_48.pdb,21,21
fegrow_result/complexes_pdbs/rec_13_mol49.pdb,released_MERS-CoV_Mpro/mers_files/mers_49.pdb,26,26
fegrow_result/complexes_pdbs/rec_13_mol5.pdb,released_MERS-CoV_Mpro/mers_files/mers_5.pdb,31,31
fegrow_result/complexes_pdbs/rec_13_mol50.pdb,released_MERS-CoV_Mpro/mers_files/mers_50.pdb,22,22
fegrow_result/complexes_pdbs/rec_13_mol56.pdb,released_MERS-CoV_Mpro/mers_files/mers_56.pdb,24,24
fegrow_result/complexes_pdbs/rec_13_mol6.pdb,released_MERS-CoV_Mpro/mers_files/mers_6.pdb,36,36
fegrow_result/complexes_pdbs/rec_13_mol60.pdb,released_MERS-CoV_Mpro/mers_files/mers_60.pdb,22,22
fegrow_result/complexes_pdbs/rec_13_mol62.pdb,released_MERS-CoV_Mpro/mers_files/mers_62.pdb,38,38
fegrow_result/complexes_pdbs/rec_13_mol64.pdb,released_MERS-CoV_Mpro/mers_files/mers_64.pdb,36,36
fegrow_result/complexes_pdbs/rec_13_mol65.pdb,released_MERS-CoV_Mpro/mers_files/mers_65.pdb,34,34
fegrow_result/complexes_pdbs/rec_13_mol66.pdb,released_MERS-CoV_Mpro/mers_files/mers_66.pdb,25,25
fegrow_result/complexes_pdbs/rec_13_mol68.pdb,released_MERS-CoV_Mpro/mers_files/mers_68.pdb,35,35
fegrow_result/complexes_pdbs/rec_13_mol69.pdb,released_MERS-CoV_Mpro/mers_files/mers_69.pdb,37,37
fegrow_result/complexes_pdbs/rec_13_mol7.pdb,released_MERS-CoV_Mpro/mers_files/mers_7.pdb,19,19
fegrow_result/complexes_pdbs/rec_13_mol71.pdb,released_MERS-CoV_Mpro/mers_files/mers_71.pdb,37,35
fegrow_result/complexes_pdbs/rec_13_mol72.pdb,released_MERS-CoV_Mpro/mers_files/mers_72.pdb,36,36
fegrow_result/complexes_pdbs/rec_13_mol73.pdb,released_MERS-CoV_Mpro/mers_files/mers_73.pdb,32,32
fegrow_result/complexes_pdbs/rec_13_mol74.pdb,released_MERS-CoV_Mpro/mers_files/mers_74.pdb,34,34
fegrow_result/complexes_pdbs/rec_13_mol76.pdb,released_MERS-CoV_Mpro/mers_files/mers_76.pdb,33,33
fegrow_result/complexes_pdbs/rec_13_mol77.pdb,released_MERS-CoV_Mpro/mers_files/mers_77.pdb,33,33
fegrow_result/complexes_pdbs/rec_13_mol79.pdb,released_MERS-CoV_Mpro/mers_files/mers_79.pdb,20,20
fegrow_result/complexes_pdbs/rec_13_mol8.pdb,released_MERS-CoV_Mpro/mers_files/mers_8.pdb,38,38
fegrow_result/complexes_pdbs/rec_13_mol80.pdb,released_MERS-CoV_Mpro/mers_files/mers_80.pdb,35,35
fegrow_result/complexes_pdbs/rec_13_mol81.pdb,released_MERS-CoV_Mpro/mers_files/mers_81.pdb,35,35
fegrow_result/complexes_pdbs/rec_13_mol84.pdb,released_MERS-CoV_Mpro/mers_files/mers_84.pdb,35,35
fegrow_result/complexes_pdbs/rec_13_mol85.pdb,released_MERS-CoV_Mpro/mers_files/mers_85.pdb,34,34
fegrow_result/complexes_pdbs/rec_13_mol88.pdb,released_MERS-CoV_Mpro/mers_files/mers_88.pdb,36,36
fegrow_result/complexes_pdbs/rec_13_mol89.pdb,released_MERS-CoV_Mpro/mers_files/mers_89.pdb,20,20
fegrow_result/complexes_pdbs/rec_13_mol90.pdb,released_MERS-CoV_Mpro/mers_files/mers_90.pdb,34,34
fegrow_result/complexes_pdbs/rec_13_mol92.pdb,released_MERS-CoV_Mpro/mers_files/mers_92.pdb,27,27
fegrow_result/complexes_pdbs/rec_13_mol93.pdb,released_MERS-CoV_Mpro/mers_files/mers_93.pdb,32,32
fegrow_result/complexes_pdbs/rec_13_mol94.pdb,released_MERS-CoV_Mpro/mers_files/mers_94.pdb,36,36
fegrow_result/complexes_pdbs/rec_13_mol96.pdb,released_MERS-CoV_Mpro/mers_files/mers_96.pdb,22,22
fegrow_result/complexes_pdbs/rec_14_mol0.pdb,released_MERS-CoV_Mpro/mers_files/mers_0.pdb,41,41
fegrow_result/complexes_pdbs/rec_14_mol1.pdb,released_MERS-CoV_Mpro/mers_files/mers_1.pdb,30,30
fegrow_result/complexes_pdbs/rec_14_mol10.pdb,released_MERS-CoV_Mpro/mers_files/mers_10.pdb,38,38
fegrow_result/complexes_pdbs/rec_14_mol11.pdb,released_MERS-CoV_Mpro/mers_files/mers_11.pdb,28,28
fegrow_result/complexes_pdbs/rec_14_mol12.pdb,released_MERS-CoV_Mpro/mers_files/mers_12.pdb,24,24
fegrow_result/complexes_pdbs/rec_14_mol13.pdb,released_MERS-CoV_Mpro/mers_files/mers_13.pdb,38,38
fegrow_result/complexes_pdbs/rec_14_mol14.pdb,released_MERS-CoV_Mpro/mers_files/mers_14.pdb,37,37
fegrow_result/complexes_pdbs/rec_14_mol15.pdb,released_MERS-CoV_Mpro/mers_files/mers_15.pdb,38,38
fegrow_result/complexes_pdbs/rec_14_mol16.pdb,released_MERS-CoV_Mpro/mers_files/mers_16.pdb,25,25
fegrow_result/complexes_pdbs/rec_14_mol17.pdb,released_MERS-CoV_Mpro/mers_files/mers_17.pdb,35,35
fegrow_result/complexes_pdbs/rec_14_mol18.pdb,released_MERS-CoV_Mpro/mers_files/mers_18.pdb,24,24
fegrow_result/complexes_pdbs/rec_14_mol19.pdb,released_MERS-CoV_Mpro/mers_files/mers_19.pdb,39,39
fegrow_result/complexes_pdbs/rec_14_mol2.pdb,released_MERS-CoV_Mpro/mers_files/mers_2.pdb,33,33
fegrow_result/complexes_pdbs/rec_14_mol20.pdb,released_MERS-CoV_Mpro/mers_files/mers_20.pdb,37,37
fegrow_result/complexes_pdbs/rec_14_mol21.pdb,released_MERS-CoV_Mpro/mers_files/mers_21.pdb,35,35
fegrow_result/complexes_pdbs/rec_14_mol22.pdb,released_MERS-CoV_Mpro/mers_files/mers_22.pdb,24,24
fegrow_result/complexes_pdbs/rec_14_mol23.pdb,released_MERS-CoV_Mpro/mers_files/mers_23.pdb,37,37
fegrow_result/complexes_pdbs/rec_14_mol24.pdb,released_MERS-CoV_Mpro/mers_files/mers_24.pdb,38,38
fegrow_result/complexes_pdbs/rec_14_mol25.pdb,released_MERS-CoV_Mpro/mers_files/mers_25.pdb,40,40
fegrow_result/complexes_pdbs/rec_14_mol26.pdb,released_MERS-CoV_Mpro/mers_files/mers_26.pdb,27,27
fegrow_result/complexes_pdbs/rec_14_mol27.pdb,released_MERS-CoV_Mpro/mers_files/mers_27.pdb,25,25
fegrow_result/complexes_pdbs/rec_14_mol28.pdb,released_MERS-CoV_Mpro/mers_files/mers_28.pdb,39,39
fegrow_result/complexes_pdbs/rec_14_mol29.pdb,released_MERS-CoV_Mpro/mers_files/mers_29.pdb,39,39
fegrow_result/complexes_pdbs/rec_14_mol3.pdb,released_MERS-CoV_Mpro/mers_files/mers_3.pdb,42,42
fegrow_result/complexes_pdbs/rec_14_mol30.pdb,released_MERS-CoV_Mpro/mers_files/mers_30.pdb,39,39
fegrow_result/complexes_pdbs/rec_14_mol31.pdb,released_MERS-CoV_Mpro/mers_files/mers_31.pdb,41,41
fegrow_result/complexes_pdbs/rec_14_mol32.pdb,released_MERS-CoV_Mpro/mers_files/mers_32.pdb,38,38
fegrow_result/complexes_pdbs/rec_14_mol33.pdb,released_MERS-CoV_Mpro/mers_files/mers_33.pdb,25,25
fegrow_result/complexes_pdbs/rec_14_mol34.pdb,released_MERS-CoV_Mpro/mers_files/mers_34.pdb,35,35
fegrow_result/complexes_pdbs/rec_14_mol35.pdb,released_MERS-CoV_Mpro/mers_files/mers_35.pdb,31,31
fegrow_result/complexes_pdbs/rec_14_mol36.pdb,released_MERS-CoV_Mpro/mers_files/mers_36.pdb,35,35
fegrow_result/complexes_pdbs/rec_14_mol37.pdb,released_MERS-CoV_Mpro/mers_files/mers_37.pdb,30,30
fegrow_result/complexes_pdbs/rec_14_mol38.pdb,released_MERS-CoV_Mpro/mers_files/mers_38.pdb,40,40
fegrow_result/complexes_pdbs/rec_14_mol39.pdb,released_MERS-CoV_Mpro/mers_files/mers_39.pdb,35,35
fegrow_result/complexes_pdbs/rec_14_mol4.pdb,released_MERS-CoV_Mpro/mers_files/mers_4.pdb,23,23
fegrow_result/complexes_pdbs/rec_14_mol40.pdb,released_MERS-CoV_Mpro/mers_files/mers_40.pdb,35,35
fegrow_result/complexes_pdbs/rec_14_mol41.pdb,released_MERS-CoV_Mpro/mers_files/mers_41.pdb,38,38
fegrow_result/complexes_pdbs/rec_14_mol42.pdb,released_MERS-CoV_Mpro/mers_files/mers_42.pdb,38,38
fegrow_result/complexes_pdbs/rec_14_mol43.pdb,released_MERS-CoV_Mpro/mers_files/mers_43.pdb,36,36
fegrow_result/complexes_pdbs/rec_14_mol44.pdb,released_MERS-CoV_Mpro/mers_files/mers_44.pdb,34,34
fegrow_result/complexes_pdbs/rec_14_mol45.pdb,released_MERS-CoV_Mpro/mers_files/mers_45.pdb,35,35
fegrow_result/complexes_pdbs/rec_14_mol46.pdb,released_MERS-CoV_Mpro/mers_files/mers_46.pdb,38,38
fegrow_result/complexes_pdbs/rec_14_mol47.pdb,released_MERS-CoV_Mpro/mers_files/mers_47.pdb,33,33
fegrow_result/complexes_pdbs/rec_14_mol48.pdb,released_MERS-CoV_Mpro/mers_files/mers_48.pdb,21,21
fegrow_result/complexes_pdbs/rec_14_mol49.pdb,released_MERS-CoV_Mpro/mers_files/mers_49.pdb,26,26
fegrow_result/complexes_pdbs/rec_14_mol5.pdb,released_MERS-CoV_Mpro/mers_files/mers_5.pdb,31,31
fegrow_result/complexes_pdbs/rec_14_mol50.pdb,released_MERS-CoV_Mpro/mers_files/mers_50.pdb,22,22
fegrow_result/complexes_pdbs/rec_14_mol51.pdb,released_MERS-CoV_Mpro/mers_files/mers_51.pdb,42,42
fegrow_result/complexes_pdbs/rec_14_mol52.pdb,released_MERS-CoV_Mpro/mers_files/mers_52.pdb,40,40
fegrow_result/complexes_pdbs/rec_14_mol53.pdb,released_MERS-CoV_Mpro/mers_files/mers_53.pdb,44,44
fegrow_result/complexes_pdbs/rec_14_mol54.pdb,released_MERS-CoV_Mpro/mers_files/mers_54.pdb,40,40
fegrow_result/complexes_pdbs/rec_14_mol55.pdb,released_MERS-CoV_Mpro/mers_files/mers_55.pdb,34,34
fegrow_result/complexes_pdbs/rec_14_mol56.pdb,released_MERS-CoV_Mpro/mers_files/mers_56.pdb,24,24
fegrow_result/complexes_pdbs/rec_14_mol57.pdb,released_MERS-CoV_Mpro/mers_files/mers_57.pdb,40,40
fegrow_result/complexes_pdbs/rec_14_mol58.pdb,released_MERS-CoV_Mpro/mers_files/mers_58.pdb,35,35
fegrow_result/complexes_pdbs/rec_14_mol59.pdb,released_MERS-CoV_Mpro/mers_files/mers_59.pdb,36,36
fegrow_result/complexes_pdbs/rec_14_mol6.pdb,released_MERS-CoV_Mpro/mers_files/mers_6.pdb,36,36
fegrow_result/complexes_pdbs/rec_14_mol60.pdb,released_MERS-CoV_Mpro/mers_files/mers_60.pdb,22,22
fegrow_result/complexes_pdbs/rec_14_mol61.pdb,released_MERS-CoV_Mpro/mers_files/mers_61.pdb,41,41
fegrow_result/complexes_pdbs/rec_14_mol62.pdb,released_MERS-CoV_Mpro/mers_files/mers_62.pdb,38,38
fegrow_result/complexes_pdbs/rec_14_mol63.pdb,released_MERS-CoV_Mpro/mers_files/mers_63.pdb,34,34
fegrow_result/complexes_pdbs/rec_14_mol64.pdb,released_MERS-CoV_Mpro/mers_files/mers_64.pdb,36,36
fegrow_result/complexes_pdbs/rec_14_mol65.pdb,released_MERS-CoV_Mpro/mers_files/mers_65.pdb,34,34
fegrow_result/complexes_pdbs/rec_14_mol66.pdb,released_MERS-CoV_Mpro/mers_files/mers_66.pdb,25,25
fegrow_result/complexes_pdbs/rec_14_mol67.pdb,released_MERS-CoV_Mpro/mers_files/mers_67.pdb,38,38
fegrow_result/complexes_pdbs/rec_14_mol68.pdb,released_MERS-CoV_Mpro/mers_files/mers_68.pdb,35,35
fegrow_result/complexes_pdbs/rec_14_mol69.pdb,released_MERS-CoV_Mpro/mers_files/mers_69.pdb,37,37
fegrow_result/complexes_pdbs/rec_14_mol7.pdb,released_MERS-CoV_Mpro/mers_files/mers_7.pdb,19,19
fegrow_result/complexes_pdbs/rec_14_mol70.pdb,released_MERS-CoV_Mpro/mers_files/mers_70.pdb,35,35
fegrow_result/complexes_pdbs/rec_14_mol71.pdb,released_MERS-CoV_Mpro/mers_files/mers_71.pdb,35,35
fegrow_result/complexes_pdbs/rec_14_mol72.pdb,released_MERS-CoV_Mpro/mers_files/mers_72.pdb,36,36
fegrow_result/complexes_pdbs/rec_14_mol73.pdb,released_MERS-CoV_Mpro/mers_files/mers_73.pdb,32,32
fegrow_result/complexes_pdbs/rec_14_mol74.pdb,released_MERS-CoV_Mpro/mers_files/mers_74.pdb,34,34
fegrow_result/complexes_pdbs/rec_14_mol75.pdb,released_MERS-CoV_Mpro/mers_files/mers_75.pdb,41,41
fegrow_result/complexes_pdbs/rec_14_mol76.pdb,released_MERS-CoV_Mpro/mers_files/mers_76.pdb,33,33
fegrow_result/complexes_pdbs/rec_14_mol77.pdb,released_MERS-CoV_Mpro/mers_files/mers_77.pdb,33,33
fegrow_result/complexes_pdbs/rec_14_mol79.pdb,released_MERS-CoV_Mpro/mers_files/mers_79.pdb,20,20
fegrow_result/complexes_pdbs/rec_14_mol8.pdb,released_MERS-CoV_Mpro/mers_files/mers_8.pdb,38,38
fegrow_result/complexes_pdbs/rec_14_mol80.pdb,released_MERS-CoV_Mpro/mers_files/mers_80.pdb,35,35
fegrow_result/complexes_pdbs/rec_14_mol81.pdb,released_MERS-CoV_Mpro/mers_files/mers_81.pdb,35,35
fegrow_result/complexes_pdbs/rec_14_mol83.pdb,released_MERS-CoV_Mpro/mers_files/mers_83.pdb,38,38
fegrow_result/complexes_pdbs/rec_14_mol84.pdb,released_MERS-CoV_Mpro/mers_files/mers_84.pdb,35,35
fegrow_result/complexes_pdbs/rec_14_mol85.pdb,released_MERS-CoV_Mpro/mers_files/mers_85.pdb,34,34
fegrow_result/complexes_pdbs/rec_14_mol86.pdb,released_MERS-CoV_Mpro/mers_files/mers_86.pdb,40,40
fegrow_result/complexes_pdbs/rec_14_mol87.pdb,released_MERS-CoV_Mpro/mers_files/mers_87.pdb,38,38
fegrow_result/complexes_pdbs/rec_14_mol88.pdb,released_MERS-CoV_Mpro/mers_files/mers_88.pdb,36,36
fegrow_result/complexes_pdbs/rec_14_mol89.pdb,released_MERS-CoV_Mpro/mers_files/mers_89.pdb,20,20
fegrow_result/complexes_pdbs/rec_14_mol9.pdb,released_MERS-CoV_Mpro/mers_files/mers_9.pdb,35,35
fegrow_result/complexes_pdbs/rec_14_mol90.pdb,released_MERS-CoV_Mpro/mers_files/mers_90.pdb,34,34
fegrow_result/complexes_pdbs/rec_14_mol91.pdb,released_MERS-CoV_Mpro/mers_files/mers_91.pdb,34,34
fegrow_result/complexes_pdbs/rec_14_mol92.pdb,released_MERS-CoV_Mpro/mers_files/mers_92.pdb,27,27
fegrow_result/complexes_pdbs/rec_14_mol93.pdb,released_MERS-CoV_Mpro/mers_files/mers_93.pdb,32,32
fegrow_result/complexes_pdbs/rec_14_mol94.pdb,released_MERS-CoV_Mpro/mers_files/mers_94.pdb,36,36
fegrow_result/complexes_pdbs/rec_14_mol95.pdb,released_MERS-CoV_Mpro/mers_files/mers_95.pdb,39,39
fegrow_result/complexes_pdbs/rec_14_mol96.pdb,released_MERS-CoV_Mpro/mers_files/mers_96.pdb,22,22
fegrow_result/complexes_pdbs/rec_15_mol0.pdb,released_MERS-CoV_Mpro/mers_files/mers_0.pdb,41,41
fegrow_result/complexes_pdbs/rec_15_mol1.pdb,released_MERS-CoV_Mpro/mers_files/mers_1.pdb,30,30
fegrow_result/complexes_pdbs/rec_15_mol10.pdb,released_MERS-CoV_Mpro/mers_files/mers_10.pdb,38,38
fegrow_result/complexes_pdbs/rec_15_mol11.pdb,released_MERS-CoV_Mpro/mers_files/mers_11.pdb,28,28
fegrow_result/complexes_pdbs/rec_15_mol12.pdb,released_MERS-CoV_Mpro/mers_files/mers_12.pdb,24,24
fegrow_result/complexes_pdbs/rec_15_mol13.pdb,released_MERS-CoV_Mpro/mers_files/mers_13.pdb,38,38
fegrow_result/complexes_pdbs/rec_15_mol14.pdb,released_MERS-CoV_Mpro/mers_files/mers_14.pdb,37,37
fegrow_result/complexes_pdbs/rec_15_mol15.pdb,released_MERS-CoV_Mpro/mers_files/mers_15.pdb,38,38
fegrow_result/complexes_pdbs/rec_15_mol16.pdb,released_MERS-CoV_Mpro/mers_files/mers_16.pdb,25,25
fegrow_result/complexes_pdbs/rec_15_mol17.pdb,released_MERS-CoV_Mpro/mers_files/mers_17.pdb,35,35
fegrow_result/complexes_pdbs/rec_15_mol18.pdb,released_MERS-CoV_Mpro/mers_files/mers_18.pdb,24,24
fegrow_result/complexes_pdbs/rec_15_mol19.pdb,released_MERS-CoV_Mpro/mers_files/mers_19.pdb,39,39
fegrow_result/complexes_pdbs/rec_15_mol2.pdb,released_MERS-CoV_Mpro/mers_files/mers_2.pdb,33,33
fegrow_result/complexes_pdbs/rec_15_mol20.pdb,released_MERS-CoV_Mpro/mers_files/mers_20.pdb,37,37
fegrow_result/complexes_pdbs/rec_15_mol21.pdb,released_MERS-CoV_Mpro/mers_files/mers_21.pdb,35,35
fegrow_result/complexes_pdbs/rec_15_mol22.pdb,released_MERS-CoV_Mpro/mers_files/mers_22.pdb,24,24
fegrow_result/complexes_pdbs/rec_15_mol23.pdb,released_MERS-CoV_Mpro/mers_files/mers_23.pdb,37,37
fegrow_result/complexes_pdbs/rec_15_mol24.pdb,released_MERS-CoV_Mpro/mers_files/mers_24.pdb,38,38
fegrow_result/complexes_pdbs/rec_15_mol25.pdb,released_MERS-CoV_Mpro/mers_files/mers_25.pdb,40,40
fegrow_result/complexes_pdbs/rec_15_mol26.pdb,released_MERS-CoV_Mpro/mers_files/mers_26.pdb,27,27
fegrow_result/complexes_pdbs/rec_15_mol27.pdb,released_MERS-CoV_Mpro/mers_files/mers_27.pdb,25,25
fegrow_result/complexes_pdbs/rec_15_mol28.pdb,released_MERS-CoV_Mpro/mers_files/mers_28.pdb,39,39
fegrow_result/complexes_pdbs/rec_15_mol29.pdb,released_MERS-CoV_Mpro/mers_files/mers_29.pdb,39,39
fegrow_result/complexes_pdbs/rec_15_mol3.pdb,released_MERS-CoV_Mpro/mers_files/mers_3.pdb,42,42
fegrow_result/complexes_pdbs/rec_15_mol30.pdb,released_MERS-CoV_Mpro/mers_files/mers_30.pdb,39,39
fegrow_result/complexes_pdbs/rec_15_mol31.pdb,released_MERS-CoV_Mpro/mers_files/mers_31.pdb,41,41
fegrow_result/complexes_pdbs/rec_15_mol32.pdb,released_MERS-CoV_Mpro/mers_files/mers_32.pdb,38,38
fegrow_result/complexes_pdbs/rec_15_mol33.pdb,released_MERS-CoV_Mpro/mers_files/mers_33.pdb,25,25
fegrow_result/complexes_pdbs/rec_15_mol34.pdb,released_MERS-CoV_Mpro/mers_files/mers_34.pdb,35,35
fegrow_result/complexes_pdbs/rec_15_mol35.pdb,released_MERS-CoV_Mpro/mers_files/mers_35.pdb,31,31
fegrow_result/complexes_pdbs/rec_15_mol36.pdb,released_MERS-CoV_Mpro/mers_files/mers_36.pdb,35,35
fegrow_result/complexes_pdbs/rec_15_mol37.pdb,released_MERS-CoV_Mpro/mers_files/mers_37.pdb,30,30
fegrow_result/complexes_pdbs/rec_15_mol38.pdb,released_MERS-CoV_Mpro/mers_files/mers_38.pdb,40,40
fegrow_result/complexes_pdbs/rec_15_mol39.pdb,released_MERS-CoV_Mpro/mers_files/mers_39.pdb,35,35
fegrow_result/complexes_pdbs/rec_15_mol4.pdb,released_MERS-CoV_Mpro/mers_files/mers_4.pdb,23,23
fegrow_result/complexes_pdbs/rec_15_mol40.pdb,released_MERS-CoV_Mpro/mers_files/mers_40.pdb,35,35
fegrow_result/complexes_pdbs/rec_15_mol41.pdb,released_MERS-CoV_Mpro/mers_files/mers_41.pdb,38,38
fegrow_result/complexes_pdbs/rec_15_mol42.pdb,released_MERS-CoV_Mpro/mers_files/mers_42.pdb,38,38
fegrow_result/complexes_pdbs/rec_15_mol43.pdb,released_MERS-CoV_Mpro/mers_files/mers_43.pdb,36,36
fegrow_result/complexes_pdbs/rec_15_mol44.pdb,released_MERS-CoV_Mpro/mers_files/mers_44.pdb,34,34
fegrow_result/complexes_pdbs/rec_15_mol45.pdb,released_MERS-CoV_Mpro/mers_files/mers_45.pdb,35,35
fegrow_result/complexes_pdbs/rec_15_mol46.pdb,released_MERS-CoV_Mpro/mers_files/mers_46.pdb,38,38
fegrow_result/complexes_pdbs/rec_15_mol47.pdb,released_MERS-CoV_Mpro/mers_files/mers_47.pdb,33,33
fegrow_result/complexes_pdbs/rec_15_mol48.pdb,released_MERS-CoV_Mpro/mers_files/mers_48.pdb,21,21
fegrow_result/complexes_pdbs/rec_15_mol49.pdb,released_MERS-CoV_Mpro/mers_files/mers_49.pdb,26,26
fegrow_result/complexes_pdbs/rec_15_mol5.pdb,released_MERS-CoV_Mpro/mers_files/mers_5.pdb,31,31
fegrow_result/complexes_pdbs/rec_15_mol50.pdb,released_MERS-CoV_Mpro/mers_files/mers_50.pdb,22,22
fegrow_result/complexes_pdbs/rec_15_mol51.pdb,released_MERS-CoV_Mpro/mers_files/mers_51.pdb,42,42
fegrow_result/complexes_pdbs/rec_15_mol52.pdb,released_MERS-CoV_Mpro/mers_files/mers_52.pdb,40,40
fegrow_result/complexes_pdbs/rec_15_mol53.pdb,released_MERS-CoV_Mpro/mers_files/mers_53.pdb,44,44
fegrow_result/complexes_pdbs/rec_15_mol54.pdb,released_MERS-CoV_Mpro/mers_files/mers_54.pdb,40,40
fegrow_result/complexes_pdbs/rec_15_mol55.pdb,released_MERS-CoV_Mpro/mers_files/mers_55.pdb,34,34
fegrow_result/complexes_pdbs/rec_15_mol56.pdb,released_MERS-CoV_Mpro/mers_files/mers_56.pdb,24,24
fegrow_result/complexes_pdbs/rec_15_mol57.pdb,released_MERS-CoV_Mpro/mers_files/mers_57.pdb,40,40
fegrow_result/complexes_pdbs/rec_15_mol58.pdb,released_MERS-CoV_Mpro/mers_files/mers_58.pdb,35,35
fegrow_result/complexes_pdbs/rec_15_mol59.pdb,released_MERS-CoV_Mpro/mers_files/mers_59.pdb,36,36
fegrow_result/complexes_pdbs/rec_15_mol6.pdb,released_MERS-CoV_Mpro/mers_files/mers_6.pdb,36,36
fegrow_result/complexes_pdbs/rec_15_mol60.pdb,released_MERS-CoV_Mpro/mers_files/mers_60.pdb,22,22
fegrow_result/complexes_pdbs/rec_15_mol61.pdb,released_MERS-CoV_Mpro/mers_files/mers_61.pdb,41,41
fegrow_result/complexes_pdbs/rec_15_mol62.pdb,released_MERS-CoV_Mpro/mers_files/mers_62.pdb,38,38
fegrow_result/complexes_pdbs/rec_15_mol63.pdb,released_MERS-CoV_Mpro/mers_files/mers_63.pdb,34,34
fegrow_result/complexes_pdbs/rec_15_mol64.pdb,released_MERS-CoV_Mpro/mers_files/mers_64.pdb,36,36
fegrow_result/complexes_pdbs/rec_15_mol66.pdb,released_MERS-CoV_Mpro/mers_files/mers_66.pdb,25,25
fegrow_result/complexes_pdbs/rec_15_mol67.pdb,released_MERS-CoV_Mpro/mers_files/mers_67.pdb,38,38
fegrow_result/complexes_pdbs/rec_15_mol68.pdb,released_MERS-CoV_Mpro/mers_files/mers_68.pdb,35,35
fegrow_result/complexes_pdbs/rec_15_mol69.pdb,released_MERS-CoV_Mpro/mers_files/mers_69.pdb,37,37
fegrow_result/complexes_pdbs/rec_15_mol7.pdb,released_MERS-CoV_Mpro/mers_files/mers_7.pdb,19,19
fegrow_result/complexes_pdbs/rec_15_mol70.pdb,released_MERS-CoV_Mpro/mers_files/mers_70.pdb,35,35
fegrow_result/complexes_pdbs/rec_15_mol71.pdb,released_MERS-CoV_Mpro/mers_files/mers_71.pdb,35,35
fegrow_result/complexes_pdbs/rec_15_mol72.pdb,released_MERS-CoV_Mpro/mers_files/mers_72.pdb,36,36
fegrow_result/complexes_pdbs/rec_15_mol73.pdb,released_MERS-CoV_Mpro/mers_files/mers_73.pdb,32,32
fegrow_result/complexes_pdbs/rec_15_mol74.pdb,released_MERS-CoV_Mpro/mers_files/mers_74.pdb,34,34
fegrow_result/complexes_pdbs/rec_15_mol75.pdb,released_MERS-CoV_Mpro/mers_files/mers_75.pdb,41,41
fegrow_result/complexes_pdbs/rec_15_mol76.pdb,released_MERS-CoV_Mpro/mers_files/mers_76.pdb,33,33
fegrow_result/complexes_pdbs/rec_15_mol77.pdb,released_MERS-CoV_Mpro/mers_files/mers_77.pdb,33,33
fegrow_result/complexes_pdbs/rec_15_mol79.pdb,released_MERS-CoV_Mpro/mers_files/mers_79.pdb,20,20
fegrow_result/complexes_pdbs/rec_15_mol8.pdb,released_MERS-CoV_Mpro/mers_files/mers_8.pdb,38,38
fegrow_result/complexes_pdbs/rec_15_mol80.pdb,released_MERS-CoV_Mpro/mers_files/mers_80.pdb,35,35
fegrow_result/complexes_pdbs/rec_15_mol81.pdb,released_MERS-CoV_Mpro/mers_files/mers_81.pdb,35,35
fegrow_result/complexes_pdbs/rec_15_mol82.pdb,released_MERS-CoV_Mpro/mers_files/mers_82.pdb,34,34
fegrow_result/complexes_pdbs/rec_15_mol83.pdb,released_MERS-CoV_Mpro/mers_files/mers_83.pdb,38,38
fegrow_result/complexes_pdbs/rec_15_mol84.pdb,released_MERS-CoV_Mpro/mers_files/mers_84.pdb,35,35
fegrow_result/complexes_pdbs/rec_15_mol85.pdb,released_MERS-CoV_Mpro/mers_files/mers_85.pdb,34,34
fegrow_result/complexes_pdbs/rec_15_mol86.pdb,released_MERS-CoV_Mpro/mers_files/mers_86.pdb,40,40
fegrow_result/complexes_pdbs/rec_15_mol87.pdb,released_MERS-CoV_Mpro/mers_files/mers_87.pdb,38,38
fegrow_result/complexes_pdbs/rec_15_mol88.pdb,released_MERS-CoV_Mpro/mers_files/mers_88.pdb,36,36
fegrow_result/complexes_pdbs/rec_15_mol89.pdb,released_MERS-CoV_Mpro/mers_files/mers_89.pdb,20,20
fegrow_result/complexes_pdbs/rec_15_mol9.pdb,released_MERS-CoV_Mpro/mers_files/mers_9.pdb,35,35
fegrow_result/complexes_pdbs/rec_15_mol90.pdb,released_MERS-CoV_Mpro/mers_files/mers_90.pdb,34,34
fegrow_result/complexes_pdbs/rec_15_mol91.pdb,released_MERS-CoV_Mpro/mers_files/mers_91.pdb,34,34
fegrow_result/complexes_pdbs/rec_15_mol92.pdb,released_MERS-CoV_Mpro/mers_files/mers_92.pdb,27,27
fegrow_result/complexes_pdbs/rec_15_mol93.pdb,released_MERS-CoV_Mpro/mers_files/mers_93.pdb,32,32
fegrow_result/complexes_pdbs/rec_15_mol94.pdb,released_MERS-CoV_Mpro/mers_files/mers_94.pdb,36,36
fegrow_result/complexes_pdbs/rec_15_mol95.pdb,released_MERS-CoV_Mpro/mers_files/mers_95.pdb,39,39
fegrow_result/complexes_pdbs/rec_15_mol96.pdb,released_MERS-CoV_Mpro/mers_files/mers_96.pdb,22,22
fegrow_result/complexes_pdbs/rec_16_mol0.pdb,released_MERS-CoV_Mpro/mers_files/mers_0.pdb,41,41
fegrow_result/complexes_pdbs/rec_16_mol1.pdb,released_MERS-CoV_Mpro/mers_files/mers_1.pdb,30,30
fegrow_result/complexes_pdbs/rec_16_mol10.pdb,released_MERS-CoV_Mpro/mers_files/mers_10.pdb,38,38
fegrow_result/complexes_pdbs/rec_16_mol11.pdb,released_MERS-CoV_Mpro/mers_files/mers_11.pdb,28,28
fegrow_result/complexes_pdbs/rec_16_mol12.pdb,released_MERS-CoV_Mpro/mers_files/mers_12.pdb,24,24
fegrow_result/complexes_pdbs/rec_16_mol13.pdb,released_MERS-CoV_Mpro/mers_files/mers_13.pdb,38,38
fegrow_result/complexes_pdbs/rec_16_mol14.pdb,released_MERS-CoV_Mpro/mers_files/mers_14.pdb,37,37
fegrow_result/complexes_pdbs/rec_16_mol15.pdb,released_MERS-CoV_Mpro/mers_files/mers_15.pdb,38,38
fegrow_result/complexes_pdbs/rec_16_mol16.pdb,released_MERS-CoV_Mpro/mers_files/mers_16.pdb,25,25
fegrow_result/complexes_pdbs/rec_16_mol17.pdb,released_MERS-CoV_Mpro/mers_files/mers_17.pdb,35,35
fegrow_result/complexes_pdbs/rec_16_mol18.pdb,released_MERS-CoV_Mpro/mers_files/mers_18.pdb,24,24
fegrow_result/complexes_pdbs/rec_16_mol2.pdb,released_MERS-CoV_Mpro/mers_files/mers_2.pdb,33,33
fegrow_result/complexes_pdbs/rec_16_mol20.pdb,released_MERS-CoV_Mpro/mers_files/mers_20.pdb,37,37
fegrow_result/complexes_pdbs/rec_16_mol21.pdb,released_MERS-CoV_Mpro/mers_files/mers_21.pdb,35,35
fegrow_result/complexes_pdbs/rec_16_mol22.pdb,released_MERS-CoV_Mpro/mers_files/mers_22.pdb,24,24
fegrow_result/complexes_pdbs/rec_16_mol23.pdb,released_MERS-CoV_Mpro/mers_files/mers_23.pdb,37,37
fegrow_result/complexes_pdbs/rec_16_mol24.pdb,released_MERS-CoV_Mpro/mers_files/mers_24.pdb,38,38
fegrow_result/complexes_pdbs/rec_16_mol25.pdb,released_MERS-CoV_Mpro/mers_files/mers_25.pdb,40,40
fegrow_result/complexes_pdbs/rec_16_mol26.pdb,released_MERS-CoV_Mpro/mers_files/mers_26.pdb,27,27
fegrow_result/complexes_pdbs/rec_16_mol27.pdb,released_MERS-CoV_Mpro/mers_files/mers_27.pdb,25,25
fegrow_result/complexes_pdbs/rec_16_mol28.pdb,released_MERS-CoV_Mpro/mers_files/mers_28.pdb,39,39
fegrow_result/complexes_pdbs/rec_16_mol29.pdb,released_MERS-CoV_Mpro/mers_files/mers_29.pdb,39,39
fegrow_result/complexes_pdbs/rec_16_mol3.pdb,released_MERS-CoV_Mpro/mers_files/mers_3.pdb,42,42
fegrow_result/complexes_pdbs/rec_16_mol30.pdb,released_MERS-CoV_Mpro/mers_files/mers_30.pdb,39,39
fegrow_result/complexes_pdbs/rec_16_mol31.pdb,released_MERS-CoV_Mpro/mers_files/mers_31.pdb,41,41
fegrow_result/complexes_pdbs/rec_16_mol32.pdb,released_MERS-CoV_Mpro/mers_files/mers_32.pdb,38,38
fegrow_result/complexes_pdbs/rec_16_mol33.pdb,released_MERS-CoV_Mpro/mers_files/mers_33.pdb,25,25
fegrow_result/complexes_pdbs/rec_16_mol34.pdb,released_MERS-CoV_Mpro/mers_files/mers_34.pdb,35,35
fegrow_result/complexes_pdbs/rec_16_mol35.pdb,released_MERS-CoV_Mpro/mers_files/mers_35.pdb,31,31
fegrow_result/complexes_pdbs/rec_16_mol36.pdb,released_MERS-CoV_Mpro/mers_files/mers_36.pdb,35,35
fegrow_result/complexes_pdbs/rec_16_mol37.pdb,released_MERS-CoV_Mpro/mers_files/mers_37.pdb,30,30
fegrow_result/complexes_pdbs/rec_16_mol38.pdb,released_MERS-CoV_Mpro/mers_files/mers_38.pdb,40,40
fegrow_result/complexes_pdbs/rec_16_mol39.pdb,released_MERS-CoV_Mpro/mers_files/mers_39.pdb,35,35
fegrow_result/complexes_pdbs/rec_16_mol4.pdb,released_MERS-CoV_Mpro/mers_files/mers_4.pdb,23,23
fegrow_result/complexes_pdbs/rec_16_mol40.pdb,released_MERS-CoV_Mpro/mers_files/mers_40.pdb,35,35
fegrow_result/complexes_pdbs/rec_16_mol41.pdb,released_MERS-CoV_Mpro/mers_files/mers_41.pdb,38,38
fegrow_result/complexes_pdbs/rec_16_mol42.pdb,released_MERS-CoV_Mpro/mers_files/mers_42.pdb,38,38
fegrow_result/complexes_pdbs/rec_16_mol43.pdb,released_MERS-CoV_Mpro/mers_files/mers_43.pdb,36,36
fegrow_result/complexes_pdbs/rec_16_mol44.pdb,released_MERS-CoV_Mpro/mers_files/mers_44.pdb,34,34
fegrow_result/complexes_pdbs/rec_16_mol45.pdb,released_MERS-CoV_Mpro/mers_files/mers_45.pdb,35,35
fegrow_result/complexes_pdbs/rec_16_mol46.pdb,released_MERS-CoV_Mpro/mers_files/mers_46.pdb,38,38
fegrow_result/complexes_pdbs/rec_16_mol47.pdb,released_MERS-CoV_Mpro/mers_files/mers_47.pdb,33,33
fegrow_result/complexes_pdbs/rec_16_mol48.pdb,released_MERS-CoV_Mpro/mers_files/mers_48.pdb,21,21
fegrow_result/complexes_pdbs/rec_16_mol49.pdb,released_MERS-CoV_Mpro/mers_files/mers_49.pdb,26,26
fegrow_result/complexes_pdbs/rec_16_mol5.pdb,released_MERS-CoV_Mpro/mers_files/mers_5.pdb,31,31
fegrow_result/complexes_pdbs/rec_16_mol50.pdb,released_MERS-CoV_Mpro/mers_files/mers_50.pdb,22,22
fegrow_result/complexes_pdbs/rec_16_mol51.pdb,released_MERS-CoV_Mpro/mers_files/mers_51.pdb,42,42
fegrow_result/complexes_pdbs/rec_16_mol52.pdb,released_MERS-CoV_Mpro/mers_files/mers_52.pdb,40,40
fegrow_result/complexes_pdbs/rec_16_mol53.pdb,released_MERS-CoV_Mpro/mers_files/mers_53.pdb,44,44
fegrow_result/complexes_pdbs/rec_16_mol54.pdb,released_MERS-CoV_Mpro/mers_files/mers_54.pdb,40,40
fegrow_result/complexes_pdbs/rec_16_mol55.pdb,released_MERS-CoV_Mpro/mers_files/mers_55.pdb,34,34
fegrow_result/complexes_pdbs/rec_16_mol56.pdb,released_MERS-CoV_Mpro/mers_files/mers_56.pdb,24,24
fegrow_result/complexes_pdbs/rec_16_mol57.pdb,released_MERS-CoV_Mpro/mers_files/mers_57.pdb,40,40
fegrow_result/complexes_pdbs/rec_16_mol58.pdb,released_MERS-CoV_Mpro/mers_files/mers_58.pdb,35,35
fegrow_result/complexes_pdbs/rec_16_mol59.pdb,released_MERS-CoV_Mpro/mers_files/mers_59.pdb,36,36
fegrow_result/complexes_pdbs/rec_16_mol6.pdb,released_MERS-CoV_Mpro/mers_files/mers_6.pdb,36,36
fegrow_result/complexes_pdbs/rec_16_mol60.pdb,released_MERS-CoV_Mpro/mers_files/mers_60.pdb,22,22
fegrow_result/complexes_pdbs/rec_16_mol61.pdb,released_MERS-CoV_Mpro/mers_files/mers_61.pdb,41,41
fegrow_result/complexes_pdbs/rec_16_mol62.pdb,released_MERS-CoV_Mpro/mers_files/mers_62.pdb,38,38
fegrow_result/complexes_pdbs/rec_16_mol63.pdb,released_MERS-CoV_Mpro/mers_files/mers_63.pdb,34,34
fegrow_result/complexes_pdbs/rec_16_mol64.pdb,released_MERS-CoV_Mpro/mers_files/mers_64.pdb,36,36
fegrow_result/complexes_pdbs/rec_16_mol65.pdb,released_MERS-CoV_Mpro/mers_files/mers_65.pdb,34,34
fegrow_result/complexes_pdbs/rec_16_mol66.pdb,released_MERS-CoV_Mpro/mers_files/mers_66.pdb,25,25
fegrow_result/complexes_pdbs/rec_16_mol67.pdb,released_MERS-CoV_Mpro/mers_files/mers_67.pdb,38,38
fegrow_result/complexes_pdbs/rec_16_mol68.pdb,released_MERS-CoV_Mpro/mers_files/mers_68.pdb,35,35
fegrow_result/complexes_pdbs/rec_16_mol69.pdb,released_MERS-CoV_Mpro/mers_files/mers_69.pdb,37,37
fegrow_result/complexes_pdbs/rec_16_mol7.pdb,released_MERS-CoV_Mpro/mers_files/mers_7.pdb,19,19
fegrow_result/complexes_pdbs/rec_16_mol70.pdb,released_MERS-CoV_Mpro/mers_files/mers_70.pdb,35,35
fegrow_result/complexes_pdbs/rec_16_mol71.pdb,released_MERS-CoV_Mpro/mers_files/mers_71.pdb,35,35
fegrow_result/complexes_pdbs/rec_16_mol72.pdb,released_MERS-CoV_Mpro/mers_files/mers_72.pdb,36,36
fegrow_result/complexes_pdbs/rec_16_mol73.pdb,released_MERS-CoV_Mpro/mers_files/mers_73.pdb,32,32
fegrow_result/complexes_pdbs/rec_16_mol74.pdb,released_MERS-CoV_Mpro/mers_files/mers_74.pdb,34,34
fegrow_result/complexes_pdbs/rec_16_mol75.pdb,released_MERS-CoV_Mpro/mers_files/mers_75.pdb,41,41
fegrow_result/complexes_pdbs/rec_16_mol76.pdb,released_MERS-CoV_Mpro/mers_files/mers_76.pdb,33,33
fegrow_result/complexes_pdbs/rec_16_mol77.pdb,released_MERS-CoV_Mpro/mers_files/mers_77.pdb,33,33
fegrow_result/complexes_pdbs/rec_16_mol79.pdb,released_MERS-CoV_Mpro/mers_files/mers_79.pdb,20,20
fegrow_result/complexes_pdbs/rec_16_mol8.pdb,released_MERS-CoV_Mpro/mers_files/mers_8.pdb,38,38
fegrow_result/complexes_pdbs/rec_16_mol80.pdb,released_MERS-CoV_Mpro/mers_files/mers_80.pdb,35,35
fegrow_result/complexes_pdbs/rec_16_mol81.pdb,released_MERS-CoV_Mpro/mers_files/mers_81.pdb,35,35
fegrow_result/complexes_pdbs/rec_16_mol82.pdb,released_MERS-CoV_Mpro/mers_files/mers_82.pdb,34,34
fegrow_result/complexes_pdbs/rec_16_mol83.pdb,released_MERS-CoV_Mpro/mers_files/mers_83.pdb,38,38
fegrow_result/complexes_pdbs/rec_16_mol84.pdb,released_MERS-CoV_Mpro/mers_files/mers_84.pdb,35,35
fegrow_result/complexes_pdbs/rec_16_mol85.pdb,released_MERS-CoV_Mpro/mers_files/mers_85.pdb,34,34
fegrow_result/complexes_pdbs/rec_16_mol86.pdb,released_MERS-CoV_Mpro/mers_files/mers_86.pdb,40,40
fegrow_result/complexes_pdbs/rec_16_mol87.pdb,released_MERS-CoV_Mpro/mers_files/mers_87.pdb,38,38
fegrow_result/complexes_pdbs/rec_16_mol88.pdb,released_MERS-CoV_Mpro/mers_files/mers_88.pdb,36,36
fegrow_result/complexes_pdbs/rec_16_mol89.pdb,released_MERS-CoV_Mpro/mers_files/mers_89.pdb,20,20
fegrow_result/complexes_pdbs/rec_16_mol9.pdb,released_MERS-CoV_Mpro/mers_files/mers_9.pdb,35,35
fegrow_result/complexes_pdbs/rec_16_mol90.pdb,released_MERS-CoV_Mpro/mers_files/mers_90.pdb,34,34
fegrow_result/complexes_pdbs/rec_16_mol91.pdb,released_MERS-CoV_Mpro/mers_files/mers_91.pdb,34,34
fegrow_result/complexes_pdbs/rec_16_mol92.pdb,released_MERS-CoV_Mpro/mers_files/mers_92.pdb,27,27
fegrow_result/complexes_pdbs/rec_16_mol93.pdb,released_MERS-CoV_Mpro/mers_files/mers_93.pdb,32,32
fegrow_result/complexes_pdbs/rec_16_mol94.pdb,released_MERS-CoV_Mpro/mers_files/mers_94.pdb,36,36
fegrow_result/complexes_pdbs/rec_16_mol95.pdb,released_MERS-CoV_Mpro/mers_files/mers_95.pdb,39,39
fegrow_result/complexes_pdbs/rec_16_mol96.pdb,released_MERS-CoV_Mpro/mers_files/mers_96.pdb,22,22
fegrow_result/complexes_pdbs/rec_18_mol0.pdb,released_MERS-CoV_Mpro/mers_files/mers_0.pdb,41,41
fegrow_result/complexes_pdbs/rec_18_mol1.pdb,released_MERS-CoV_Mpro/mers_files/mers_1.pdb,30,30
fegrow_result/complexes_pdbs/rec_18_mol10.pdb,released_MERS-CoV_Mpro/mers_files/mers_10.pdb,38,38
fegrow_result/complexes_pdbs/rec_18_mol11.pdb,released_MERS-CoV_Mpro/mers_files/mers_11.pdb,28,28
fegrow_result/complexes_pdbs/rec_18_mol12.pdb,released_MERS-CoV_Mpro/mers_files/mers_12.pdb,24,24
fegrow_result/complexes_pdbs/rec_18_mol13.pdb,released_MERS-CoV_Mpro/mers_files/mers_13.pdb,39,38
fegrow_result/complexes_pdbs/rec_18_mol14.pdb,released_MERS-CoV_Mpro/mers_files/mers_14.pdb,37,37
fegrow_result/complexes_pdbs/rec_18_mol15.pdb,released_MERS-CoV_Mpro/mers_files/mers_15.pdb,38,38
fegrow_result/complexes_pdbs/rec_18_mol16.pdb,released_MERS-CoV_Mpro/mers_files/mers_16.pdb,25,25
fegrow_result/complexes_pdbs/rec_18_mol17.pdb,released_MERS-CoV_Mpro/mers_files/mers_17.pdb,35,35
fegrow_result/complexes_pdbs/rec_18_mol18.pdb,released_MERS-CoV_Mpro/mers_files/mers_18.pdb,24,24
fegrow_result/complexes_pdbs/rec_18_mol19.pdb,released_MERS-CoV_Mpro/mers_files/mers_19.pdb,39,39
fegrow_result/complexes_pdbs/rec_18_mol2.pdb,released_MERS-CoV_Mpro/mers_files/mers_2.pdb,33,33
fegrow_result/complexes_pdbs/rec_18_mol20.pdb,released_MERS-CoV_Mpro/mers_files/mers_20.pdb,37,37
fegrow_result/complexes_pdbs/rec_18_mol21.pdb,released_MERS-CoV_Mpro/mers_files/mers_21.pdb,35,35
fegrow_result/complexes_pdbs/rec_18_mol22.pdb,released_MERS-CoV_Mpro/mers_files/mers_22.pdb,24,24
fegrow_result/complexes_pdbs/rec_18_mol23.pdb,released_MERS-CoV_Mpro/mers_files/mers_23.pdb,37,37
fegrow_result/complexes_pdbs/rec_18_mol24.pdb,released_MERS-CoV_Mpro/mers_files/mers_24.pdb,38,38
fegrow_result/complexes_pdbs/rec_18_mol25.pdb,released_MERS-CoV_Mpro/mers_files/mers_25.pdb,40,40
fegrow_result/complexes_pdbs/rec_18_mol26.pdb,released_MERS-CoV_Mpro/mers_files/mers_26.pdb,27,27
fegrow_result/complexes_pdbs/rec_18_mol27.pdb,released_MERS-CoV_Mpro/mers_files/mers_27.pdb,25,25
fegrow_result/complexes_pdbs/rec_18_mol28.pdb,released_MERS-CoV_Mpro/mers_files/mers_28.pdb,39,39
fegrow_result/complexes_pdbs/rec_18_mol29.pdb,released_MERS-CoV_Mpro/mers_files/mers_29.pdb,39,39
fegrow_result/complexes_pdbs/rec_18_mol3.pdb,released_MERS-CoV_Mpro/mers_files/mers_3.pdb,42,42
fegrow_result/complexes_pdbs/rec_18_mol30.pdb,released_MERS-CoV_Mpro/mers_files/mers_30.pdb,39,39
fegrow_result/complexes_pdbs/rec_18_mol31.pdb,released_MERS-CoV_Mpro/mers_files/mers_31.pdb,41,41
fegrow_result/complexes_pdbs/rec_18_mol32.pdb,released_MERS-CoV_Mpro/mers_files/mers_32.pdb,38,38
fegrow_result/complexes_pdbs/rec_18_mol33.pdb,released_MERS-CoV_Mpro/mers_files/mers_33.pdb,25,25
fegrow_result/complexes_pdbs/rec_18_mol34.pdb,released_MERS-CoV_Mpro/mers_files/mers_34.pdb,35,35
fegrow_result/complexes_pdbs/rec_18_mol35.pdb,released_MERS-CoV_Mpro/mers_files/mers_35.pdb,31,31
fegrow_result/complexes_pdbs/rec_18_mol37.pdb,released_MERS-CoV_Mpro/mers_files/mers_37.pdb,30,30
fegrow_result/complexes_pdbs/rec_18_mol38.pdb,released_MERS-CoV_Mpro/mers_files/mers_38.pdb,40,40
fegrow_result/complexes_pdbs/rec_18_mol39.pdb,released_MERS-CoV_Mpro/mers_files/mers_39.pdb,35,35
fegrow_result/complexes_pdbs/rec_18_mol4.pdb,released_MERS-CoV_Mpro/mers_files/mers_4.pdb,23,23
fegrow_result/complexes_pdbs/rec_18_mol40.pdb,released_MERS-CoV_Mpro/mers_files/mers_40.pdb,35,35
fegrow_result/complexes_pdbs/rec_18_mol41.pdb,released_MERS-CoV_Mpro/mers_files/mers_41.pdb,38,38
fegrow_result/complexes_pdbs/rec_18_mol42.pdb,released_MERS-CoV_Mpro/mers_files/mers_42.pdb,38,38
fegrow_result/complexes_pdbs/rec_18_mol43.pdb,released_MERS-CoV_Mpro/mers_files/mers_43.pdb,36,36
fegrow_result/complexes_pdbs/rec_18_mol44.pdb,released_MERS-CoV_Mpro/mers_files/mers_44.pdb,34,34
fegrow_result/complexes_pdbs/rec_18_mol45.pdb,released_MERS-CoV_Mpro/mers_files/mers_45.pdb,35,35
fegrow_result/complexes_pdbs/rec_18_mol46.pdb,released_MERS-CoV_Mpro/mers_files/mers_46.pdb,38,38
fegrow_result/complexes_pdbs/rec_18_mol47.pdb,released_MERS-CoV_Mpro/mers_files/mers_47.pdb,33,33
fegrow_result/complexes_pdbs/rec_18_mol48.pdb,released_MERS-CoV_Mpro/mers_files/mers_48.pdb,21,21
fegrow_result/complexes_pdbs/rec_18_mol49.pdb,released_MERS-CoV_Mpro/mers_files/mers_49.pdb,26,26
fegrow_result/complexes_pdbs/rec_18_mol5.pdb,released_MERS-CoV_Mpro/mers_files/mers_5.pdb,31,31
fegrow_result/complexes_pdbs/rec_18_mol50.pdb,released_MERS-CoV_Mpro/mers_files/mers_50.pdb,22,22
fegrow_result/complexes_pdbs/rec_18_mol51.pdb,released_MERS-CoV_Mpro/mers_files/mers_51.pdb,42,42
fegrow_result/complexes_pdbs/rec_18_mol52.pdb,released_MERS-CoV_Mpro/mers_files/mers_52.pdb,40,40
fegrow_result/complexes_pdbs/rec_18_mol53.pdb,released_MERS-CoV_Mpro/mers_files/mers_53.pdb,44,44
fegrow_result/complexes_pdbs/rec_18_mol54.pdb,released_MERS-CoV_Mpro/mers_files/mers_54.pdb,40,40
fegrow_result/complexes_pdbs/rec_18_mol55.pdb,released_MERS-CoV_Mpro/mers_files/mers_55.pdb,34,34
fegrow_result/complexes_pdbs/rec_18_mol56.pdb,released_MERS-CoV_Mpro/mers_files/mers_56.pdb,24,24
fegrow_result/complexes_pdbs/rec_18_mol57.pdb,released_MERS-CoV_Mpro/mers_files/mers_57.pdb,40,40
fegrow_result/complexes_pdbs/rec_18_mol59.pdb,released_MERS-CoV_Mpro/mers_files/mers_59.pdb,36,36
fegrow_result/complexes_pdbs/rec_18_mol6.pdb,released_MERS-CoV_Mpro/mers_files/mers_6.pdb,36,36
fegrow_result/complexes_pdbs/rec_18_mol60.pdb,released_MERS-CoV_Mpro/mers_files/mers_60.pdb,22,22
fegrow_result/complexes_pdbs/rec_18_mol62.pdb,released_MERS-CoV_Mpro/mers_files/mers_62.pdb,38,38
fegrow_result/complexes_pdbs/rec_18_mol63.pdb,released_MERS-CoV_Mpro/mers_files/mers_63.pdb,34,34
fegrow_result/complexes_pdbs/rec_18_mol64.pdb,released_MERS-CoV_Mpro/mers_files/mers_64.pdb,36,36
fegrow_result/complexes_pdbs/rec_18_mol65.pdb,released_MERS-CoV_Mpro/mers_files/mers_65.pdb,34,34
fegrow_result/complexes_pdbs/rec_18_mol66.pdb,released_MERS-CoV_Mpro/mers_files/mers_66.pdb,25,25
fegrow_result/complexes_pdbs/rec_18_mol67.pdb,released_MERS-CoV_Mpro/mers_files/mers_67.pdb,39,38
fegrow_result/complexes_pdbs/rec_18_mol68.pdb,released_MERS-CoV_Mpro/mers_files/mers_68.pdb,35,35
fegrow_result/complexes_pdbs/rec_18_mol69.pdb,released_MERS-CoV_Mpro/mers_files/mers_69.pdb,37,37
fegrow_result/complexes_pdbs/rec_18_mol7.pdb,released_MERS-CoV_Mpro/mers_files/mers_7.pdb,19,19
fegrow_result/complexes_pdbs/rec_18_mol70.pdb,released_MERS-CoV_Mpro/mers_files/mers_70.pdb,35,35
fegrow_result/complexes_pdbs/rec_18_mol71.pdb,released_MERS-CoV_Mpro/mers_files/mers_71.pdb,35,35
fegrow_result/complexes_pdbs/rec_18_mol72.pdb,released_MERS-CoV_Mpro/mers_files/mers_72.pdb,36,36
fegrow_result/complexes_pdbs/rec_18_mol73.pdb,released_MERS-CoV_Mpro/mers_files/mers_73.pdb,32,32
fegrow_result/complexes_pdbs/rec_18_mol74.pdb,released_MERS-CoV_Mpro/mers_files/mers_74.pdb,34,34
fegrow_result/complexes_pdbs/rec_18_mol75.pdb,released_MERS-CoV_Mpro/mers_files/mers_75.pdb,41,41
fegrow_result/complexes_pdbs/rec_18_mol76.pdb,released_MERS-CoV_Mpro/mers_files/mers_76.pdb,33,33
fegrow_result/complexes_pdbs/rec_18_mol77.pdb,released_MERS-CoV_Mpro/mers_files/mers_77.pdb,33,33
fegrow_result/complexes_pdbs/rec_18_mol79.pdb,released_MERS-CoV_Mpro/mers_files/mers_79.pdb,20,20
fegrow_result/complexes_pdbs/rec_18_mol80.pdb,released_MERS-CoV_Mpro/mers_files/mers_80.pdb,35,35
fegrow_result/complexes_pdbs/rec_18_mol81.pdb,released_MERS-CoV_Mpro/mers_files/mers_81.pdb,35,35
fegrow_result/complexes_pdbs/rec_18_mol82.pdb,released_MERS-CoV_Mpro/mers_files/mers_82.pdb,34,34
fegrow_result/complexes_pdbs/rec_18_mol83.pdb,released_MERS-CoV_Mpro/mers_files/mers_83.pdb,38,38
fegrow_result/complexes_pdbs/rec_18_mol84.pdb,released_MERS-CoV_Mpro/mers_files/mers_84.pdb,35,35
fegrow_result/complexes_pdbs/rec_18_mol85.pdb,released_MERS-CoV_Mpro/mers_files/mers_85.pdb,34,34
fegrow_result/complexes_pdbs/rec_18_mol86.pdb,released_MERS-CoV_Mpro/mers_files/mers_86.pdb,40,40
fegrow_result/complexes_pdbs/rec_18_mol87.pdb,released_MERS-CoV_Mpro/mers_files/mers_87.pdb,38,38
fegrow_result/complexes_pdbs/rec_18_mol88.pdb,released_MERS-CoV_Mpro/mers_files/mers_88.pdb,36,36
fegrow_result/complexes_pdbs/rec_18_mol89.pdb,released_MERS-CoV_Mpro/mers_files/mers_89.pdb,20,20
fegrow_result/complexes_pdbs/rec_18_mol9.pdb,released_MERS-CoV_Mpro/mers_files/mers_9.pdb,35,35
fegrow_result/complexes_pdbs/rec_18_mol90.pdb,released_MERS-CoV_Mpro/mers_files/mers_90.pdb,34,34
fegrow_result/complexes_pdbs/rec_18_mol91.pdb,released_MERS-CoV_Mpro/mers_files/mers_91.pdb,34,34
fegrow_result/complexes_pdbs/rec_18_mol92.pdb,released_MERS-CoV_Mpro/mers_files/mers_92.pdb,27,27
fegrow_result/complexes_pdbs/rec_18_mol93.pdb,released_MERS-CoV_Mpro/mers_files/mers_93.pdb,32,32
fegrow_result/complexes_pdbs/rec_18_mol94.pdb,released_MERS-CoV_Mpro/mers_files/mers_94.pdb,36,36
fegrow_result/complexes_pdbs/rec_18_mol95.pdb,released_MERS-CoV_Mpro/mers_files/mers_95.pdb,39,39
fegrow_result/complexes_pdbs/rec_19_mol0.pdb,released_MERS-CoV_Mpro/mers_files/mers_0.pdb,41,41
fegrow_result/complexes_pdbs/rec_19_mol1.pdb,released_MERS-CoV_Mpro/mers_files/mers_1.pdb,30,30
fegrow_result/complexes_pdbs/rec_19_mol10.pdb,released_MERS-CoV_Mpro/mers_files/mers_10.pdb,38,38
fegrow_result/complexes_pdbs/rec_19_mol11.pdb,released_MERS-CoV_Mpro/mers_files/mers_11.pdb,28,28
fegrow_result/complexes_pdbs/rec_19_mol12.pdb,released_MERS-CoV_Mpro/mers_files/mers_12.pdb,24,24
fegrow_result/complexes_pdbs/rec_19_mol13.pdb,released_MERS-CoV_Mpro/mers_files/mers_13.pdb,38,38
fegrow_result/complexes_pdbs/rec_19_mol14.pdb,released_MERS-CoV_Mpro/mers_files/mers_14.pdb,37,37
fegrow_result/complexes_pdbs/rec_19_mol15.pdb,released_MERS-CoV_Mpro/mers_files/mers_15.pdb,38,38
fegrow_result/complexes_pdbs/rec_19_mol16.pdb,released_MERS-CoV_Mpro/mers_files/mers_16.pdb,25,25
fegrow_result/complexes_pdbs/rec_19_mol17.pdb,released_MERS-CoV_Mpro/mers_files/mers_17.pdb,35,35
fegrow_result/complexes_pdbs/rec_19_mol18.pdb,released_MERS-CoV_Mpro/mers_files/mers_18.pdb,24,24
fegrow_result/complexes_pdbs/rec_19_mol19.pdb,released_MERS-CoV_Mpro/mers_files/mers_19.pdb,39,39
fegrow_result/complexes_pdbs/rec_19_mol2.pdb,released_MERS-CoV_Mpro/mers_files/mers_2.pdb,33,33
fegrow_result/complexes_pdbs/rec_19_mol20.pdb,released_MERS-CoV_Mpro/mers_files/mers_20.pdb,37,37
fegrow_result/complexes_pdbs/rec_19_mol21.pdb,released_MERS-CoV_Mpro/mers_files/mers_21.pdb,35,35
fegrow_result/complexes_pdbs/rec_19_mol22.pdb,released_MERS-CoV_Mpro/mers_files/mers_22.pdb,24,24
fegrow_result/complexes_pdbs/rec_19_mol23.pdb,released_MERS-CoV_Mpro/mers_files/mers_23.pdb,37,37
fegrow_result/complexes_pdbs/rec_19_mol24.pdb,released_MERS-CoV_Mpro/mers_files/mers_24.pdb,38,38
fegrow_result/complexes_pdbs/rec_19_mol25.pdb,released_MERS-CoV_Mpro/mers_files/mers_25.pdb,40,40
fegrow_result/complexes_pdbs/rec_19_mol26.pdb,released_MERS-CoV_Mpro/mers_files/mers_26.pdb,27,27
fegrow_result/complexes_pdbs/rec_19_mol27.pdb,released_MERS-CoV_Mpro/mers_files/mers_27.pdb,25,25
fegrow_result/complexes_pdbs/rec_19_mol28.pdb,released_MERS-CoV_Mpro/mers_files/mers_28.pdb,39,39
fegrow_result/complexes_pdbs/rec_19_mol29.pdb,released_MERS-CoV_Mpro/mers_files/mers_29.pdb,39,39
fegrow_result/complexes_pdbs/rec_19_mol3.pdb,released_MERS-CoV_Mpro/mers_files/mers_3.pdb,42,42
fegrow_result/complexes_pdbs/rec_19_mol30.pdb,released_MERS-CoV_Mpro/mers_files/mers_30.pdb,39,39
fegrow_result/complexes_pdbs/rec_19_mol31.pdb,released_MERS-CoV_Mpro/mers_files/mers_31.pdb,41,41
fegrow_result/complexes_pdbs/rec_19_mol32.pdb,released_MERS-CoV_Mpro/mers_files/mers_32.pdb,38,38
fegrow_result/complexes_pdbs/rec_19_mol33.pdb,released_MERS-CoV_Mpro/mers_files/mers_33.pdb,25,25
fegrow_result/complexes_pdbs/rec_19_mol34.pdb,released_MERS-CoV_Mpro/mers_files/mers_34.pdb,35,35
fegrow_result/complexes_pdbs/rec_19_mol35.pdb,released_MERS-CoV_Mpro/mers_files/mers_35.pdb,31,31
fegrow_result/complexes_pdbs/rec_19_mol36.pdb,released_MERS-CoV_Mpro/mers_files/mers_36.pdb,35,35
fegrow_result/complexes_pdbs/rec_19_mol37.pdb,released_MERS-CoV_Mpro/mers_files/mers_37.pdb,30,30
fegrow_result/complexes_pdbs/rec_19_mol38.pdb,released_MERS-CoV_Mpro/mers_files/mers_38.pdb,40,40
fegrow_result/complexes_pdbs/rec_19_mol39.pdb,released_MERS-CoV_Mpro/mers_files/mers_39.pdb,35,35
fegrow_result/complexes_pdbs/rec_19_mol4.pdb,released_MERS-CoV_Mpro/mers_files/mers_4.pdb,23,23
fegrow_result/complexes_pdbs/rec_19_mol40.pdb,released_MERS-CoV_Mpro/mers_files/mers_40.pdb,35,35
fegrow_result/complexes_pdbs/rec_19_mol41.pdb,released_MERS-CoV_Mpro/mers_files/mers_41.pdb,38,38
fegrow_result/complexes_pdbs/rec_19_mol42.pdb,released_MERS-CoV_Mpro/mers_files/mers_42.pdb,38,38
fegrow_result/complexes_pdbs/rec_19_mol43.pdb,released_MERS-CoV_Mpro/mers_files/mers_43.pdb,36,36
fegrow_result/complexes_pdbs/rec_19_mol44.pdb,released_MERS-CoV_Mpro/mers_files/mers_44.pdb,34,34
fegrow_result/complexes_pdbs/rec_19_mol45.pdb,released_MERS-CoV_Mpro/mers_files/mers_45.pdb,35,35
fegrow_result/complexes_pdbs/rec_19_mol46.pdb,released_MERS-CoV_Mpro/mers_files/mers_46.pdb,38,38
fegrow_result/complexes_pdbs/rec_19_mol47.pdb,released_MERS-CoV_Mpro/mers_files/mers_47.pdb,33,33
fegrow_result/complexes_pdbs/rec_19_mol48.pdb,released_MERS-CoV_Mpro/mers_files/mers_48.pdb,21,21
fegrow_result/complexes_pdbs/rec_19_mol49.pdb,released_MERS-CoV_Mpro/mers_files/mers_49.pdb,26,26
fegrow_result/complexes_pdbs/rec_19_mol5.pdb,released_MERS-CoV_Mpro/mers_files/mers_5.pdb,31,31
fegrow_result/complexes_pdbs/rec_19_mol50.pdb,released_MERS-CoV_Mpro/mers_files/mers_50.pdb,22,22
fegrow_result/complexes_pdbs/rec_19_mol51.pdb,released_MERS-CoV_Mpro/mers_files/mers_51.pdb,42,42
fegrow_result/complexes_pdbs/rec_19_mol52.pdb,released_MERS-CoV_Mpro/mers_files/mers_52.pdb,40,40
fegrow_result/complexes_pdbs/rec_19_mol53.pdb,released_MERS-CoV_Mpro/mers_files/mers_53.pdb,44,44
fegrow_result/complexes_pdbs/rec_19_mol54.pdb,released_MERS-CoV_Mpro/mers_files/mers_54.pdb,40,40
fegrow_result/complexes_pdbs/rec_19_mol55.pdb,released_MERS-CoV_Mpro/mers_files/mers_55.pdb,34,34
fegrow_result/complexes_pdbs/rec_19_mol56.pdb,released_MERS-CoV_Mpro/mers_files/mers_56.pdb,24,24
fegrow_result/complexes_pdbs/rec_19_mol57.pdb,released_MERS-CoV_Mpro/mers_files/mers_57.pdb,40,40
fegrow_result/complexes_pdbs/rec_19_mol58.pdb,released_MERS-CoV_Mpro/mers_files/mers_58.pdb,35,35
fegrow_result/complexes_pdbs/rec_19_mol59.pdb,released_MERS-CoV_Mpro/mers_files/mers_59.pdb,36,36
fegrow_result/complexes_pdbs/rec_19_mol6.pdb,released_MERS-CoV_Mpro/mers_files/mers_6.pdb,36,36
fegrow_result/complexes_pdbs/rec_19_mol60.pdb,released_MERS-CoV_Mpro/mers_files/mers_60.pdb,22,22
fegrow_result/complexes_pdbs/rec_19_mol61.pdb,released_MERS-CoV_Mpro/mers_files/mers_61.pdb,41,41
fegrow_result/complexes_pdbs/rec_19_mol62.pdb,released_MERS-CoV_Mpro/mers_files/mers_62.pdb,38,38
fegrow_result/complexes_pdbs/rec_19_mol63.pdb,released_MERS-CoV_Mpro/mers_files/mers_63.pdb,34,34
fegrow_result/complexes_pdbs/rec_19_mol64.pdb,released_MERS-CoV_Mpro/mers_files/mers_64.pdb,36,36
fegrow_result/complexes_pdbs/rec_19_mol65.pdb,released_MERS-CoV_Mpro/mers_files/mers_65.pdb,34,34
fegrow_result/complexes_pdbs/rec_19_mol66.pdb,released_MERS-CoV_Mpro/mers_files/mers_66.pdb,25,25
fegrow_result/complexes_pdbs/rec_19_mol67.pdb,released_MERS-CoV_Mpro/mers_files/mers_67.pdb,38,38
fegrow_result/complexes_pdbs/rec_19_mol68.pdb,released_MERS-CoV_Mpro/mers_files/mers_68.pdb,35,35
fegrow_result/complexes_pdbs/rec_19_mol69.pdb,released_MERS-CoV_Mpro/mers_files/mers_69.pdb,37,37
fegrow_result/complexes_pdbs/rec_19_mol7.pdb,released_MERS-CoV_Mpro/mers_files/mers_7.pdb,19,19
fegrow_result/complexes_pdbs/rec_19_mol70.pdb,released_MERS-CoV_Mpro/mers_files/mers_70.pdb,35,35
fegrow_result/complexes_pdbs/rec_19_mol71.pdb,released_MERS-CoV_Mpro/mers_files/mers_71.pdb,35,35
fegrow_result/complexes_pdbs/rec_19_mol72.pdb,released_MERS-CoV_Mpro/mers_files/mers_72.pdb,36,36
fegrow_result/complexes_pdbs/rec_19_mol73.pdb,released_MERS-CoV_Mpro/mers_files/mers_73.pdb,32,32
fegrow_result/complexes_pdbs/rec_19_mol74.pdb,released_MERS-CoV_Mpro/mers_files/mers_74.pdb,34,34
fegrow_result/complexes_pdbs/rec_19_mol75.pdb,released_MERS-CoV_Mpro/mers_files/mers_75.pdb,41,41
fegrow_result/complexes_pdbs/rec_19_mol76.pdb,released_MERS-CoV_Mpro/mers_files/mers_76.pdb,33,33
fegrow_result/complexes_pdbs/rec_19_mol77.pdb,released_MERS-CoV_Mpro/mers_files/mers_77.pdb,33,33
fegrow_result/complexes_pdbs/rec_19_mol79.pdb,released_MERS-CoV_Mpro/mers_files/mers_79.pdb,20,20
fegrow_result/complexes_pdbs/rec_19_mol8.pdb,released_MERS-CoV_Mpro/mers_files/mers_8.pdb,38,38
fegrow_result/complexes_pdbs/rec_19_mol80.pdb,released_MERS-CoV_Mpro/mers_files/mers_80.pdb,35,35
fegrow_result/complexes_pdbs/rec_19_mol81.pdb,released_MERS-CoV_Mpro/mers_files/mers_81.pdb,35,35
fegrow_result/complexes_pdbs/rec_19_mol82.pdb,released_MERS-CoV_Mpro/mers_files/mers_82.pdb,34,34
fegrow_result/complexes_pdbs/rec_19_mol83.pdb,released_MERS-CoV_Mpro/mers_files/mers_83.pdb,38,38
fegrow_result/complexes_pdbs/rec_19_mol84.pdb,released_MERS-CoV_Mpro/mers_files/mers_84.pdb,35,35
fegrow_result/complexes_pdbs/rec_19_mol85.pdb,released_MERS-CoV_Mpro/mers_files/mers_85.pdb,34,34
fegrow_result/complexes_pdbs/rec_19_mol86.pdb,released_MERS-CoV_Mpro/mers_files/mers_86.pdb,40,40
fegrow_result/complexes_pdbs/rec_19_mol87.pdb,released_MERS-CoV_Mpro/mers_files/mers_87.pdb,38,38
fegrow_result/complexes_pdbs/rec_19_mol88.pdb,released_MERS-CoV_Mpro/mers_files/mers_88.pdb,36,36
fegrow_result/complexes_pdbs/rec_19_mol89.pdb,released_MERS-CoV_Mpro/mers_files/mers_89.pdb,20,20
fegrow_result/complexes_pdbs/rec_19_mol9.pdb,released_MERS-CoV_Mpro/mers_files/mers_9.pdb,35,35
fegrow_result/complexes_pdbs/rec_19_mol90.pdb,released_MERS-CoV_Mpro/mers_files/mers_90.pdb,34,34
fegrow_result/complexes_pdbs/rec_19_mol91.pdb,released_MERS-CoV_Mpro/mers_files/mers_91.pdb,34,34
fegrow_result/complexes_pdbs/rec_19_mol92.pdb,released_MERS-CoV_Mpro/mers_files/mers_92.pdb,27,27
fegrow_result/complexes_pdbs/rec_19_mol93.pdb,released_MERS-CoV_Mpro/mers_files/mers_93.pdb,32,32
fegrow_result/complexes_pdbs/rec_19_mol94.pdb,released_MERS-CoV_Mpro/mers_files/mers_94.pdb,36,36
fegrow_result/complexes_pdbs/rec_19_mol95.pdb,released_MERS-CoV_Mpro/mers_files/mers_95.pdb,39,39
fegrow_result/complexes_pdbs/rec_1_mol0.pdb,released_MERS-CoV_Mpro/mers_files/mers_0.pdb,41,41
fegrow_result/complexes_pdbs/rec_1_mol1.pdb,released_MERS-CoV_Mpro/mers_files/mers_1.pdb,30,30
fegrow_result/complexes_pdbs/rec_1_mol10.pdb,released_MERS-CoV_Mpro/mers_files/mers_10.pdb,38,38
fegrow_result/complexes_pdbs/rec_1_mol13.pdb,released_MERS-CoV_Mpro/mers_files/mers_13.pdb,38,38
fegrow_result/complexes_pdbs/rec_1_mol14.pdb,released_MERS-CoV_Mpro/mers_files/mers_14.pdb,37,37
fegrow_result/complexes_pdbs/rec_1_mol15.pdb,released_MERS-CoV_Mpro/mers_files/mers_15.pdb,38,38
fegrow_result/complexes_pdbs/rec_1_mol19.pdb,released_MERS-CoV_Mpro/mers_files/mers_19.pdb,39,39
fegrow_result/complexes_pdbs/rec_1_mol2.pdb,released_MERS-CoV_Mpro/mers_files/mers_2.pdb,33,33
fegrow_result/complexes_pdbs/rec_1_mol21.pdb,released_MERS-CoV_Mpro/mers_files/mers_21.pdb,35,35
fegrow_result/complexes_pdbs/rec_1_mol22.pdb,released_MERS-CoV_Mpro/mers_files/mers_22.pdb,24,24
fegrow_result/complexes_pdbs/rec_1_mol23.pdb,released_MERS-CoV_Mpro/mers_files/mers_23.pdb,37,37
fegrow_result/complexes_pdbs/rec_1_mol24.pdb,released_MERS-CoV_Mpro/mers_files/mers_24.pdb,38,38
fegrow_result/complexes_pdbs/rec_1_mol25.pdb,released_MERS-CoV_Mpro/mers_files/mers_25.pdb,40,40
fegrow_result/complexes_pdbs/rec_1_mol28.pdb,released_MERS-CoV_Mpro/mers_files/mers_28.pdb,39,39
fegrow_result/complexes_pdbs/rec_1_mol29.pdb,released_MERS-CoV_Mpro/mers_files/mers_29.pdb,39,39
fegrow_result/complexes_pdbs/rec_1_mol3.pdb,released_MERS-CoV_Mpro/mers_files/mers_3.pdb,42,42
fegrow_result/complexes_pdbs/rec_1_mol30.pdb,released_MERS-CoV_Mpro/mers_files/mers_30.pdb,39,39
fegrow_result/complexes_pdbs/rec_1_mol31.pdb,released_MERS-CoV_Mpro/mers_files/mers_31.pdb,41,41
fegrow_result/complexes_pdbs/rec_1_mol32.pdb,released_MERS-CoV_Mpro/mers_files/mers_32.pdb,38,38
fegrow_result/complexes_pdbs/rec_1_mol34.pdb,released_MERS-CoV_Mpro/mers_files/mers_34.pdb,35,35
fegrow_result/complexes_pdbs/rec_1_mol36.pdb,released_MERS-CoV_Mpro/mers_files/mers_36.pdb,35,35
fegrow_result/complexes_pdbs/rec_1_mol38.pdb,released_MERS-CoV_Mpro/mers_files/mers_38.pdb,40,40
fegrow_result/complexes_pdbs/rec_1_mol39.pdb,released_MERS-CoV_Mpro/mers_files/mers_39.pdb,35,35
fegrow_result/complexes_pdbs/rec_1_mol40.pdb,released_MERS-CoV_Mpro/mers_files/mers_40.pdb,35,35
fegrow_result/complexes_pdbs/rec_1_mol41.pdb,released_MERS-CoV_Mpro/mers_files/mers_41.pdb,38,38
fegrow_result/complexes_pdbs/rec_1_mol42.pdb,released_MERS-CoV_Mpro/mers_files/mers_42.pdb,38,38
fegrow_result/complexes_pdbs/rec_1_mol43.pdb,released_MERS-CoV_Mpro/mers_files/mers_43.pdb,36,36
fegrow_result/complexes_pdbs/rec_1_mol45.pdb,released_MERS-CoV_Mpro/mers_files/mers_45.pdb,35,35
fegrow_result/complexes_pdbs/rec_1_mol47.pdb,released_MERS-CoV_Mpro/mers_files/mers_47.pdb,33,33
fegrow_result/complexes_pdbs/rec_1_mol48.pdb,released_MERS-CoV_Mpro/mers_files/mers_48.pdb,21,21
fegrow_result/complexes_pdbs/rec_1_mol5.pdb,released_MERS-CoV_Mpro/mers_files/mers_5.pdb,31,31
fegrow_result/complexes_pdbs/rec_1_mol50.pdb,released_MERS-CoV_Mpro/mers_files/mers_50.pdb,22,22
fegrow_result/complexes_pdbs/rec_1_mol51.pdb,released_MERS-CoV_Mpro/mers_files/mers_51.pdb,42,42
fegrow_result/complexes_pdbs/rec_1_mol52.pdb,released_MERS-CoV_Mpro/mers_files/mers_52.pdb,40,40
fegrow_result/complexes_pdbs/rec_1_mol53.pdb,released_MERS-CoV_Mpro/mers_files/mers_53.pdb,44,44
fegrow_result/complexes_pdbs/rec_1_mol54.pdb,released_MERS-CoV_Mpro/mers_files/mers_54.pdb,40,40
fegrow_result/complexes_pdbs/rec_1_mol55.pdb,released_MERS-CoV_Mpro/mers_files/mers_55.pdb,34,34
fegrow_result/complexes_pdbs/rec_1_mol56.pdb,released_MERS-CoV_Mpro/mers_files/mers_56.pdb,24,24
fegrow_result/complexes_pdbs/rec_1_mol58.pdb,released_MERS-CoV_Mpro/mers_files/mers_58.pdb,35,35
fegrow_result/complexes_pdbs/rec_1_mol59.pdb,released_MERS-CoV_Mpro/mers_files/mers_59.pdb,36,36
fegrow_result/complexes_pdbs/rec_1_mol6.pdb,released_MERS-CoV_Mpro/mers_files/mers_6.pdb,36,36
fegrow_result/complexes_pdbs/rec_1_mol60.pdb,released_MERS-CoV_Mpro/mers_files/mers_60.pdb,22,22
fegrow_result/complexes_pdbs/rec_1_mol61.pdb,released_MERS-CoV_Mpro/mers_files/mers_61.pdb,41,41
fegrow_result/complexes_pdbs/rec_1_mol62.pdb,released_MERS-CoV_Mpro/mers_files/mers_62.pdb,38,38
fegrow_result/complexes_pdbs/rec_1_mol63.pdb,released_MERS-CoV_Mpro/mers_files/mers_63.pdb,34,34
fegrow_result/complexes_pdbs/rec_1_mol64.pdb,released_MERS-CoV_Mpro/mers_files/mers_64.pdb,36,36
fegrow_result/complexes_pdbs/rec_1_mol65.pdb,released_MERS-CoV_Mpro/mers_files/mers_65.pdb,34,34
fegrow_result/complexes_pdbs/rec_1_mol66.pdb,released_MERS-CoV_Mpro/mers_files/mers_66.pdb,25,25
fegrow_result/complexes_pdbs/rec_1_mol67.pdb,released_MERS-CoV_Mpro/mers_files/mers_67.pdb,38,38
fegrow_result/complexes_pdbs/rec_1_mol68.pdb,released_MERS-CoV_Mpro/mers_files/mers_68.pdb,35,35
fegrow_result/complexes_pdbs/rec_1_mol69.pdb,released_MERS-CoV_Mpro/mers_files/mers_69.pdb,37,37
fegrow_result/complexes_pdbs/rec_1_mol70.pdb,released_MERS-CoV_Mpro/mers_files/mers_70.pdb,35,35
fegrow_result/complexes_pdbs/rec_1_mol72.pdb,released_MERS-CoV_Mpro/mers_files/mers_72.pdb,36,36
fegrow_result/complexes_pdbs/rec_1_mol73.pdb,released_MERS-CoV_Mpro/mers_files/mers_73.pdb,32,32
fegrow_result/complexes_pdbs/rec_1_mol74.pdb,released_MERS-CoV_Mpro/mers_files/mers_74.pdb,34,34
fegrow_result/complexes_pdbs/rec_1_mol76.pdb,released_MERS-CoV_Mpro/mers_files/mers_76.pdb,33,33
fegrow_result/complexes_pdbs/rec_1_mol79.pdb,released_MERS-CoV_Mpro/mers_files/mers_79.pdb,20,20
fegrow_result/complexes_pdbs/rec_1_mol8.pdb,released_MERS-CoV_Mpro/mers_files/mers_8.pdb,38,38
fegrow_result/complexes_pdbs/rec_1_mol81.pdb,released_MERS-CoV_Mpro/mers_files/mers_81.pdb,35,35
fegrow_result/complexes_pdbs/rec_1_mol83.pdb,released_MERS-CoV_Mpro/mers_files/mers_83.pdb,38,38
fegrow_result/complexes_pdbs/rec_1_mol84.pdb,released_MERS-CoV_Mpro/mers_files/mers_84.pdb,35,35
fegrow_result/complexes_pdbs/rec_1_mol86.pdb,released_MERS-CoV_Mpro/mers_files/mers_86.pdb,40,40
fegrow_result/complexes_pdbs/rec_1_mol87.pdb,released_MERS-CoV_Mpro/mers_files/mers_87.pdb,38,38
fegrow_result/complexes_pdbs/rec_1_mol88.pdb,released_MERS-CoV_Mpro/mers_files/mers_88.pdb,36,36
fegrow_result/complexes_pdbs/rec_1_mol89.pdb,released_MERS-CoV_Mpro/mers_files/mers_89.pdb,20,20
fegrow_result/complexes_pdbs/rec_1_mol9.pdb,released_MERS-CoV_Mpro/mers_files/mers_9.pdb,35,35
fegrow_result/complexes_pdbs/rec_1_mol90.pdb,released_MERS-CoV_Mpro/mers_files/mers_90.pdb,34,34
fegrow_result/complexes_pdbs/rec_1_mol91.pdb,released_MERS-CoV_Mpro/mers_files/mers_91.pdb,34,34
fegrow_result/complexes_pdbs/rec_1_mol93.pdb,released_MERS-CoV_Mpro/mers_files/mers_93.pdb,32,32
fegrow_result/complexes_pdbs/rec_1_mol95.pdb,released_MERS-CoV_Mpro/mers_files/mers_95.pdb,39,39
fegrow_result/complexes_pdbs/rec_20_mol0.pdb,released_MERS-CoV_Mpro/mers_files/mers_0.pdb,41,41
fegrow_result/complexes_pdbs/rec_20_mol1.pdb,released_MERS-CoV_Mpro/mers_files/mers_1.pdb,30,30
fegrow_result/complexes_pdbs/rec_20_mol10.pdb,released_MERS-CoV_Mpro/mers_files/mers_10.pdb,38,38
fegrow_result/complexes_pdbs/rec_20_mol11.pdb,released_MERS-CoV_Mpro/mers_files/mers_11.pdb,28,28
fegrow_result/complexes_pdbs/rec_20_mol12.pdb,released_MERS-CoV_Mpro/mers_files/mers_12.pdb,24,24
fegrow_result/complexes_pdbs/rec_20_mol13.pdb,released_MERS-CoV_Mpro/mers_files/mers_13.pdb,38,38
fegrow_result/complexes_pdbs/rec_20_mol14.pdb,released_MERS-CoV_Mpro/mers_files/mers_14.pdb,37,37
fegrow_result/complexes_pdbs/rec_20_mol15.pdb,released_MERS-CoV_Mpro/mers_files/mers_15.pdb,38,38
fegrow_result/complexes_pdbs/rec_20_mol16.pdb,released_MERS-CoV_Mpro/mers_files/mers_16.pdb,25,25
fegrow_result/complexes_pdbs/rec_20_mol17.pdb,released_MERS-CoV_Mpro/mers_files/mers_17.pdb,35,35
fegrow_result/complexes_pdbs/rec_20_mol18.pdb,released_MERS-CoV_Mpro/mers_files/mers_18.pdb,24,24
fegrow_result/complexes_pdbs/rec_20_mol19.pdb,released_MERS-CoV_Mpro/mers_files/mers_19.pdb,39,39
fegrow_result/complexes_pdbs/rec_20_mol2.pdb,released_MERS-CoV_Mpro/mers_files/mers_2.pdb,33,33
fegrow_result/complexes_pdbs/rec_20_mol20.pdb,released_MERS-CoV_Mpro/mers_files/mers_20.pdb,37,37
fegrow_result/complexes_pdbs/rec_20_mol22.pdb,released_MERS-CoV_Mpro/mers_files/mers_22.pdb,24,24
fegrow_result/complexes_pdbs/rec_20_mol23.pdb,released_MERS-CoV_Mpro/mers_files/mers_23.pdb,37,37
fegrow_result/complexes_pdbs/rec_20_mol24.pdb,released_MERS-CoV_Mpro/mers_files/mers_24.pdb,38,38
fegrow_result/complexes_pdbs/rec_20_mol25.pdb,released_MERS-CoV_Mpro/mers_files/mers_25.pdb,40,40
fegrow_result/complexes_pdbs/rec_20_mol26.pdb,released_MERS-CoV_Mpro/mers_files/mers_26.pdb,27,27
fegrow_result/complexes_pdbs/rec_20_mol27.pdb,released_MERS-CoV_Mpro/mers_files/mers_27.pdb,25,25
fegrow_result/complexes_pdbs/rec_20_mol28.pdb,released_MERS-CoV_Mpro/mers_files/mers_28.pdb,39,39
fegrow_result/complexes_pdbs/rec_20_mol29.pdb,released_MERS-CoV_Mpro/mers_files/mers_29.pdb,39,39
fegrow_result/complexes_pdbs/rec_20_mol3.pdb,released_MERS-CoV_Mpro/mers_files/mers_3.pdb,42,42
fegrow_result/complexes_pdbs/rec_20_mol30.pdb,released_MERS-CoV_Mpro/mers_files/mers_30.pdb,39,39
fegrow_result/complexes_pdbs/rec_20_mol31.pdb,released_MERS-CoV_Mpro/mers_files/mers_31.pdb,41,41
fegrow_result/complexes_pdbs/rec_20_mol32.pdb,released_MERS-CoV_Mpro/mers_files/mers_32.pdb,38,38
fegrow_result/complexes_pdbs/rec_20_mol33.pdb,released_MERS-CoV_Mpro/mers_files/mers_33.pdb,25,25
fegrow_result/complexes_pdbs/rec_20_mol35.pdb,released_MERS-CoV_Mpro/mers_files/mers_35.pdb,31,31
fegrow_result/complexes_pdbs/rec_20_mol36.pdb,released_MERS-CoV_Mpro/mers_files/mers_36.pdb,35,35
fegrow_result/complexes_pdbs/rec_20_mol37.pdb,released_MERS-CoV_Mpro/mers_files/mers_37.pdb,30,30
fegrow_result/complexes_pdbs/rec_20_mol38.pdb,released_MERS-CoV_Mpro/mers_files/mers_38.pdb,40,40
fegrow_result/complexes_pdbs/rec_20_mol39.pdb,released_MERS-CoV_Mpro/mers_files/mers_39.pdb,35,35
fegrow_result/complexes_pdbs/rec_20_mol4.pdb,released_MERS-CoV_Mpro/mers_files/mers_4.pdb,23,23
fegrow_result/complexes_pdbs/rec_20_mol40.pdb,released_MERS-CoV_Mpro/mers_files/mers_40.pdb,35,35
fegrow_result/complexes_pdbs/rec_20_mol41.pdb,released_MERS-CoV_Mpro/mers_files/mers_41.pdb,38,38
fegrow_result/complexes_pdbs/rec_20_mol42.pdb,released_MERS-CoV_Mpro/mers_files/mers_42.pdb,38,38
fegrow_result/complexes_pdbs/rec_20_mol43.pdb,released_MERS-CoV_Mpro/mers_files/mers_43.pdb,36,36
fegrow_result/complexes_pdbs/rec_20_mol44.pdb,released_MERS-CoV_Mpro/mers_files/mers_44.pdb,34,34
fegrow_result/complexes_pdbs/rec_20_mol45.pdb,released_MERS-CoV_Mpro/mers_files/mers_45.pdb,35,35
fegrow_result/complexes_pdbs/rec_20_mol46.pdb,released_MERS-CoV_Mpro/mers_files/mers_46.pdb,38,38
fegrow_result/complexes_pdbs/rec_20_mol47.pdb,released_MERS-CoV_Mpro/mers_files/mers_47.pdb,33,33
fegrow_result/complexes_pdbs/rec_20_mol48.pdb,released_MERS-CoV_Mpro/mers_files/mers_48.pdb,21,21
fegrow_result/complexes_pdbs/rec_20_mol49.pdb,released_MERS-CoV_Mpro/mers_files/mers_49.pdb,26,26
fegrow_result/complexes_pdbs/rec_20_mol50.pdb,released_MERS-CoV_Mpro/mers_files/mers_50.pdb,22,22
fegrow_result/complexes_pdbs/rec_20_mol51.pdb,released_MERS-CoV_Mpro/mers_files/mers_51.pdb,42,42
fegrow_result/complexes_pdbs/rec_20_mol52.pdb,released_MERS-CoV_Mpro/mers_files/mers_52.pdb,40,40
fegrow_result/complexes_pdbs/rec_20_mol53.pdb,released_MERS-CoV_Mpro/mers_files/mers_53.pdb,44,44
fegrow_result/complexes_pdbs/rec_20_mol54.pdb,released_MERS-CoV_Mpro/mers_files/mers_54.pdb,40,40
fegrow_result/complexes_pdbs/rec_20_mol56.pdb,released_MERS-CoV_Mpro/mers_files/mers_56.pdb,24,24
fegrow_result/complexes_pdbs/rec_20_mol57.pdb,released_MERS-CoV_Mpro/mers_files/mers_57.pdb,40,40
fegrow_result/complexes_pdbs/rec_20_mol6.pdb,released_MERS-CoV_Mpro/mers_files/mers_6.pdb,36,36
fegrow_result/complexes_pdbs/rec_20_mol60.pdb,released_MERS-CoV_Mpro/mers_files/mers_60.pdb,22,22
fegrow_result/complexes_pdbs/rec_20_mol61.pdb,released_MERS-CoV_Mpro/mers_files/mers_61.pdb,41,41
fegrow_result/complexes_pdbs/rec_20_mol62.pdb,released_MERS-CoV_Mpro/mers_files/mers_62.pdb,38,38
fegrow_result/complexes_pdbs/rec_20_mol64.pdb,released_MERS-CoV_Mpro/mers_files/mers_64.pdb,36,36
fegrow_result/complexes_pdbs/rec_20_mol65.pdb,released_MERS-CoV_Mpro/mers_files/mers_65.pdb,34,34
fegrow_result/complexes_pdbs/rec_20_mol66.pdb,released_MERS-CoV_Mpro/mers_files/mers_66.pdb,25,25
fegrow_result/complexes_pdbs/rec_20_mol67.pdb,released_MERS-CoV_Mpro/mers_files/mers_67.pdb,38,38
fegrow_result/complexes_pdbs/rec_20_mol68.pdb,released_MERS-CoV_Mpro/mers_files/mers_68.pdb,35,35
fegrow_result/complexes_pdbs/rec_20_mol69.pdb,released_MERS-CoV_Mpro/mers_files/mers_69.pdb,37,37
fegrow_result/complexes_pdbs/rec_20_mol7.pdb,released_MERS-CoV_Mpro/mers_files/mers_7.pdb,19,19
fegrow_result/complexes_pdbs/rec_20_mol71.pdb,released_MERS-CoV_Mpro/mers_files/mers_71.pdb,35,35
fegrow_result/complexes_pdbs/rec_20_mol72.pdb,released_MERS-CoV_Mpro/mers_files/mers_72.pdb,36,36
fegrow_result/complexes_pdbs/rec_20_mol73.pdb,released_MERS-CoV_Mpro/mers_files/mers_73.pdb,32,32
fegrow_result/complexes_pdbs/rec_20_mol74.pdb,released_MERS-CoV_Mpro/mers_files/mers_74.pdb,34,34
fegrow_result/complexes_pdbs/rec_20_mol75.pdb,released_MERS-CoV_Mpro/mers_files/mers_75.pdb,41,41
fegrow_result/complexes_pdbs/rec_20_mol76.pdb,released_MERS-CoV_Mpro/mers_files/mers_76.pdb,33,33
fegrow_result/complexes_pdbs/rec_20_mol77.pdb,released_MERS-CoV_Mpro/mers_files/mers_77.pdb,33,33
fegrow_result/complexes_pdbs/rec_20_mol79.pdb,released_MERS-CoV_Mpro/mers_files/mers_79.pdb,20,20
fegrow_result/complexes_pdbs/rec_20_mol8.pdb,released_MERS-CoV_Mpro/mers_files/mers_8.pdb,38,38
fegrow_result/complexes_pdbs/rec_20_mol80.pdb,released_MERS-CoV_Mpro/mers_files/mers_80.pdb,35,35
fegrow_result/complexes_pdbs/rec_20_mol82.pdb,released_MERS-CoV_Mpro/mers_files/mers_82.pdb,34,34
fegrow_result/complexes_pdbs/rec_20_mol83.pdb,released_MERS-CoV_Mpro/mers_files/mers_83.pdb,38,38
fegrow_result/complexes_pdbs/rec_20_mol84.pdb,released_MERS-CoV_Mpro/mers_files/mers_84.pdb,35,35
fegrow_result/complexes_pdbs/rec_20_mol85.pdb,released_MERS-CoV_Mpro/mers_files/mers_85.pdb,34,34
fegrow_result/complexes_pdbs/rec_20_mol86.pdb,released_MERS-CoV_Mpro/mers_files/mers_86.pdb,40,40
fegrow_result/complexes_pdbs/rec_20_mol87.pdb,released_MERS-CoV_Mpro/mers_files/mers_87.pdb,38,38
fegrow_result/complexes_pdbs/rec_20_mol88.pdb,released_MERS-CoV_Mpro/mers_files/mers_88.pdb,36,36
fegrow_result/complexes_pdbs/rec_20_mol89.pdb,released_MERS-CoV_Mpro/mers_files/mers_89.pdb,20,20
fegrow_result/complexes_pdbs/rec_20_mol9.pdb,released_MERS-CoV_Mpro/mers_files/mers_9.pdb,35,35
fegrow_result/complexes_pdbs/rec_20_mol90.pdb,released_MERS-CoV_Mpro/mers_files/mers_90.pdb,34,34
fegrow_result/complexes_pdbs/rec_20_mol92.pdb,released_MERS-CoV_Mpro/mers_files/mers_92.pdb,27,27
fegrow_result/complexes_pdbs/rec_20_mol93.pdb,released_MERS-CoV_Mpro/mers_files/mers_93.pdb,32,32
fegrow_result/complexes_pdbs/rec_20_mol94.pdb,released_MERS-CoV_Mpro/mers_files/mers_94.pdb,36,36
fegrow_result/complexes_pdbs/rec_20_mol95.pdb,released_MERS-CoV_Mpro/mers_files/mers_95.pdb,39,39
fegrow_result/complexes_pdbs/rec_20_mol96.pdb,released_MERS-CoV_Mpro/mers_files/mers_96.pdb,22,22
fegrow_result/complexes_pdbs/rec_2_mol0.pdb,released_MERS-CoV_Mpro/mers_files/mers_0.pdb,41,41
fegrow_result/complexes_pdbs/rec_2_mol1.pdb,released_MERS-CoV_Mpro/mers_files/mers_1.pdb,30,30
fegrow_result/complexes_pdbs/rec_2_mol10.pdb,released_MERS-CoV_Mpro/mers_files/mers_10.pdb,38,38
fegrow_result/complexes_pdbs/rec_2_mol11.pdb,released_MERS-CoV_Mpro/mers_files/mers_11.pdb,28,28
fegrow_result/complexes_pdbs/rec_2_mol12.pdb,released_MERS-CoV_Mpro/mers_files/mers_12.pdb,24,24
fegrow_result/complexes_pdbs/rec_2_mol13.pdb,released_MERS-CoV_Mpro/mers_files/mers_13.pdb,38,38
fegrow_result/complexes_pdbs/rec_2_mol14.pdb,released_MERS-CoV_Mpro/mers_files/mers_14.pdb,37,37
fegrow_result/complexes_pdbs/rec_2_mol15.pdb,released_MERS-CoV_Mpro/mers_files/mers_15.pdb,38,38
fegrow_result/complexes_pdbs/rec_2_mol16.pdb,released_MERS-CoV_Mpro/mers_files/mers_16.pdb,25,25
fegrow_result/complexes_pdbs/rec_2_mol17.pdb,released_MERS-CoV_Mpro/mers_files/mers_17.pdb,35,35
fegrow_result/complexes_pdbs/rec_2_mol18.pdb,released_MERS-CoV_Mpro/mers_files/mers_18.pdb,24,24
fegrow_result/complexes_pdbs/rec_2_mol19.pdb,released_MERS-CoV_Mpro/mers_files/mers_19.pdb,39,39
fegrow_result/complexes_pdbs/rec_2_mol2.pdb,released_MERS-CoV_Mpro/mers_files/mers_2.pdb,33,33
fegrow_result/complexes_pdbs/rec_2_mol20.pdb,released_MERS-CoV_Mpro/mers_files/mers_20.pdb,37,37
fegrow_result/complexes_pdbs/rec_2_mol21.pdb,released_MERS-CoV_Mpro/mers_files/mers_21.pdb,35,35
fegrow_result/complexes_pdbs/rec_2_mol22.pdb,released_MERS-CoV_Mpro/mers_files/mers_22.pdb,24,24
fegrow_result/complexes_pdbs/rec_2_mol23.pdb,released_MERS-CoV_Mpro/mers_files/mers_23.pdb,37,37
fegrow_result/complexes_pdbs/rec_2_mol24.pdb,released_MERS-CoV_Mpro/mers_files/mers_24.pdb,38,38
fegrow_result/complexes_pdbs/rec_2_mol25.pdb,released_MERS-CoV_Mpro/mers_files/mers_25.pdb,40,40
fegrow_result/complexes_pdbs/rec_2_mol26.pdb,released_MERS-CoV_Mpro/mers_files/mers_26.pdb,27,27
fegrow_result/complexes_pdbs/rec_2_mol27.pdb,released_MERS-CoV_Mpro/mers_files/mers_27.pdb,25,25
fegrow_result/complexes_pdbs/rec_2_mol28.pdb,released_MERS-CoV_Mpro/mers_files/mers_28.pdb,39,39
fegrow_result/complexes_pdbs/rec_2_mol29.pdb,released_MERS-CoV_Mpro/mers_files/mers_29.pdb,39,39
fegrow_result/complexes_pdbs/rec_2_mol3.pdb,released_MERS-CoV_Mpro/mers_files/mers_3.pdb,42,42
fegrow_result/complexes_pdbs/rec_2_mol30.pdb,released_MERS-CoV_Mpro/mers_files/mers_30.pdb,39,39
fegrow_result/complexes_pdbs/rec_2_mol31.pdb,released_MERS-CoV_Mpro/mers_files/mers_31.pdb,41,41
fegrow_result/complexes_pdbs/rec_2_mol32.pdb,released_MERS-CoV_Mpro/mers_files/mers_32.pdb,38,38
fegrow_result/complexes_pdbs/rec_2_mol33.pdb,released_MERS-CoV_Mpro/mers_files/mers_33.pdb,25,25
fegrow_result/complexes_pdbs/rec_2_mol34.pdb,released_MERS-CoV_Mpro/mers_files/mers_34.pdb,35,35
fegrow_result/complexes_pdbs/rec_2_mol35.pdb,released_MERS-CoV_Mpro/mers_files/mers_35.pdb,31,31
fegrow_result/complexes_pdbs/rec_2_mol36.pdb,released_MERS-CoV_Mpro/mers_files/mers_36.pdb,35,35
fegrow_result/complexes_pdbs/rec_2_mol37.pdb,released_MERS-CoV_Mpro/mers_files/mers_37.pdb,30,30
fegrow_result/complexes_pdbs/rec_2_mol38.pdb,released_MERS-CoV_Mpro/mers_files/mers_38.pdb,40,40
fegrow_result/complexes_pdbs/rec_2_mol39.pdb,released_MERS-CoV_Mpro/mers_files/mers_39.pdb,35,35
fegrow_result/complexes_pdbs/rec_2_mol4.pdb,released_MERS-CoV_Mpro/mers_files/mers_4.pdb,23,23
fegrow_result/complexes_pdbs/rec_2_mol40.pdb,released_MERS-CoV_Mpro/mers_files/mers_40.pdb,35,35
fegrow_result/complexes_pdbs/rec_2_mol41.pdb,released_MERS-CoV_Mpro/mers_files/mers_41.pdb,38,38
fegrow_result/complexes_pdbs/rec_2_mol42.pdb,released_MERS-CoV_Mpro/mers_files/mers_42.pdb,38,38
fegrow_result/complexes_pdbs/rec_2_mol43.pdb,released_MERS-CoV_Mpro/mers_files/mers_43.pdb,36,36
fegrow_result/complexes_pdbs/rec_2_mol44.pdb,released_MERS-CoV_Mpro/mers_files/mers_44.pdb,34,34
fegrow_result/complexes_pdbs/rec_2_mol45.pdb,released_MERS-CoV_Mpro/mers_files/mers_45.pdb,35,35
fegrow_result/complexes_pdbs/rec_2_mol46.pdb,released_MERS-CoV_Mpro/mers_files/mers_46.pdb,38,38
fegrow_result/complexes_pdbs/rec_2_mol47.pdb,released_MERS-CoV_Mpro/mers_files/mers_47.pdb,33,33
fegrow_result/complexes_pdbs/rec_2_mol48.pdb,released_MERS-CoV_Mpro/mers_files/mers_48.pdb,21,21
fegrow_result/complexes_pdbs/rec_2_mol49.pdb,released_MERS-CoV_Mpro/mers_files/mers_49.pdb,26,26
fegrow_result/complexes_pdbs/rec_2_mol5.pdb,released_MERS-CoV_Mpro/mers_files/mers_5.pdb,31,31
fegrow_result/complexes_pdbs/rec_2_mol50.pdb,released_MERS-CoV_Mpro/mers_files/mers_50.pdb,22,22
fegrow_result/complexes_pdbs/rec_2_mol51.pdb,released_MERS-CoV_Mpro/mers_files/mers_51.pdb,42,42
fegrow_result/complexes_pdbs/rec_2_mol52.pdb,released_MERS-CoV_Mpro/mers_files/mers_52.pdb,40,40
fegrow_result/complexes_pdbs/rec_2_mol53.pdb,released_MERS-CoV_Mpro/mers_files/mers_53.pdb,44,44
fegrow_result/complexes_pdbs/rec_2_mol54.pdb,released_MERS-CoV_Mpro/mers_files/mers_54.pdb,40,40
fegrow_result/complexes_pdbs/rec_2_mol55.pdb,released_MERS-CoV_Mpro/mers_files/mers_55.pdb,34,34
fegrow_result/complexes_pdbs/rec_2_mol56.pdb,released_MERS-CoV_Mpro/mers_files/mers_56.pdb,24,24
fegrow_result/complexes_pdbs/rec_2_mol57.pdb,released_MERS-CoV_Mpro/mers_files/mers_57.pdb,40,40
fegrow_result/complexes_pdbs/rec_2_mol58.pdb,released_MERS-CoV_Mpro/mers_files/mers_58.pdb,35,35
fegrow_result/complexes_pdbs/rec_2_mol59.pdb,released_MERS-CoV_Mpro/mers_files/mers_59.pdb,36,36
fegrow_result/complexes_pdbs/rec_2_mol6.pdb,released_MERS-CoV_Mpro/mers_files/mers_6.pdb,36,36
fegrow_result/complexes_pdbs/rec_2_mol60.pdb,released_MERS-CoV_Mpro/mers_files/mers_60.pdb,22,22
fegrow_result/complexes_pdbs/rec_2_mol61.pdb,released_MERS-CoV_Mpro/mers_files/mers_61.pdb,41,41
fegrow_result/complexes_pdbs/rec_2_mol62.pdb,released_MERS-CoV_Mpro/mers_files/mers_62.pdb,38,38
fegrow_result/complexes_pdbs/rec_2_mol63.pdb,released_MERS-CoV_Mpro/mers_files/mers_63.pdb,34,34
fegrow_result/complexes_pdbs/rec_2_mol64.pdb,released_MERS-CoV_Mpro/mers_files/mers_64.pdb,36,36
fegrow_result/complexes_pdbs/rec_2_mol65.pdb,released_MERS-CoV_Mpro/mers_files/mers_65.pdb,34,34
fegrow_result/complexes_pdbs/rec_2_mol66.pdb,released_MERS-CoV_Mpro/mers_files/mers_66.pdb,25,25
fegrow_result/complexes_pdbs/rec_2_mol68.pdb,released_MERS-CoV_Mpro/mers_files/mers_68.pdb,35,35
fegrow_result/complexes_pdbs/rec_2_mol69.pdb,released_MERS-CoV_Mpro/mers_files/mers_69.pdb,37,37
fegrow_result/complexes_pdbs/rec_2_mol7.pdb,released_MERS-CoV_Mpro/mers_files/mers_7.pdb,19,19
fegrow_result/complexes_pdbs/rec_2_mol70.pdb,released_MERS-CoV_Mpro/mers_files/mers_70.pdb,35,35
fegrow_result/complexes_pdbs/rec_2_mol71.pdb,released_MERS-CoV_Mpro/mers_files/mers_71.pdb,35,35
fegrow_result/complexes_pdbs/rec_2_mol72.pdb,released_MERS-CoV_Mpro/mers_files/mers_72.pdb,36,36
fegrow_result/complexes_pdbs/rec_2_mol73.pdb,released_MERS-CoV_Mpro/mers_files/mers_73.pdb,32,32
fegrow_result/complexes_pdbs/rec_2_mol74.pdb,released_MERS-CoV_Mpro/mers_files/mers_74.pdb,34,34
fegrow_result/complexes_pdbs/rec_2_mol75.pdb,released_MERS-CoV_Mpro/mers_files/mers_75.pdb,41,41
fegrow_result/complexes_pdbs/rec_2_mol76.pdb,released_MERS-CoV_Mpro/mers_files/mers_76.pdb,33,33
fegrow_result/complexes_pdbs/rec_2_mol77.pdb,released_MERS-CoV_Mpro/mers_files/mers_77.pdb,33,33
fegrow_result/complexes_pdbs/rec_2_mol79.pdb,released_MERS-CoV_Mpro/mers_files/mers_79.pdb,20,20
fegrow_result/complexes_pdbs/rec_2_mol8.pdb,released_MERS-CoV_Mpro/mers_files/mers_8.pdb,38,38
fegrow_result/complexes_pdbs/rec_2_mol80.pdb,released_MERS-CoV_Mpro/mers_files/mers_80.pdb,35,35
fegrow_result/complexes_pdbs/rec_2_mol81.pdb,released_MERS-CoV_Mpro/mers_files/mers_81.pdb,35,35
fegrow_result/complexes_pdbs/rec_2_mol82.pdb,released_MERS-CoV_Mpro/mers_files/mers_82.pdb,34,34
fegrow_result/complexes_pdbs/rec_2_mol83.pdb,released_MERS-CoV_Mpro/mers_files/mers_83.pdb,38,38
fegrow_result/complexes_pdbs/rec_2_mol84.pdb,released_MERS-CoV_Mpro/mers_files/mers_84.pdb,35,35
fegrow_result/complexes_pdbs/rec_2_mol85.pdb,released_MERS-CoV_Mpro/mers_files/mers_85.pdb,34,34
fegrow_result/complexes_pdbs/rec_2_mol86.pdb,released_MERS-CoV_Mpro/mers_files/mers_86.pdb,40,40
fegrow_result/complexes_pdbs/rec_2_mol87.pdb,released_MERS-CoV_Mpro/mers_files/mers_87.pdb,38,38
fegrow_result/complexes_pdbs/rec_2_mol88.pdb,released_MERS-CoV_Mpro/mers_files/mers_88.pdb,36,36
fegrow_result/complexes_pdbs/rec_2_mol89.pdb,released_MERS-CoV_Mpro/mers_files/mers_89.pdb,20,20
fegrow_result/complexes_pdbs/rec_2_mol9.pdb,released_MERS-CoV_Mpro/mers_files/mers_9.pdb,35,35
fegrow_result/complexes_pdbs/rec_2_mol90.pdb,released_MERS-CoV_Mpro/mers_files/mers_90.pdb,34,34
fegrow_result/complexes_pdbs/rec_2_mol91.pdb,released_MERS-CoV_Mpro/mers_files/mers_91.pdb,34,34
fegrow_result/complexes_pdbs/rec_2_mol92.pdb,released_MERS-CoV_Mpro/mers_files/mers_92.pdb,27,27
fegrow_result/complexes_pdbs/rec_2_mol93.pdb,released_MERS-CoV_Mpro/mers_files/mers_93.pdb,32,32
fegrow_result/complexes_pdbs/rec_2_mol94.pdb,released_MERS-CoV_Mpro/mers_files/mers_94.pdb,36,36
fegrow_result/complexes_pdbs/rec_2_mol95.pdb,released_MERS-CoV_Mpro/mers_files/mers_95.pdb,39,39
fegrow_result/complexes_pdbs/rec_2_mol96.pdb,released_MERS-CoV_Mpro/mers_files/mers_96.pdb,22,22
fegrow_result/complexes_pdbs/rec_4_mol0.pdb,released_MERS-CoV_Mpro/mers_files/mers_0.pdb,41,41
fegrow_result/complexes_pdbs/rec_4_mol1.pdb,released_MERS-CoV_Mpro/mers_files/mers_1.pdb,30,30
fegrow_result/complexes_pdbs/rec_4_mol10.pdb,released_MERS-CoV_Mpro/mers_files/mers_10.pdb,38,38
fegrow_result/complexes_pdbs/rec_4_mol11.pdb,released_MERS-CoV_Mpro/mers_files/mers_11.pdb,28,28
fegrow_result/complexes_pdbs/rec_4_mol12.pdb,released_MERS-CoV_Mpro/mers_files/mers_12.pdb,24,24
fegrow_result/complexes_pdbs/rec_4_mol13.pdb,released_MERS-CoV_Mpro/mers_files/mers_13.pdb,38,38
fegrow_result/complexes_pdbs/rec_4_mol14.pdb,released_MERS-CoV_Mpro/mers_files/mers_14.pdb,37,37
fegrow_result/complexes_pdbs/rec_4_mol15.pdb,released_MERS-CoV_Mpro/mers_files/mers_15.pdb,38,38
fegrow_result/complexes_pdbs/rec_4_mol16.pdb,released_MERS-CoV_Mpro/mers_files/mers_16.pdb,25,25
fegrow_result/complexes_pdbs/rec_4_mol17.pdb,released_MERS-CoV_Mpro/mers_files/mers_17.pdb,35,35
fegrow_result/complexes_pdbs/rec_4_mol18.pdb,released_MERS-CoV_Mpro/mers_files/mers_18.pdb,24,24
fegrow_result/complexes_pdbs/rec_4_mol19.pdb,released_MERS-CoV_Mpro/mers_files/mers_19.pdb,39,39
fegrow_result/complexes_pdbs/rec_4_mol2.pdb,released_MERS-CoV_Mpro/mers_files/mers_2.pdb,33,33
fegrow_result/complexes_pdbs/rec_4_mol20.pdb,released_MERS-CoV_Mpro/mers_files/mers_20.pdb,37,37
fegrow_result/complexes_pdbs/rec_4_mol21.pdb,released_MERS-CoV_Mpro/mers_files/mers_21.pdb,35,35
fegrow_result/complexes_pdbs/rec_4_mol22.pdb,released_MERS-CoV_Mpro/mers_files/mers_22.pdb,24,24
fegrow_result/complexes_pdbs/rec_4_mol23.pdb,released_MERS-CoV_Mpro/mers_files/mers_23.pdb,37,37
fegrow_result/complexes_pdbs/rec_4_mol24.pdb,released_MERS-CoV_Mpro/mers_files/mers_24.pdb,38,38
fegrow_result/complexes_pdbs/rec_4_mol25.pdb,released_MERS-CoV_Mpro/mers_files/mers_25.pdb,40,40
fegrow_result/complexes_pdbs/rec_4_mol26.pdb,released_MERS-CoV_Mpro/mers_files/mers_26.pdb,27,27
fegrow_result/complexes_pdbs/rec_4_mol27.pdb,released_MERS-CoV_Mpro/mers_files/mers_27.pdb,25,25
fegrow_result/complexes_pdbs/rec_4_mol28.pdb,released_MERS-CoV_Mpro/mers_files/mers_28.pdb,39,39
fegrow_result/complexes_pdbs/rec_4_mol29.pdb,released_MERS-CoV_Mpro/mers_files/mers_29.pdb,39,39
fegrow_result/complexes_pdbs/rec_4_mol3.pdb,released_MERS-CoV_Mpro/mers_files/mers_3.pdb,42,42
fegrow_result/complexes_pdbs/rec_4_mol30.pdb,released_MERS-CoV_Mpro/mers_files/mers_30.pdb,39,39
fegrow_result/complexes_pdbs/rec_4_mol31.pdb,released_MERS-CoV_Mpro/mers_files/mers_31.pdb,41,41
fegrow_result/complexes_pdbs/rec_4_mol32.pdb,released_MERS-CoV_Mpro/mers_files/mers_32.pdb,38,38
fegrow_result/complexes_pdbs/rec_4_mol33.pdb,released_MERS-CoV_Mpro/mers_files/mers_33.pdb,25,25
fegrow_result/complexes_pdbs/rec_4_mol34.pdb,released_MERS-CoV_Mpro/mers_files/mers_34.pdb,35,35
fegrow_result/complexes_pdbs/rec_4_mol35.pdb,released_MERS-CoV_Mpro/mers_files/mers_35.pdb,31,31
fegrow_result/complexes_pdbs/rec_4_mol36.pdb,released_MERS-CoV_Mpro/mers_files/mers_36.pdb,35,35
fegrow_result/complexes_pdbs/rec_4_mol37.pdb,released_MERS-CoV_Mpro/mers_files/mers_37.pdb,30,30
fegrow_result/complexes_pdbs/rec_4_mol38.pdb,released_MERS-CoV_Mpro/mers_files/mers_38.pdb,40,40
fegrow_result/complexes_pdbs/rec_4_mol39.pdb,released_MERS-CoV_Mpro/mers_files/mers_39.pdb,35,35
fegrow_result/complexes_pdbs/rec_4_mol4.pdb,released_MERS-CoV_Mpro/mers_files/mers_4.pdb,23,23
fegrow_result/complexes_pdbs/rec_4_mol40.pdb,released_MERS-CoV_Mpro/mers_files/mers_40.pdb,35,35
fegrow_result/complexes_pdbs/rec_4_mol41.pdb,released_MERS-CoV_Mpro/mers_files/mers_41.pdb,38,38
fegrow_result/complexes_pdbs/rec_4_mol42.pdb,released_MERS-CoV_Mpro/mers_files/mers_42.pdb,38,38
fegrow_result/complexes_pdbs/rec_4_mol43.pdb,released_MERS-CoV_Mpro/mers_files/mers_43.pdb,36,36
fegrow_result/complexes_pdbs/rec_4_mol44.pdb,released_MERS-CoV_Mpro/mers_files/mers_44.pdb,34,34
fegrow_result/complexes_pdbs/rec_4_mol45.pdb,released_MERS-CoV_Mpro/mers_files/mers_45.pdb,35,35
fegrow_result/complexes_pdbs/rec_4_mol46.pdb,released_MERS-CoV_Mpro/mers_files/mers_46.pdb,38,38
fegrow_result/complexes_pdbs/rec_4_mol47.pdb,released_MERS-CoV_Mpro/mers_files/mers_47.pdb,33,33
fegrow_result/complexes_pdbs/rec_4_mol48.pdb,released_MERS-CoV_Mpro/mers_files/mers_48.pdb,21,21
fegrow_result/complexes_pdbs/rec_4_mol49.pdb,released_MERS-CoV_Mpro/mers_files/mers_49.pdb,26,26
fegrow_result/complexes_pdbs/rec_4_mol5.pdb,released_MERS-CoV_Mpro/mers_files/mers_5.pdb,31,31
fegrow_result/complexes_pdbs/rec_4_mol50.pdb,released_MERS-CoV_Mpro/mers_files/mers_50.pdb,22,22
fegrow_result/complexes_pdbs/rec_4_mol51.pdb,released_MERS-CoV_Mpro/mers_files/mers_51.pdb,42,42
fegrow_result/complexes_pdbs/rec_4_mol52.pdb,released_MERS-CoV_Mpro/mers_files/mers_52.pdb,40,40
fegrow_result/complexes_pdbs/rec_4_mol53.pdb,released_MERS-CoV_Mpro/mers_files/mers_53.pdb,44,44
fegrow_result/complexes_pdbs/rec_4_mol54.pdb,released_MERS-CoV_Mpro/mers_files/mers_54.pdb,40,40
fegrow_result/complexes_pdbs/rec_4_mol55.pdb,released_MERS-CoV_Mpro/mers_files/mers_55.pdb,34,34
fegrow_result/complexes_pdbs/rec_4_mol56.pdb,released_MERS-CoV_Mpro/mers_files/mers_56.pdb,24,24
fegrow_result/complexes_pdbs/rec_4_mol57.pdb,released_MERS-CoV_Mpro/mers_files/mers_57.pdb,40,40
fegrow_result/complexes_pdbs/rec_4_mol58.pdb,released_MERS-CoV_Mpro/mers_files/mers_58.pdb,35,35
fegrow_result/complexes_pdbs/rec_4_mol59.pdb,released_MERS-CoV_Mpro/mers_files/mers_59.pdb,36,36
fegrow_result/complexes_pdbs/rec_4_mol6.pdb,released_MERS-CoV_Mpro/mers_files/mers_6.pdb,36,36
fegrow_result/complexes_pdbs/rec_4_mol60.pdb,released_MERS-CoV_Mpro/mers_files/mers_60.pdb,22,22
fegrow_result/complexes_pdbs/rec_4_mol61.pdb,released_MERS-CoV_Mpro/mers_files/mers_61.pdb,41,41
fegrow_result/complexes_pdbs/rec_4_mol62.pdb,released_MERS-CoV_Mpro/mers_files/mers_62.pdb,38,38
fegrow_result/complexes_pdbs/rec_4_mol63.pdb,released_MERS-CoV_Mpro/mers_files/mers_63.pdb,34,34
fegrow_result/complexes_pdbs/rec_4_mol64.pdb,released_MERS-CoV_Mpro/mers_files/mers_64.pdb,36,36
fegrow_result/complexes_pdbs/rec_4_mol65.pdb,released_MERS-CoV_Mpro/mers_files/mers_65.pdb,34,34
fegrow_result/complexes_pdbs/rec_4_mol66.pdb,released_MERS-CoV_Mpro/mers_files/mers_66.pdb,25,25
fegrow_result/complexes_pdbs/rec_4_mol67.pdb,released_MERS-CoV_Mpro/mers_files/mers_67.pdb,38,38
fegrow_result/complexes_pdbs/rec_4_mol68.pdb,released_MERS-CoV_Mpro/mers_files/mers_68.pdb,35,35
fegrow_result/complexes_pdbs/rec_4_mol69.pdb,released_MERS-CoV_Mpro/mers_files/mers_69.pdb,37,37
fegrow_result/complexes_pdbs/rec_4_mol7.pdb,released_MERS-CoV_Mpro/mers_files/mers_7.pdb,19,19
fegrow_result/complexes_pdbs/rec_4_mol70.pdb,released_MERS-CoV_Mpro/mers_files/mers_70.pdb,35,35
fegrow_result/complexes_pdbs/rec_4_mol71.pdb,released_MERS-CoV_Mpro/mers_files/mers_71.pdb,35,35
fegrow_result/complexes_pdbs/rec_4_mol72.pdb,released_MERS-CoV_Mpro/mers_files/mers_72.pdb,36,36
fegrow_result/complexes_pdbs/rec_4_mol73.pdb,released_MERS-CoV_Mpro/mers_files/mers_73.pdb,32,32
fegrow_result/complexes_pdbs/rec_4_mol74.pdb,released_MERS-CoV_Mpro/mers_files/mers_74.pdb,34,34
fegrow_result/complexes_pdbs/rec_4_mol75.pdb,released_MERS-CoV_Mpro/mers_files/mers_75.pdb,41,41
fegrow_result/complexes_pdbs/rec_4_mol76.pdb,released_MERS-CoV_Mpro/mers_files/mers_76.pdb,33,33
fegrow_result/complexes_pdbs/rec_4_mol77.pdb,released_MERS-CoV_Mpro/mers_files/mers_77.pdb,33,33
fegrow_result/complexes_pdbs/rec_4_mol79.pdb,released_MERS-CoV_Mpro/mers_files/mers_79.pdb,20,20
fegrow_result/complexes_pdbs/rec_4_mol8.pdb,released_MERS-CoV_Mpro/mers_files/mers_8.pdb,38,38
fegrow_result/complexes_pdbs/rec_4_mol80.pdb,released_MERS-CoV_Mpro/mers_files/mers_80.pdb,35,35
fegrow_result/complexes_pdbs/rec_4_mol81.pdb,released_MERS-CoV_Mpro/mers_files/mers_81.pdb,35,35
fegrow_result/complexes_pdbs/rec_4_mol82.pdb,released_MERS-CoV_Mpro/mers_files/mers_82.pdb,34,34
fegrow_result/complexes_pdbs/rec_4_mol83.pdb,released_MERS-CoV_Mpro/mers_files/mers_83.pdb,38,38
fegrow_result/complexes_pdbs/rec_4_mol84.pdb,released_MERS-CoV_Mpro/mers_files/mers_84.pdb,35,35
fegrow_result/complexes_pdbs/rec_4_mol85.pdb,released_MERS-CoV_Mpro/mers_files/mers_85.pdb,34,34
fegrow_result/complexes_pdbs/rec_4_mol86.pdb,released_MERS-CoV_Mpro/mers_files/mers_86.pdb,40,40
fegrow_result/complexes_pdbs/rec_4_mol87.pdb,released_MERS-CoV_Mpro/mers_files/mers_87.pdb,38,38
fegrow_result/complexes_pdbs/rec_4_mol88.pdb,released_MERS-CoV_Mpro/mers_files/mers_88.pdb,36,36
fegrow_result/complexes_pdbs/rec_4_mol89.pdb,released_MERS-CoV_Mpro/mers_files/mers_89.pdb,20,20
fegrow_result/complexes_pdbs/rec_4_mol9.pdb,released_MERS-CoV_Mpro/mers_files/mers_9.pdb,35,35
fegrow_result/complexes_pdbs/rec_4_mol90.pdb,released_MERS-CoV_Mpro/mers_files/mers_90.pdb,34,34
fegrow_result/complexes_pdbs/rec_4_mol91.pdb,released_MERS-CoV_Mpro/mers_files/mers_91.pdb,34,34
fegrow_result/complexes_pdbs/rec_4_mol92.pdb,released_MERS-CoV_Mpro/mers_files/mers_92.pdb,27,27
fegrow_result/complexes_pdbs/rec_4_mol93.pdb,released_MERS-CoV_Mpro/mers_files/mers_93.pdb,32,32
fegrow_result/complexes_pdbs/rec_4_mol94.pdb,released_MERS-CoV_Mpro/mers_files/mers_94.pdb,36,36
fegrow_result/complexes_pdbs/rec_4_mol95.pdb,released_MERS-CoV_Mpro/mers_files/mers_95.pdb,39,39
fegrow_result/complexes_pdbs/rec_4_mol96.pdb,released_MERS-CoV_Mpro/mers_files/mers_96.pdb,22,22
fegrow_result/complexes_pdbs/rec_5_mol0.pdb,released_MERS-CoV_Mpro/mers_files/mers_0.pdb,41,41
fegrow_result/complexes_pdbs/rec_5_mol1.pdb,released_MERS-CoV_Mpro/mers_files/mers_1.pdb,30,30
fegrow_result/complexes_pdbs/rec_5_mol10.pdb,released_MERS-CoV_Mpro/mers_files/mers_10.pdb,38,38
fegrow_result/complexes_pdbs/rec_5_mol11.pdb,released_MERS-CoV_Mpro/mers_files/mers_11.pdb,28,28
fegrow_result/complexes_pdbs/rec_5_mol12.pdb,released_MERS-CoV_Mpro/mers_files/mers_12.pdb,24,24
fegrow_result/complexes_pdbs/rec_5_mol13.pdb,released_MERS-CoV_Mpro/mers_files/mers_13.pdb,38,38
fegrow_result/complexes_pdbs/rec_5_mol14.pdb,released_MERS-CoV_Mpro/mers_files/mers_14.pdb,37,37
fegrow_result/complexes_pdbs/rec_5_mol15.pdb,released_MERS-CoV_Mpro/mers_files/mers_15.pdb,38,38
fegrow_result/complexes_pdbs/rec_5_mol16.pdb,released_MERS-CoV_Mpro/mers_files/mers_16.pdb,25,25
fegrow_result/complexes_pdbs/rec_5_mol17.pdb,released_MERS-CoV_Mpro/mers_files/mers_17.pdb,35,35
fegrow_result/complexes_pdbs/rec_5_mol18.pdb,released_MERS-CoV_Mpro/mers_files/mers_18.pdb,24,24
fegrow_result/complexes_pdbs/rec_5_mol19.pdb,released_MERS-CoV_Mpro/mers_files/mers_19.pdb,39,39
fegrow_result/complexes_pdbs/rec_5_mol2.pdb,released_MERS-CoV_Mpro/mers_files/mers_2.pdb,33,33
fegrow_result/complexes_pdbs/rec_5_mol20.pdb,released_MERS-CoV_Mpro/mers_files/mers_20.pdb,37,37
fegrow_result/complexes_pdbs/rec_5_mol21.pdb,released_MERS-CoV_Mpro/mers_files/mers_21.pdb,35,35
fegrow_result/complexes_pdbs/rec_5_mol22.pdb,released_MERS-CoV_Mpro/mers_files/mers_22.pdb,24,24
fegrow_result/complexes_pdbs/rec_5_mol23.pdb,released_MERS-CoV_Mpro/mers_files/mers_23.pdb,37,37
fegrow_result/complexes_pdbs/rec_5_mol24.pdb,released_MERS-CoV_Mpro/mers_files/mers_24.pdb,38,38
fegrow_result/complexes_pdbs/rec_5_mol25.pdb,released_MERS-CoV_Mpro/mers_files/mers_25.pdb,40,40
fegrow_result/complexes_pdbs/rec_5_mol26.pdb,released_MERS-CoV_Mpro/mers_files/mers_26.pdb,27,27
fegrow_result/complexes_pdbs/rec_5_mol27.pdb,released_MERS-CoV_Mpro/mers_files/mers_27.pdb,25,25
fegrow_result/complexes_pdbs/rec_5_mol28.pdb,released_MERS-CoV_Mpro/mers_files/mers_28.pdb,39,39
fegrow_result/complexes_pdbs/rec_5_mol29.pdb,released_MERS-CoV_Mpro/mers_files/mers_29.pdb,39,39
fegrow_result/complexes_pdbs/rec_5_mol3.pdb,released_MERS-CoV_Mpro/mers_files/mers_3.pdb,42,42
fegrow_result/complexes_pdbs/rec_5_mol31.pdb,released_MERS-CoV_Mpro/mers_files/mers_31.pdb,41,41
fegrow_result/complexes_pdbs/rec_5_mol32.pdb,released_MERS-CoV_Mpro/mers_files/mers_32.pdb,38,38
fegrow_result/complexes_pdbs/rec_5_mol33.pdb,released_MERS-CoV_Mpro/mers_files/mers_33.pdb,25,25
fegrow_result/complexes_pdbs/rec_5_mol34.pdb,released_MERS-CoV_Mpro/mers_files/mers_34.pdb,35,35
fegrow_result/complexes_pdbs/rec_5_mol35.pdb,released_MERS-CoV_Mpro/mers_files/mers_35.pdb,31,31
fegrow_result/complexes_pdbs/rec_5_mol36.pdb,released_MERS-CoV_Mpro/mers_files/mers_36.pdb,35,35
fegrow_result/complexes_pdbs/rec_5_mol37.pdb,released_MERS-CoV_Mpro/mers_files/mers_37.pdb,30,30
fegrow_result/complexes_pdbs/rec_5_mol38.pdb,released_MERS-CoV_Mpro/mers_files/mers_38.pdb,40,40
fegrow_result/complexes_pdbs/rec_5_mol39.pdb,released_MERS-CoV_Mpro/mers_files/mers_39.pdb,35,35
fegrow_result/complexes_pdbs/rec_5_mol4.pdb,released_MERS-CoV_Mpro/mers_files/mers_4.pdb,23,23
fegrow_result/complexes_pdbs/rec_5_mol40.pdb,released_MERS-CoV_Mpro/mers_files/mers_40.pdb,35,35
fegrow_result/complexes_pdbs/rec_5_mol41.pdb,released_MERS-CoV_Mpro/mers_files/mers_41.pdb,38,38
fegrow_result/complexes_pdbs/rec_5_mol42.pdb,released_MERS-CoV_Mpro/mers_files/mers_42.pdb,38,38
fegrow_result/complexes_pdbs/rec_5_mol43.pdb,released_MERS-CoV_Mpro/mers_files/mers_43.pdb,36,36
fegrow_result/complexes_pdbs/rec_5_mol44.pdb,released_MERS-CoV_Mpro/mers_files/mers_44.pdb,34,34
fegrow_result/complexes_pdbs/rec_5_mol45.pdb,released_MERS-CoV_Mpro/mers_files/mers_45.pdb,35,35
fegrow_result/complexes_pdbs/rec_5_mol46.pdb,released_MERS-CoV_Mpro/mers_files/mers_46.pdb,38,38
fegrow_result/complexes_pdbs/rec_5_mol47.pdb,released_MERS-CoV_Mpro/mers_files/mers_47.pdb,33,33
fegrow_result/complexes_pdbs/rec_5_mol48.pdb,released_MERS-CoV_Mpro/mers_files/mers_48.pdb,21,21
fegrow_result/complexes_pdbs/rec_5_mol49.pdb,released_MERS-CoV_Mpro/mers_files/mers_49.pdb,26,26
fegrow_result/complexes_pdbs/rec_5_mol5.pdb,released_MERS-CoV_Mpro/mers_files/mers_5.pdb,31,31
fegrow_result/complexes_pdbs/rec_5_mol50.pdb,released_MERS-CoV_Mpro/mers_files/mers_50.pdb,22,22
fegrow_result/complexes_pdbs/rec_5_mol51.pdb,released_MERS-CoV_Mpro/mers_files/mers_51.pdb,42,42
fegrow_result/complexes_pdbs/rec_5_mol52.pdb,released_MERS-CoV_Mpro/mers_files/mers_52.pdb,40,40
fegrow_result/complexes_pdbs/rec_5_mol53.pdb,released_MERS-CoV_Mpro/mers_files/mers_53.pdb,44,44
fegrow_result/complexes_pdbs/rec_5_mol54.pdb,released_MERS-CoV_Mpro/mers_files/mers_54.pdb,40,40
fegrow_result/complexes_pdbs/rec_5_mol55.pdb,released_MERS-CoV_Mpro/mers_files/mers_55.pdb,34,34
fegrow_result/complexes_pdbs/rec_5_mol56.pdb,released_MERS-CoV_Mpro/mers_files/mers_56.pdb,24,24
fegrow_result/complexes_pdbs/rec_5_mol57.pdb,released_MERS-CoV_Mpro/mers_files/mers_57.pdb,40,40
fegrow_result/complexes_pdbs/rec_5_mol58.pdb,released_MERS-CoV_Mpro/mers_files/mers_58.pdb,35,35
fegrow_result/complexes_pdbs/rec_5_mol59.pdb,released_MERS-CoV_Mpro/mers_files/mers_59.pdb,36,36
fegrow_result/complexes_pdbs/rec_5_mol6.pdb,released_MERS-CoV_Mpro/mers_files/mers_6.pdb,36,36
fegrow_result/complexes_pdbs/rec_5_mol60.pdb,released_MERS-CoV_Mpro/mers_files/mers_60.pdb,22,22
fegrow_result/complexes_pdbs/rec_5_mol61.pdb,released_MERS-CoV_Mpro/mers_files/mers_61.pdb,41,41
fegrow_result/complexes_pdbs/rec_5_mol62.pdb,released_MERS-CoV_Mpro/mers_files/mers_62.pdb,38,38
fegrow_result/complexes_pdbs/rec_5_mol63.pdb,released_MERS-CoV_Mpro/mers_files/mers_63.pdb,34,34
fegrow_result/complexes_pdbs/rec_5_mol64.pdb,released_MERS-CoV_Mpro/mers_files/mers_64.pdb,36,36
fegrow_result/complexes_pdbs/rec_5_mol65.pdb,released_MERS-CoV_Mpro/mers_files/mers_65.pdb,34,34
fegrow_result/complexes_pdbs/rec_5_mol66.pdb,released_MERS-CoV_Mpro/mers_files/mers_66.pdb,25,25
fegrow_result/complexes_pdbs/rec_5_mol67.pdb,released_MERS-CoV_Mpro/mers_files/mers_67.pdb,39,38
fegrow_result/complexes_pdbs/rec_5_mol68.pdb,released_MERS-CoV_Mpro/mers_files/mers_68.pdb,35,35
fegrow_result/complexes_pdbs/rec_5_mol69.pdb,released_MERS-CoV_Mpro/mers_files/mers_69.pdb,37,37
fegrow_result/complexes_pdbs/rec_5_mol7.pdb,released_MERS-CoV_Mpro/mers_files/mers_7.pdb,19,19
fegrow_result/complexes_pdbs/rec_5_mol70.pdb,released_MERS-CoV_Mpro/mers_files/mers_70.pdb,35,35
fegrow_result/complexes_pdbs/rec_5_mol71.pdb,released_MERS-CoV_Mpro/mers_files/mers_71.pdb,35,35
fegrow_result/complexes_pdbs/rec_5_mol72.pdb,released_MERS-CoV_Mpro/mers_files/mers_72.pdb,36,36
fegrow_result/complexes_pdbs/rec_5_mol73.pdb,released_MERS-CoV_Mpro/mers_files/mers_73.pdb,32,32
fegrow_result/complexes_pdbs/rec_5_mol74.pdb,released_MERS-CoV_Mpro/mers_files/mers_74.pdb,34,34
fegrow_result/complexes_pdbs/rec_5_mol75.pdb,released_MERS-CoV_Mpro/mers_files/mers_75.pdb,41,41
fegrow_result/complexes_pdbs/rec_5_mol76.pdb,released_MERS-CoV_Mpro/mers_files/mers_76.pdb,33,33
fegrow_result/complexes_pdbs/rec_5_mol77.pdb,released_MERS-CoV_Mpro/mers_files/mers_77.pdb,33,33
fegrow_result/complexes_pdbs/rec_5_mol79.pdb,released_MERS-CoV_Mpro/mers_files/mers_79.pdb,20,20
fegrow_result/complexes_pdbs/rec_5_mol8.pdb,released_MERS-CoV_Mpro/mers_files/mers_8.pdb,38,38
fegrow_result/complexes_pdbs/rec_5_mol80.pdb,released_MERS-CoV_Mpro/mers_files/mers_80.pdb,35,35
fegrow_result/complexes_pdbs/rec_5_mol81.pdb,released_MERS-CoV_Mpro/mers_files/mers_81.pdb,35,35
fegrow_result/complexes_pdbs/rec_5_mol82.pdb,released_MERS-CoV_Mpro/mers_files/mers_82.pdb,34,34
fegrow_result/complexes_pdbs/rec_5_mol83.pdb,released_MERS-CoV_Mpro/mers_files/mers_83.pdb,38,38
fegrow_result/complexes_pdbs/rec_5_mol84.pdb,released_MERS-CoV_Mpro/mers_files/mers_84.pdb,35,35
fegrow_result/complexes_pdbs/rec_5_mol85.pdb,released_MERS-CoV_Mpro/mers_files/mers_85.pdb,34,34
fegrow_result/complexes_pdbs/rec_5_mol86.pdb,released_MERS-CoV_Mpro/mers_files/mers_86.pdb,40,40
fegrow_result/complexes_pdbs/rec_5_mol87.pdb,released_MERS-CoV_Mpro/mers_files/mers_87.pdb,38,38
fegrow_result/complexes_pdbs/rec_5_mol88.pdb,released_MERS-CoV_Mpro/mers_files/mers_88.pdb,36,36
fegrow_result/complexes_pdbs/rec_5_mol89.pdb,released_MERS-CoV_Mpro/mers_files/mers_89.pdb,20,20
fegrow_result/complexes_pdbs/rec_5_mol9.pdb,released_MERS-CoV_Mpro/mers_files/mers_9.pdb,35,35
fegrow_result/complexes_pdbs/rec_5_mol90.pdb,released_MERS-CoV_Mpro/mers_files/mers_90.pdb,34,34
fegrow_result/complexes_pdbs/rec_5_mol91.pdb,released_MERS-CoV_Mpro/mers_files/mers_91.pdb,34,34
fegrow_result/complexes_pdbs/rec_5_mol92.pdb,released_MERS-CoV_Mpro/mers_files/mers_92.pdb,27,27
fegrow_result/complexes_pdbs/rec_5_mol93.pdb,released_MERS-CoV_Mpro/mers_files/mers_93.pdb,32,32
fegrow_result/complexes_pdbs/rec_5_mol94.pdb,released_MERS-CoV_Mpro/mers_files/mers_94.pdb,36,36
fegrow_result/complexes_pdbs/rec_5_mol95.pdb,released_MERS-CoV_Mpro/mers_files/mers_95.pdb,39,39
fegrow_result/complexes_pdbs/rec_5_mol96.pdb,released_MERS-CoV_Mpro/mers_files/mers_96.pdb,22,22
fegrow_result/complexes_pdbs/rec_6_mol0.pdb,released_MERS-CoV_Mpro/mers_files/mers_0.pdb,41,41
fegrow_result/complexes_pdbs/rec_6_mol1.pdb,released_MERS-CoV_Mpro/mers_files/mers_1.pdb,30,30
fegrow_result/complexes_pdbs/rec_6_mol10.pdb,released_MERS-CoV_Mpro/mers_files/mers_10.pdb,38,38
fegrow_result/complexes_pdbs/rec_6_mol11.pdb,released_MERS-CoV_Mpro/mers_files/mers_11.pdb,28,28
fegrow_result/complexes_pdbs/rec_6_mol12.pdb,released_MERS-CoV_Mpro/mers_files/mers_12.pdb,24,24
fegrow_result/complexes_pdbs/rec_6_mol13.pdb,released_MERS-CoV_Mpro/mers_files/mers_13.pdb,38,38
fegrow_result/complexes_pdbs/rec_6_mol14.pdb,released_MERS-CoV_Mpro/mers_files/mers_14.pdb,37,37
fegrow_result/complexes_pdbs/rec_6_mol15.pdb,released_MERS-CoV_Mpro/mers_files/mers_15.pdb,38,38
fegrow_result/complexes_pdbs/rec_6_mol16.pdb,released_MERS-CoV_Mpro/mers_files/mers_16.pdb,25,25
fegrow_result/complexes_pdbs/rec_6_mol17.pdb,released_MERS-CoV_Mpro/mers_files/mers_17.pdb,35,35
fegrow_result/complexes_pdbs/rec_6_mol18.pdb,released_MERS-CoV_Mpro/mers_files/mers_18.pdb,24,24
fegrow_result/complexes_pdbs/rec_6_mol19.pdb,released_MERS-CoV_Mpro/mers_files/mers_19.pdb,39,39
fegrow_result/complexes_pdbs/rec_6_mol2.pdb,released_MERS-CoV_Mpro/mers_files/mers_2.pdb,33,33
fegrow_result/complexes_pdbs/rec_6_mol20.pdb,released_MERS-CoV_Mpro/mers_files/mers_20.pdb,37,37
fegrow_result/complexes_pdbs/rec_6_mol21.pdb,released_MERS-CoV_Mpro/mers_files/mers_21.pdb,35,35
fegrow_result/complexes_pdbs/rec_6_mol22.pdb,released_MERS-CoV_Mpro/mers_files/mers_22.pdb,24,24
fegrow_result/complexes_pdbs/rec_6_mol23.pdb,released_MERS-CoV_Mpro/mers_files/mers_23.pdb,37,37
fegrow_result/complexes_pdbs/rec_6_mol24.pdb,released_MERS-CoV_Mpro/mers_files/mers_24.pdb,38,38
fegrow_result/complexes_pdbs/rec_6_mol25.pdb,released_MERS-CoV_Mpro/mers_files/mers_25.pdb,40,40
fegrow_result/complexes_pdbs/rec_6_mol26.pdb,released_MERS-CoV_Mpro/mers_files/mers_26.pdb,27,27
fegrow_result/complexes_pdbs/rec_6_mol27.pdb,released_MERS-CoV_Mpro/mers_files/mers_27.pdb,25,25
fegrow_result/complexes_pdbs/rec_6_mol28.pdb,released_MERS-CoV_Mpro/mers_files/mers_28.pdb,39,39
fegrow_result/complexes_pdbs/rec_6_mol29.pdb,released_MERS-CoV_Mpro/mers_files/mers_29.pdb,39,39
fegrow_result/complexes_pdbs/rec_6_mol3.pdb,released_MERS-CoV_Mpro/mers_files/mers_3.pdb,42,42
fegrow_result/complexes_pdbs/rec_6_mol30.pdb,released_MERS-CoV_Mpro/mers_files/mers_30.pdb,39,39
fegrow_result/complexes_pdbs/rec_6_mol31.pdb,released_MERS-CoV_Mpro/mers_files/mers_31.pdb,41,41
fegrow_result/complexes_pdbs/rec_6_mol32.pdb,released_MERS-CoV_Mpro/mers_files/mers_32.pdb,38,38
fegrow_result/complexes_pdbs/rec_6_mol33.pdb,released_MERS-CoV_Mpro/mers_files/mers_33.pdb,25,25
fegrow_result/complexes_pdbs/rec_6_mol34.pdb,released_MERS-CoV_Mpro/mers_files/mers_34.pdb,35,35
fegrow_result/complexes_pdbs/rec_6_mol35.pdb,released_MERS-CoV_Mpro/mers_files/mers_35.pdb,31,31
fegrow_result/complexes_pdbs/rec_6_mol36.pdb,released_MERS-CoV_Mpro/mers_files/mers_36.pdb,35,35
fegrow_result/complexes_pdbs/rec_6_mol37.pdb,released_MERS-CoV_Mpro/mers_files/mers_37.pdb,30,30
fegrow_result/complexes_pdbs/rec_6_mol38.pdb,released_MERS-CoV_Mpro/mers_files/mers_38.pdb,40,40
fegrow_result/complexes_pdbs/rec_6_mol39.pdb,released_MERS-CoV_Mpro/mers_files/mers_39.pdb,35,35
fegrow_result/complexes_pdbs/rec_6_mol4.pdb,released_MERS-CoV_Mpro/mers_files/mers_4.pdb,23,23
fegrow_result/complexes_pdbs/rec_6_mol40.pdb,released_MERS-CoV_Mpro/mers_files/mers_40.pdb,35,35
fegrow_result/complexes_pdbs/rec_6_mol41.pdb,released_MERS-CoV_Mpro/mers_files/mers_41.pdb,38,38
fegrow_result/complexes_pdbs/rec_6_mol42.pdb,released_MERS-CoV_Mpro/mers_files/mers_42.pdb,38,38
fegrow_result/complexes_pdbs/rec_6_mol43.pdb,released_MERS-CoV_Mpro/mers_files/mers_43.pdb,36,36
fegrow_result/complexes_pdbs/rec_6_mol44.pdb,released_MERS-CoV_Mpro/mers_files/mers_44.pdb,34,34
fegrow_result/complexes_pdbs/rec_6_mol45.pdb,released_MERS-CoV_Mpro/mers_files/mers_45.pdb,35,35
fegrow_result/complexes_pdbs/rec_6_mol46.pdb,released_MERS-CoV_Mpro/mers_files/mers_46.pdb,38,38
fegrow_result/complexes_pdbs/rec_6_mol47.pdb,released_MERS-CoV_Mpro/mers_files/mers_47.pdb,33,33
fegrow_result/complexes_pdbs/rec_6_mol48.pdb,released_MERS-CoV_Mpro/mers_files/mers_48.pdb,21,21
fegrow_result/complexes_pdbs/rec_6_mol49.pdb,released_MERS-CoV_Mpro/mers_files/mers_49.pdb,26,26
fegrow_result/complexes_pdbs/rec_6_mol5.pdb,released_MERS-CoV_Mpro/mers_files/mers_5.pdb,31,31
fegrow_result/complexes_pdbs/rec_6_mol50.pdb,released_MERS-CoV_Mpro/mers_files/mers_50.pdb,22,22
fegrow_result/complexes_pdbs/rec_6_mol51.pdb,released_MERS-CoV_Mpro/mers_files/mers_51.pdb,42,42
fegrow_result/complexes_pdbs/rec_6_mol52.pdb,released_MERS-CoV_Mpro/mers_files/mers_52.pdb,40,40
fegrow_result/complexes_pdbs/rec_6_mol53.pdb,released_MERS-CoV_Mpro/mers_files/mers_53.pdb,44,44
fegrow_result/complexes_pdbs/rec_6_mol54.pdb,released_MERS-CoV_Mpro/mers_files/mers_54.pdb,40,40
fegrow_result/complexes_pdbs/rec_6_mol55.pdb,released_MERS-CoV_Mpro/mers_files/mers_55.pdb,34,34
fegrow_result/complexes_pdbs/rec_6_mol56.pdb,released_MERS-CoV_Mpro/mers_files/mers_56.pdb,24,24
fegrow_result/complexes_pdbs/rec_6_mol57.pdb,released_MERS-CoV_Mpro/mers_files/mers_57.pdb,40,40
fegrow_result/complexes_pdbs/rec_6_mol58.pdb,released_MERS-CoV_Mpro/mers_files/mers_58.pdb,35,35
fegrow_result/complexes_pdbs/rec_6_mol59.pdb,released_MERS-CoV_Mpro/mers_files/mers_59.pdb,36,36
fegrow_result/complexes_pdbs/rec_6_mol6.pdb,released_MERS-CoV_Mpro/mers_files/mers_6.pdb,36,36
fegrow_result/complexes_pdbs/rec_6_mol60.pdb,released_MERS-CoV_Mpro/mers_files/mers_60.pdb,22,22
fegrow_result/complexes_pdbs/rec_6_mol61.pdb,released_MERS-CoV_Mpro/mers_files/mers_61.pdb,41,41
fegrow_result/complexes_pdbs/rec_6_mol62.pdb,released_MERS-CoV_Mpro/mers_files/mers_62.pdb,38,38
fegrow_result/complexes_pdbs/rec_6_mol63.pdb,released_MERS-CoV_Mpro/mers_files/mers_63.pdb,34,34
fegrow_result/complexes_pdbs/rec_6_mol64.pdb,released_MERS-CoV_Mpro/mers_files/mers_64.pdb,36,36
fegrow_result/complexes_pdbs/rec_6_mol65.pdb,released_MERS-CoV_Mpro/mers_files/mers_65.pdb,34,34
fegrow_result/complexes_pdbs/rec_6_mol66.pdb,released_MERS-CoV_Mpro/mers_files/mers_66.pdb,25,25
fegrow_result/complexes_pdbs/rec_6_mol67.pdb,released_MERS-CoV_Mpro/mers_files/mers_67.pdb,38,38
fegrow_result/complexes_pdbs/rec_6_mol68.pdb,released_MERS-CoV_Mpro/mers_files/mers_68.pdb,35,35
fegrow_result/complexes_pdbs/rec_6_mol69.pdb,released_MERS-CoV_Mpro/mers_files/mers_69.pdb,37,37
fegrow_result/complexes_pdbs/rec_6_mol7.pdb,released_MERS-CoV_Mpro/mers_files/mers_7.pdb,19,19
fegrow_result/complexes_pdbs/rec_6_mol70.pdb,released_MERS-CoV_Mpro/mers_files/mers_70.pdb,35,35
fegrow_result/complexes_pdbs/rec_6_mol71.pdb,released_MERS-CoV_Mpro/mers_files/mers_71.pdb,35,35
fegrow_result/complexes_pdbs/rec_6_mol72.pdb,released_MERS-CoV_Mpro/mers_files/mers_72.pdb,36,36
fegrow_result/complexes_pdbs/rec_6_mol73.pdb,released_MERS-CoV_Mpro/mers_files/mers_73.pdb,32,32
fegrow_result/complexes_pdbs/rec_6_mol74.pdb,released_MERS-CoV_Mpro/mers_files/mers_74.pdb,34,34
fegrow_result/complexes_pdbs/rec_6_mol75.pdb,released_MERS-CoV_Mpro/mers_files/mers_75.pdb,41,41
fegrow_result/complexes_pdbs/rec_6_mol76.pdb,released_MERS-CoV_Mpro/mers_files/mers_76.pdb,33,33
fegrow_result/complexes_pdbs/rec_6_mol77.pdb,released_MERS-CoV_Mpro/mers_files/mers_77.pdb,33,33
fegrow_result/complexes_pdbs/rec_6_mol79.pdb,released_MERS-CoV_Mpro/mers_files/mers_79.pdb,20,20
fegrow_result/complexes_pdbs/rec_6_mol8.pdb,released_MERS-CoV_Mpro/mers_files/mers_8.pdb,38,38
fegrow_result/complexes_pdbs/rec_6_mol80.pdb,released_MERS-CoV_Mpro/mers_files/mers_80.pdb,35,35
fegrow_result/complexes_pdbs/rec_6_mol81.pdb,released_MERS-CoV_Mpro/mers_files/mers_81.pdb,35,35
fegrow_result/complexes_pdbs/rec_6_mol82.pdb,released_MERS-CoV_Mpro/mers_files/mers_82.pdb,34,34
fegrow_result/complexes_pdbs/rec_6_mol83.pdb,released_MERS-CoV_Mpro/mers_files/mers_83.pdb,38,38
fegrow_result/complexes_pdbs/rec_6_mol84.pdb,released_MERS-CoV_Mpro/mers_files/mers_84.pdb,35,35
fegrow_result/complexes_pdbs/rec_6_mol85.pdb,released_MERS-CoV_Mpro/mers_files/mers_85.pdb,34,34
fegrow_result/complexes_pdbs/rec_6_mol86.pdb,released_MERS-CoV_Mpro/mers_files/mers_86.pdb,40,40
fegrow_result/complexes_pdbs/rec_6_mol87.pdb,released_MERS-CoV_Mpro/mers_files/mers_87.pdb,38,38
fegrow_result/complexes_pdbs/rec_6_mol88.pdb,released_MERS-CoV_Mpro/mers_files/mers_88.pdb,36,36
fegrow_result/complexes_pdbs/rec_6_mol89.pdb,released_MERS-CoV_Mpro/mers_files/mers_89.pdb,20,20
fegrow_result/complexes_pdbs/rec_6_mol9.pdb,released_MERS-CoV_Mpro/mers_files/mers_9.pdb,35,35
fegrow_result/complexes_pdbs/rec_6_mol90.pdb,released_MERS-CoV_Mpro/mers_files/mers_90.pdb,34,34
fegrow_result/complexes_pdbs/rec_6_mol91.pdb,released_MERS-CoV_Mpro/mers_files/mers_91.pdb,34,34
fegrow_result/complexes_pdbs/rec_6_mol92.pdb,released_MERS-CoV_Mpro/mers_files/mers_92.pdb,27,27
fegrow_result/complexes_pdbs/rec_6_mol93.pdb,released_MERS-CoV_Mpro/mers_files/mers_93.pdb,32,32
fegrow_result/complexes_pdbs/rec_6_mol94.pdb,released_MERS-CoV_Mpro/mers_files/mers_94.pdb,36,36
fegrow_result/complexes_pdbs/rec_6_mol95.pdb,released_MERS-CoV_Mpro/mers_files/mers_95.pdb,39,39
fegrow_result/complexes_pdbs/rec_6_mol96.pdb,released_MERS-CoV_Mpro/mers_files/mers_96.pdb,22,22
fegrow_result/complexes_pdbs/rec_7_mol0.pdb,released_MERS-CoV_Mpro/mers_files/mers_0.pdb,41,41
fegrow_result/complexes_pdbs/rec_7_mol1.pdb,released_MERS-CoV_Mpro/mers_files/mers_1.pdb,30,30
fegrow_result/complexes_pdbs/rec_7_mol10.pdb,released_MERS-CoV_Mpro/mers_files/mers_10.pdb,38,38
fegrow_result/complexes_pdbs/rec_7_mol11.pdb,released_MERS-CoV_Mpro/mers_files/mers_11.pdb,28,28
fegrow_result/complexes_pdbs/rec_7_mol12.pdb,released_MERS-CoV_Mpro/mers_files/mers_12.pdb,24,24
fegrow_result/complexes_pdbs/rec_7_mol13.pdb,released_MERS-CoV_Mpro/mers_files/mers_13.pdb,38,38
fegrow_result/complexes_pdbs/rec_7_mol14.pdb,released_MERS-CoV_Mpro/mers_files/mers_14.pdb,37,37
fegrow_result/complexes_pdbs/rec_7_mol15.pdb,released_MERS-CoV_Mpro/mers_files/mers_15.pdb,38,38
fegrow_result/complexes_pdbs/rec_7_mol16.pdb,released_MERS-CoV_Mpro/mers_files/mers_16.pdb,25,25
fegrow_result/complexes_pdbs/rec_7_mol18.pdb,released_MERS-CoV_Mpro/mers_files/mers_18.pdb,24,24
fegrow_result/complexes_pdbs/rec_7_mol19.pdb,released_MERS-CoV_Mpro/mers_files/mers_19.pdb,39,39
fegrow_result/complexes_pdbs/rec_7_mol2.pdb,released_MERS-CoV_Mpro/mers_files/mers_2.pdb,33,33
fegrow_result/complexes_pdbs/rec_7_mol20.pdb,released_MERS-CoV_Mpro/mers_files/mers_20.pdb,37,37
fegrow_result/complexes_pdbs/rec_7_mol21.pdb,released_MERS-CoV_Mpro/mers_files/mers_21.pdb,35,35
fegrow_result/complexes_pdbs/rec_7_mol22.pdb,released_MERS-CoV_Mpro/mers_files/mers_22.pdb,24,24
fegrow_result/complexes_pdbs/rec_7_mol23.pdb,released_MERS-CoV_Mpro/mers_files/mers_23.pdb,37,37
fegrow_result/complexes_pdbs/rec_7_mol24.pdb,released_MERS-CoV_Mpro/mers_files/mers_24.pdb,38,38
fegrow_result/complexes_pdbs/rec_7_mol25.pdb,released_MERS-CoV_Mpro/mers_files/mers_25.pdb,40,40
fegrow_result/complexes_pdbs/rec_7_mol26.pdb,released_MERS-CoV_Mpro/mers_files/mers_26.pdb,27,27
fegrow_result/complexes_pdbs/rec_7_mol27.pdb,released_MERS-CoV_Mpro/mers_files/mers_27.pdb,25,25
fegrow_result/complexes_pdbs/rec_7_mol28.pdb,released_MERS-CoV_Mpro/mers_files/mers_28.pdb,39,39
fegrow_result/complexes_pdbs/rec_7_mol29.pdb,released_MERS-CoV_Mpro/mers_files/mers_29.pdb,39,39
fegrow_result/complexes_pdbs/rec_7_mol3.pdb,released_MERS-CoV_Mpro/mers_files/mers_3.pdb,42,42
fegrow_result/complexes_pdbs/rec_7_mol30.pdb,released_MERS-CoV_Mpro/mers_files/mers_30.pdb,39,39
fegrow_result/complexes_pdbs/rec_7_mol32.pdb,released_MERS-CoV_Mpro/mers_files/mers_32.pdb,38,38
fegrow_result/complexes_pdbs/rec_7_mol33.pdb,released_MERS-CoV_Mpro/mers_files/mers_33.pdb,25,25
fegrow_result/complexes_pdbs/rec_7_mol34.pdb,released_MERS-CoV_Mpro/mers_files/mers_34.pdb,35,35
fegrow_result/complexes_pdbs/rec_7_mol35.pdb,released_MERS-CoV_Mpro/mers_files/mers_35.pdb,31,31
fegrow_result/complexes_pdbs/rec_7_mol36.pdb,released_MERS-CoV_Mpro/mers_files/mers_36.pdb,35,35
fegrow_result/complexes_pdbs/rec_7_mol37.pdb,released_MERS-CoV_Mpro/mers_files/mers_37.pdb,30,30
fegrow_result/complexes_pdbs/rec_7_mol38.pdb,released_MERS-CoV_Mpro/mers_files/mers_38.pdb,40,40
fegrow_result/complexes_pdbs/rec_7_mol39.pdb,released_MERS-CoV_Mpro/mers_files/mers_39.pdb,35,35
fegrow_result/complexes_pdbs/rec_7_mol4.pdb,released_MERS-CoV_Mpro/mers_files/mers_4.pdb,23,23
fegrow_result/complexes_pdbs/rec_7_mol40.pdb,released_MERS-CoV_Mpro/mers_files/mers_40.pdb,35,35
fegrow_result/complexes_pdbs/rec_7_mol41.pdb,released_MERS-CoV_Mpro/mers_files/mers_41.pdb,38,38
fegrow_result/complexes_pdbs/rec_7_mol42.pdb,released_MERS-CoV_Mpro/mers_files/mers_42.pdb,38,38
fegrow_result/complexes_pdbs/rec_7_mol43.pdb,released_MERS-CoV_Mpro/mers_files/mers_43.pdb,36,36
fegrow_result/complexes_pdbs/rec_7_mol44.pdb,released_MERS-CoV_Mpro/mers_files/mers_44.pdb,34,34
fegrow_result/complexes_pdbs/rec_7_mol45.pdb,released_MERS-CoV_Mpro/mers_files/mers_45.pdb,35,35
fegrow_result/complexes_pdbs/rec_7_mol46.pdb,released_MERS-CoV_Mpro/mers_files/mers_46.pdb,38,38
fegrow_result/complexes_pdbs/rec_7_mol47.pdb,released_MERS-CoV_Mpro/mers_files/mers_47.pdb,33,33
fegrow_result/complexes_pdbs/rec_7_mol48.pdb,released_MERS-CoV_Mpro/mers_files/mers_48.pdb,21,21
fegrow_result/complexes_pdbs/rec_7_mol49.pdb,released_MERS-CoV_Mpro/mers_files/mers_49.pdb,26,26
fegrow_result/complexes_pdbs/rec_7_mol5.pdb,released_MERS-CoV_Mpro/mers_files/mers_5.pdb,31,31
fegrow_result/complexes_pdbs/rec_7_mol50.pdb,released_MERS-CoV_Mpro/mers_files/mers_50.pdb,22,22
fegrow_result/complexes_pdbs/rec_7_mol51.pdb,released_MERS-CoV_Mpro/mers_files/mers_51.pdb,42,42
fegrow_result/complexes_pdbs/rec_7_mol52.pdb,released_MERS-CoV_Mpro/mers_files/mers_52.pdb,40,40
fegrow_result/complexes_pdbs/rec_7_mol53.pdb,released_MERS-CoV_Mpro/mers_files/mers_53.pdb,44,44
fegrow_result/complexes_pdbs/rec_7_mol54.pdb,released_MERS-CoV_Mpro/mers_files/mers_54.pdb,40,40
fegrow_result/complexes_pdbs/rec_7_mol55.pdb,released_MERS-CoV_Mpro/mers_files/mers_55.pdb,34,34
fegrow_result/complexes_pdbs/rec_7_mol56.pdb,released_MERS-CoV_Mpro/mers_files/mers_56.pdb,24,24
fegrow_result/complexes_pdbs/rec_7_mol57.pdb,released_MERS-CoV_Mpro/mers_files/mers_57.pdb,40,40
fegrow_result/complexes_pdbs/rec_7_mol58.pdb,released_MERS-CoV_Mpro/mers_files/mers_58.pdb,35,35
fegrow_result/complexes_pdbs/rec_7_mol59.pdb,released_MERS-CoV_Mpro/mers_files/mers_59.pdb,36,36
fegrow_result/complexes_pdbs/rec_7_mol6.pdb,released_MERS-CoV_Mpro/mers_files/mers_6.pdb,36,36
fegrow_result/complexes_pdbs/rec_7_mol60.pdb,released_MERS-CoV_Mpro/mers_files/mers_60.pdb,22,22
fegrow_result/complexes_pdbs/rec_7_mol61.pdb,released_MERS-CoV_Mpro/mers_files/mers_61.pdb,41,41
fegrow_result/complexes_pdbs/rec_7_mol62.pdb,released_MERS-CoV_Mpro/mers_files/mers_62.pdb,38,38
fegrow_result/complexes_pdbs/rec_7_mol63.pdb,released_MERS-CoV_Mpro/mers_files/mers_63.pdb,34,34
fegrow_result/complexes_pdbs/rec_7_mol64.pdb,released_MERS-CoV_Mpro/mers_files/mers_64.pdb,36,36
fegrow_result/complexes_pdbs/rec_7_mol65.pdb,released_MERS-CoV_Mpro/mers_files/mers_65.pdb,34,34
fegrow_result/complexes_pdbs/rec_7_mol66.pdb,released_MERS-CoV_Mpro/mers_files/mers_66.pdb,25,25
fegrow_result/complexes_pdbs/rec_7_mol67.pdb,released_MERS-CoV_Mpro/mers_files/mers_67.pdb,38,38
fegrow_result/complexes_pdbs/rec_7_mol68.pdb,released_MERS-CoV_Mpro/mers_files/mers_68.pdb,35,35
fegrow_result/complexes_pdbs/rec_7_mol69.pdb,released_MERS-CoV_Mpro/mers_files/mers_69.pdb,37,37
fegrow_result/complexes_pdbs/rec_7_mol7.pdb,released_MERS-CoV_Mpro/mers_files/mers_7.pdb,19,19
fegrow_result/complexes_pdbs/rec_7_mol71.pdb,released_MERS-CoV_Mpro/mers_files/mers_71.pdb,35,35
fegrow_result/complexes_pdbs/rec_7_mol72.pdb,released_MERS-CoV_Mpro/mers_files/mers_72.pdb,36,36
fegrow_result/complexes_pdbs/rec_7_mol73.pdb,released_MERS-CoV_Mpro/mers_files/mers_73.pdb,32,32
fegrow_result/complexes_pdbs/rec_7_mol74.pdb,released_MERS-CoV_Mpro/mers_files/mers_74.pdb,34,34
fegrow_result/complexes_pdbs/rec_7_mol75.pdb,released_MERS-CoV_Mpro/mers_files/mers_75.pdb,41,41
fegrow_result/complexes_pdbs/rec_7_mol76.pdb,released_MERS-CoV_Mpro/mers_files/mers_76.pdb,33,33
fegrow_result/complexes_pdbs/rec_7_mol77.pdb,released_MERS-CoV_Mpro/mers_files/mers_77.pdb,33,33
fegrow_result/complexes_pdbs/rec_7_mol79.pdb,released_MERS-CoV_Mpro/mers_files/mers_79.pdb,20,20
fegrow_result/complexes_pdbs/rec_7_mol8.pdb,released_MERS-CoV_Mpro/mers_files/mers_8.pdb,38,38
fegrow_result/complexes_pdbs/rec_7_mol80.pdb,released_MERS-CoV_Mpro/mers_files/mers_80.pdb,35,35
fegrow_result/complexes_pdbs/rec_7_mol81.pdb,released_MERS-CoV_Mpro/mers_files/mers_81.pdb,35,35
fegrow_result/complexes_pdbs/rec_7_mol82.pdb,released_MERS-CoV_Mpro/mers_files/mers_82.pdb,34,34
fegrow_result/complexes_pdbs/rec_7_mol83.pdb,released_MERS-CoV_Mpro/mers_files/mers_83.pdb,38,38
fegrow_result/complexes_pdbs/rec_7_mol84.pdb,released_MERS-CoV_Mpro/mers_files/mers_84.pdb,35,35
fegrow_result/complexes_pdbs/rec_7_mol85.pdb,released_MERS-CoV_Mpro/mers_files/mers_85.pdb,34,34
fegrow_result/complexes_pdbs/rec_7_mol86.pdb,released_MERS-CoV_Mpro/mers_files/mers_86.pdb,40,40
fegrow_result/complexes_pdbs/rec_7_mol87.pdb,released_MERS-CoV_Mpro/mers_files/mers_87.pdb,38,38
fegrow_result/complexes_pdbs/rec_7_mol88.pdb,released_MERS-CoV_Mpro/mers_files/mers_88.pdb,36,36
fegrow_result/complexes_pdbs/rec_7_mol89.pdb,released_MERS-CoV_Mpro/mers_files/mers_89.pdb,20,20
fegrow_result/complexes_pdbs/rec_7_mol9.pdb,released_MERS-CoV_Mpro/mers_files/mers_9.pdb,35,35
fegrow_result/complexes_pdbs/rec_7_mol90.pdb,released_MERS-CoV_Mpro/mers_files/mers_90.pdb,34,34
fegrow_result/complexes_pdbs/rec_7_mol91.pdb,released_MERS-CoV_Mpro/mers_files/mers_91.pdb,34,34
fegrow_result/complexes_pdbs/rec_7_mol92.pdb,released_MERS-CoV_Mpro/mers_files/mers_92.pdb,27,27
fegrow_result/complexes_pdbs/rec_7_mol93.pdb,released_MERS-CoV_Mpro/mers_files/mers_93.pdb,32,32
fegrow_result/complexes_pdbs/rec_7_mol94.pdb,released_MERS-CoV_Mpro/mers_files/mers_94.pdb,36,36
fegrow_result/complexes_pdbs/rec_7_mol95.pdb,released_MERS-CoV_Mpro/mers_files/mers_95.pdb,39,39
fegrow_result/complexes_pdbs/rec_7_mol96.pdb,released_MERS-CoV_Mpro/mers_files/mers_96.pdb,22,22
fegrow_result/complexes_pdbs/rec_8_mol34.pdb,released_MERS-CoV_Mpro/mers_files/mers_34.pdb,35,35
fegrow_result/complexes_pdbs/rec_8_mol38.pdb,released_MERS-CoV_Mpro/mers_files/mers_38.pdb,40,40
fegrow_result/complexes_pdbs/rec_8_mol43.pdb,released_MERS-CoV_Mpro/mers_files/mers_43.pdb,36,36
fegrow_result/complexes_pdbs/rec_8_mol62.pdb,released_MERS-CoV_Mpro/mers_files/mers_62.pdb,38,38
fegrow_result/complexes_pdbs/rec_8_mol72.pdb,released_MERS-CoV_Mpro/mers_files/mers_72.pdb,36,36
fegrow_result/complexes_pdbs/rec_8_mol87.pdb,released_MERS-CoV_Mpro/mers_files/mers_87.pdb,38,38
fegrow_result/complexes_pdbs/rec_8_mol88.pdb,released_MERS-CoV_Mpro/mers_files/mers_88.pdb,36,36
fegrow_result/complexes_pdbs/rec_9_mol0.pdb,released_MERS-CoV_Mpro/mers_files/mers_0.pdb,41,41
fegrow_result/complexes_pdbs/rec_9_mol1.pdb,released_MERS-CoV_Mpro/mers_files/mers_1.pdb,30,30
fegrow_result/complexes_pdbs/rec_9_mol11.pdb,released_MERS-CoV_Mpro/mers_files/mers_11.pdb,28,28
fegrow_result/complexes_pdbs/rec_9_mol12.pdb,released_MERS-CoV_Mpro/mers_files/mers_12.pdb,24,24
fegrow_result/complexes_pdbs/rec_9_mol13.pdb,released_MERS-CoV_Mpro/mers_files/mers_13.pdb,38,38
fegrow_result/complexes_pdbs/rec_9_mol15.pdb,released_MERS-CoV_Mpro/mers_files/mers_15.pdb,38,38
fegrow_result/complexes_pdbs/rec_9_mol16.pdb,released_MERS-CoV_Mpro/mers_files/mers_16.pdb,25,25
fegrow_result/complexes_pdbs/rec_9_mol17.pdb,released_MERS-CoV_Mpro/mers_files/mers_17.pdb,35,35
fegrow_result/complexes_pdbs/rec_9_mol18.pdb,released_MERS-CoV_Mpro/mers_files/mers_18.pdb,24,24
fegrow_result/complexes_pdbs/rec_9_mol19.pdb,released_MERS-CoV_Mpro/mers_files/mers_19.pdb,39,39
fegrow_result/complexes_pdbs/rec_9_mol2.pdb,released_MERS-CoV_Mpro/mers_files/mers_2.pdb,33,33
fegrow_result/complexes_pdbs/rec_9_mol20.pdb,released_MERS-CoV_Mpro/mers_files/mers_20.pdb,37,37
fegrow_result/complexes_pdbs/rec_9_mol22.pdb,released_MERS-CoV_Mpro/mers_files/mers_22.pdb,24,24
fegrow_result/complexes_pdbs/rec_9_mol23.pdb,released_MERS-CoV_Mpro/mers_files/mers_23.pdb,37,37
fegrow_result/complexes_pdbs/rec_9_mol24.pdb,released_MERS-CoV_Mpro/mers_files/mers_24.pdb,38,38
fegrow_result/complexes_pdbs/rec_9_mol25.pdb,released_MERS-CoV_Mpro/mers_files/mers_25.pdb,40,40
fegrow_result/complexes_pdbs/rec_9_mol26.pdb,released_MERS-CoV_Mpro/mers_files/mers_26.pdb,27,27
fegrow_result/complexes_pdbs/rec_9_mol27.pdb,released_MERS-CoV_Mpro/mers_files/mers_27.pdb,25,25
fegrow_result/complexes_pdbs/rec_9_mol28.pdb,released_MERS-CoV_Mpro/mers_files/mers_28.pdb,39,39
fegrow_result/complexes_pdbs/rec_9_mol29.pdb,released_MERS-CoV_Mpro/mers_files/mers_29.pdb,39,39
fegrow_result/complexes_pdbs/rec_9_mol31.pdb,released_MERS-CoV_Mpro/mers_files/mers_31.pdb,41,41
fegrow_result/complexes_pdbs/rec_9_mol32.pdb,released_MERS-CoV_Mpro/mers_files/mers_32.pdb,38,38
fegrow_result/complexes_pdbs/rec_9_mol33.pdb,released_MERS-CoV_Mpro/mers_files/mers_33.pdb,25,25
fegrow_result/complexes_pdbs/rec_9_mol35.pdb,released_MERS-CoV_Mpro/mers_files/mers_35.pdb,31,31
fegrow_result/complexes_pdbs/rec_9_mol37.pdb,released_MERS-CoV_Mpro/mers_files/mers_37.pdb,30,30
fegrow_result/complexes_pdbs/rec_9_mol38.pdb,released_MERS-CoV_Mpro/mers_files/mers_38.pdb,40,40
fegrow_result/complexes_pdbs/rec_9_mol39.pdb,released_MERS-CoV_Mpro/mers_files/mers_39.pdb,35,35
fegrow_result/complexes_pdbs/rec_9_mol4.pdb,released_MERS-CoV_Mpro/mers_files/mers_4.pdb,23,23
fegrow_result/complexes_pdbs/rec_9_mol40.pdb,released_MERS-CoV_Mpro/mers_files/mers_40.pdb,35,35
fegrow_result/complexes_pdbs/rec_9_mol42.pdb,released_MERS-CoV_Mpro/mers_files/mers_42.pdb,38,38
fegrow_result/complexes_pdbs/rec_9_mol44.pdb,released_MERS-CoV_Mpro/mers_files/mers_44.pdb,34,34
fegrow_result/complexes_pdbs/rec_9_mol45.pdb,released_MERS-CoV_Mpro/mers_files/mers_45.pdb,35,35
fegrow_result/complexes_pdbs/rec_9_mol46.pdb,released_MERS-CoV_Mpro/mers_files/mers_46.pdb,38,38
fegrow_result/complexes_pdbs/rec_9_mol47.pdb,released_MERS-CoV_Mpro/mers_files/mers_47.pdb,33,33
fegrow_result/complexes_pdbs/rec_9_mol48.pdb,released_MERS-CoV_Mpro/mers_files/mers_48.pdb,21,21
fegrow_result/complexes_pdbs/rec_9_mol49.pdb,released_MERS-CoV_Mpro/mers_files/mers_49.pdb,26,26
fegrow_result/complexes_pdbs/rec_9_mol5.pdb,released_MERS-CoV_Mpro/mers_files/mers_5.pdb,31,31
fegrow_result/complexes_pdbs/rec_9_mol50.pdb,released_MERS-CoV_Mpro/mers_files/mers_50.pdb,22,22
fegrow_result/complexes_pdbs/rec_9_mol51.pdb,released_MERS-CoV_Mpro/mers_files/mers_51.pdb,42,42
fegrow_result/complexes_pdbs/rec_9_mol52.pdb,released_MERS-CoV_Mpro/mers_files/mers_52.pdb,40,40
fegrow_result/complexes_pdbs/rec_9_mol54.pdb,released_MERS-CoV_Mpro/mers_files/mers_54.pdb,40,40
fegrow_result/complexes_pdbs/rec_9_mol56.pdb,released_MERS-CoV_Mpro/mers_files/mers_56.pdb,24,24
fegrow_result/complexes_pdbs/rec_9_mol57.pdb,released_MERS-CoV_Mpro/mers_files/mers_57.pdb,40,40
fegrow_result/complexes_pdbs/rec_9_mol59.pdb,released_MERS-CoV_Mpro/mers_files/mers_59.pdb,36,36
fegrow_result/complexes_pdbs/rec_9_mol6.pdb,released_MERS-CoV_Mpro/mers_files/mers_6.pdb,36,36
fegrow_result/complexes_pdbs/rec_9_mol60.pdb,released_MERS-CoV_Mpro/mers_files/mers_60.pdb,22,22
fegrow_result/complexes_pdbs/rec_9_mol62.pdb,released_MERS-CoV_Mpro/mers_files/mers_62.pdb,38,38
fegrow_result/complexes_pdbs/rec_9_mol64.pdb,released_MERS-CoV_Mpro/mers_files/mers_64.pdb,36,36
fegrow_result/complexes_pdbs/rec_9_mol65.pdb,released_MERS-CoV_Mpro/mers_files/mers_65.pdb,34,34
fegrow_result/complexes_pdbs/rec_9_mol66.pdb,released_MERS-CoV_Mpro/mers_files/mers_66.pdb,25,25
fegrow_result/complexes_pdbs/rec_9_mol67.pdb,released_MERS-CoV_Mpro/mers_files/mers_67.pdb,38,38
fegrow_result/complexes_pdbs/rec_9_mol69.pdb,released_MERS-CoV_Mpro/mers_files/mers_69.pdb,37,37
fegrow_result/complexes_pdbs/rec_9_mol7.pdb,released_MERS-CoV_Mpro/mers_files/mers_7.pdb,19,19
fegrow_result/complexes_pdbs/rec_9_mol72.pdb,released_MERS-CoV_Mpro/mers_files/mers_72.pdb,36,36
fegrow_result/complexes_pdbs/rec_9_mol73.pdb,released_MERS-CoV_Mpro/mers_files/mers_73.pdb,32,32
fegrow_result/complexes_pdbs/rec_9_mol76.pdb,released_MERS-CoV_Mpro/mers_files/mers_76.pdb,33,33
fegrow_result/complexes_pdbs/rec_9_mol77.pdb,released_MERS-CoV_Mpro/mers_files/mers_77.pdb,33,33
fegrow_result/complexes_pdbs/rec_9_mol79.pdb,released_MERS-CoV_Mpro/mers_files/mers_79.pdb,20,20
fegrow_result/complexes_pdbs/rec_9_mol80.pdb,released_MERS-CoV_Mpro/mers_files/mers_80.pdb,35,35
fegrow_result/complexes_pdbs/rec_9_mol83.pdb,released_MERS-CoV_Mpro/mers_files/mers_83.pdb,38,38
fegrow_result/complexes_pdbs/rec_9_mol84.pdb,released_MERS-CoV_Mpro/mers_files/mers_84.pdb,35,35
fegrow_result/complexes_pdbs/rec_9_mol88.pdb,released_MERS-CoV_Mpro/mers_files/mers_88.pdb,36,36
fegrow_result/complexes_pdbs/rec_9_mol89.pdb,released_MERS-CoV_Mpro/mers_files/mers_89.pdb,20,20
fegrow_result/complexes_pdbs/rec_9_mol90.pdb,released_MERS-CoV_Mpro/mers_files/mers_90.pdb,34,34
fegrow_result/complexes_pdbs/rec_9_mol92.pdb,released_MERS-CoV_Mpro/mers_files/mers_92.pdb,27,27
fegrow_result/complexes_pdbs/rec_9_mol93.pdb,released_MERS-CoV_Mpro/mers_files/mers_93.pdb,32,32
fegrow_result/complexes_pdbs/rec_9_mol94.pdb,released_MERS-CoV_Mpro/mers_files/mers_94.pdb,36,36
fegrow_result/complexes_pdbs/rec_9_mol95.pdb,released_MERS-CoV_Mpro/mers_files/mers_95.pdb,39,39
fegrow_result/complexes_pdbs/rec_9_mol96.pdb,released_MERS-CoV_Mpro/mers_files/mers_96.pdb,22,22
