N,Iteration,Molecule,RMSD
1,0,mol0,6.253898575990859
1,0,mol1,4.774320008650446
1,0,mol2,0.5641161343467345
1,0,mol3,2.6378040099222506
1,0,mol4,3.353647153538187
1,0,mol5,5.299458660363644
1,0,mol6,5.494793845263391
1,0,mol7,1.1180614593313307
1,0,mol8,4.1598750003677045
1,0,mol9,2.8753572497542437
1,0,mol10,0.8748567630129368
1,0,mol11,4.121977980247209
1,0,mol12,3.7228566169564825
1,0,mol13,6.432601395359342
1,0,mol14,1.2923492234707328
1,0,mol15,0.8923107744266539
1,0,mol16,3.3001269030144886
1,0,mol17,1.260757047174435
1,0,mol18,4.744541087221538
1,0,mol19,9.842897735058537
1,0,mol20,3.9460465590875238
1,0,mol21,1.0505606601103186
1,0,mol22,4.718270369708233
1,0,mol23,1.3066917555621351
1,0,mol24,1.4473536729966323
1,0,mol25,1.5890632176694544
1,0,mol26,3.9997851243674467
1,0,mol27,4.030495607242365
1,0,mol28,1.156937809644328
1,0,mol29,0.9598393894760432
1,0,mol30,2.703172227312352
1,0,mol31,1.1523195050450707
1,0,mol32,7.239267916643738
1,0,mol33,3.363351061842936
1,0,mol34,1.003223712552974
1,0,mol35,4.933827594893141
1,0,mol36,1.094310408039171
1,0,mol37,5.0045719535574005
1,0,mol38,2.598438829374284
1,0,mol39,1.7123761925631709
1,0,mol40,5.402255370623326
1,0,mol41,0.9044011810672241
1,0,mol42,0.8095107811121741
1,0,mol43,2.1077815349714655
1,0,mol44,2.4733818502918106
1,0,mol45,5.608505536466148
1,0,mol46,5.043470955914972
1,0,mol47,0.6266116486164443
1,0,mol48,3.2923620325434038
1,0,mol49,3.6989941804911903
1,0,mol50,3.5191685051624444
1,0,mol51,1.6416149816132715
1,0,mol52,2.0886564897081565
1,0,mol53,1.7088445158405086
1,0,mol54,1.9705444425335854
1,0,mol55,0.909581859815752
1,0,mol56,4.5877459009027515
1,0,mol57,2.4041208019253113
1,0,mol58,1.1816389305899302
1,0,mol59,3.3563200930400616
1,0,mol60,3.316991422824441
1,0,mol61,1.8248897794313965
1,0,mol62,2.733720676641038
1,0,mol63,5.295056601874886
1,0,mol64,0.9848986113921688
1,0,mol65,3.6314400423491047
1,0,mol66,5.262636346319209
1,0,mol67,5.734122773408877
1,0,mol68,2.2860286734859656
1,0,mol69,3.417335346159067
1,0,mol70,6.67397872307067
1,0,mol71,2.257342581380657
1,0,mol72,1.6603105228306607
1,0,mol73,0.7955995712747086
1,0,mol74,0.6929280654032782
1,0,mol75,4.816595911748584
1,0,mol76,0.6293934371979726
1,0,mol77,6.455705937033884
1,0,mol79,3.1277752163478754
1,0,mol80,6.184304572914519
1,0,mol81,6.336389226793804
1,0,mol82,0.5014784776332998
1,0,mol83,1.185044081569609
1,0,mol84,5.709990179125905
1,0,mol85,5.978949434006928
1,0,mol86,0.8470199625746732
1,0,mol87,0.6455235504693273
1,0,mol88,2.861207393207358
1,0,mol89,1.7830444371916254
1,0,mol90,6.546030001616157
1,0,mol91,0.6818953393472705
1,0,mol92,3.915416062608587
1,0,mol93,0.5330007651260927
1,0,mol94,4.795032736969698
1,0,mol95,2.0826002961657677
1,0,mol96,4.330644811635498
1,1,mol0,2.3624347886212234
1,1,mol1,3.768734180729651
1,1,mol2,4.9359547516159425
1,1,mol3,1.4738164499337214
1,1,mol4,2.9803915638575154
1,1,mol5,5.320809683351925
1,1,mol6,3.7387815159710347
1,1,mol7,1.1178063552756965
1,1,mol8,5.950611360254464
1,1,mol9,0.7111466029287796
1,1,mol10,0.7160701288796264
1,1,mol11,3.434843332619824
1,1,mol12,3.6986103582404204
1,1,mol13,6.4318430894548735
1,1,mol14,7.264694117684069
1,1,mol15,1.6412870213886868
1,1,mol16,3.3034513079505197
1,1,mol17,3.8792352722816763
1,1,mol18,4.748461716177145
1,1,mol19,6.039848611810543
1,1,mol20,5.829322027984554
1,1,mol21,0.6453295131724788
1,1,mol22,5.39229678167538
1,1,mol23,1.4418949630935656
1,1,mol24,2.958762854373607
1,1,mol25,2.63358011170156
1,1,mol26,4.083948175524559
1,1,mol27,4.455482069540848
1,1,mol28,6.370192582766902
1,1,mol29,2.2804019724938516
1,1,mol30,0.9717787884028668
1,1,mol31,1.1933908965427964
1,1,mol32,1.2408813232622418
1,1,mol33,4.31920971535303
1,1,mol34,6.473240623653217
1,1,mol35,4.855097033082362
1,1,mol36,1.1267373254540867
1,1,mol37,5.008291012411319
1,1,mol38,1.6778090594581967
1,1,mol39,5.635266930602565
1,1,mol40,5.402255370623326
1,1,mol41,1.4972592615561904
1,1,mol42,0.8198255716277315
1,1,mol43,2.1077815349714655
1,1,mol44,2.043621718981797
1,1,mol45,2.1316890294519304
1,1,mol46,5.476944467396704
1,1,mol47,5.913174243239337
1,1,mol48,1.7891046686088814
1,1,mol49,3.510567785711725
1,1,mol50,3.4907813731312367
1,1,mol51,1.5856911517724768
1,1,mol52,1.1961439052221094
1,1,mol53,7.836858932880164
1,1,mol54,2.119447192076274
1,1,mol55,0.9031965526102603
1,1,mol56,1.3149858844299436
1,1,mol57,1.3182881192099096
1,1,mol58,3.948354320762729
1,1,mol59,3.381020690766161
1,1,mol60,3.8938323724250705
1,1,mol61,2.412076534754276
1,1,mol62,7.349218005016802
1,1,mol63,5.180372093097287
1,1,mol64,7.020494871149278
1,1,mol65,4.593969255063707
1,1,mol66,5.275152375581203
1,1,mol67,2.969348410980004
1,1,mol68,2.2733110123467806
1,1,mol69,3.8010457270939884
1,1,mol70,6.67397872307067
1,1,mol71,1.5341597787900527
1,1,mol72,5.02997329725627
1,1,mol73,1.5792324291606037
1,1,mol74,5.870164438347131
1,1,mol75,4.547948443569457
1,1,mol76,1.142523138947436
1,1,mol77,2.4671129710901387
1,1,mol79,0.8496433334052589
1,1,mol80,6.043941504798715
1,1,mol81,0.887150458651583
1,1,mol82,4.045582683837361
1,1,mol83,1.0437319586842912
1,1,mol84,6.26214721367314
1,1,mol85,0.8802857853126616
1,1,mol86,1.3715259246547258
1,1,mol87,0.6696666700287305
1,1,mol88,2.861207393207358
1,1,mol89,3.404340923732522
1,1,mol90,3.9573891994819608
1,1,mol91,3.5508720313797983
1,1,mol92,1.6851645844446965
1,1,mol93,0.5970732236292298
1,1,mol94,6.0742285489828065
1,1,mol95,1.9914711013308475
1,1,mol96,4.717436899708069
1,2,mol0,6.149066675461268
1,2,mol1,4.713718823993076
1,2,mol2,2.0299328099792624
1,2,mol3,2.1522867284422333
1,2,mol4,0.737906118100694
1,2,mol5,5.319741065976075
1,2,mol6,3.053525802112481
1,2,mol7,3.965820640568342
1,2,mol8,1.8528592521176277
1,2,mol9,0.9280524304770102
1,2,mol10,0.8884947993213311
1,2,mol11,4.157809959023758
1,2,mol12,4.377247937583994
1,2,mol13,6.4318430894548735
1,2,mol14,0.9760112990872319
1,2,mol15,1.6412870213886868
1,2,mol16,3.3001269030144886
1,2,mol17,6.143844891131751
1,2,mol18,3.8747322815045346
1,2,mol19,9.875868333247514
1,2,mol20,4.361005245260453
1,2,mol21,6.387254688876233
1,2,mol22,3.7997905367708538
1,2,mol23,1.6205116937126558
1,2,mol24,6.182349653991638
1,2,mol25,1.5890632176694544
1,2,mol26,4.008615250469456
1,2,mol27,4.030495607242365
1,2,mol28,1.9030409236070247
1,2,mol29,0.9077163129920025
1,2,mol30,1.303822932468504
1,2,mol31,1.5154914530099937
1,2,mol32,7.6946009451945905
1,2,mol33,3.36320135662437
1,2,mol34,6.473240623653217
1,2,mol35,4.855097033082362
1,2,mol36,2.3577927487982726
1,2,mol37,5.022192453334832
1,2,mol38,6.202715551675734
1,2,mol39,5.660506220345617
1,2,mol40,2.1324860028346526
1,2,mol41,4.464038995007479
1,2,mol42,0.8591382092722791
1,2,mol43,1.868803511831389
1,2,mol44,5.5337217032588155
1,2,mol45,5.517327446560647
1,2,mol46,2.1543032000845974
1,2,mol47,5.299805336676685
1,2,mol48,4.712276896929269
1,2,mol49,3.4761948971098144
1,2,mol50,1.2224491640294757
1,2,mol51,2.480856682920333
1,2,mol52,6.443530315518039
1,2,mol53,2.0855550170921364
1,2,mol54,2.142720462402877
1,2,mol55,0.909581859815752
1,2,mol56,1.3128418353264546
1,2,mol57,3.0212757487938764
1,2,mol58,1.15648260909659
1,2,mol59,1.1856202058416516
1,2,mol60,3.8174816673965952
1,2,mol61,2.3008481733546144
1,2,mol62,7.471750387538666
1,2,mol63,0.9048494346640025
1,2,mol64,1.281729180204964
1,2,mol65,3.6314400423491047
1,2,mol66,4.381843436910999
1,2,mol67,2.290341467646485
1,2,mol68,5.742250961724729
1,2,mol69,5.391675558448187
1,2,mol70,5.259015595174226
1,2,mol71,6.115332386574398
1,2,mol72,5.422993642199235
1,2,mol73,1.8239230066158223
1,2,mol74,3.597634413668483
1,2,mol75,5.531751152763252
1,2,mol76,0.6893552028943972
1,2,mol77,2.5190206815227603
1,2,mol79,0.8537087231603058
1,2,mol80,1.2102902127766122
1,2,mol81,0.889051773681215
1,2,mol82,0.6478580218462897
1,2,mol83,1.236148701453536
1,2,mol84,6.258496923611703
1,2,mol85,0.89257595112652
1,2,mol86,1.3715259246547258
1,2,mol87,0.7224089026524929
1,2,mol88,3.0603225006615813
1,2,mol89,1.0096243088396792
1,2,mol90,6.528209230152406
1,2,mol91,0.7650106271849316
1,2,mol92,3.914847175816701
1,2,mol93,0.5970732236292298
1,2,mol94,5.34431625849681
1,2,mol95,5.98147444765492
1,2,mol96,5.376279265355447
1,3,mol0,2.236312722743051
1,3,mol1,4.773255338340911
1,3,mol2,5.331637750629668
1,3,mol3,2.1522867284422333
1,3,mol4,0.737906118100694
1,3,mol5,4.870154868306585
1,3,mol6,3.7387815159710347
1,3,mol7,2.358571526982961
1,3,mol8,3.8097610766017165
1,3,mol9,0.9280524304770102
1,3,mol10,0.7524332479573049
1,3,mol11,3.436529183170967
1,3,mol12,3.671852784868969
1,3,mol13,6.4318430894548735
1,3,mol14,1.156494349432919
1,3,mol15,1.2853338056093075
1,3,mol16,3.3006976365610954
1,3,mol17,1.2418680861623634
1,3,mol18,3.6679243919415785
1,3,mol19,9.844464760085442
1,3,mol20,5.626249563358276
1,3,mol21,0.6542435614618501
1,3,mol22,0.8085237205343245
1,3,mol23,1.6205116937126558
1,3,mol24,1.4473536729966323
1,3,mol25,2.63358011170156
1,3,mol26,4.083948175524559
1,3,mol27,4.376638273378324
1,3,mol28,1.9030409236070247
1,3,mol29,6.404443371177185
1,3,mol30,1.303822932468504
1,3,mol31,3.335810442024839
1,3,mol32,1.8628961522882925
1,3,mol33,4.318860336385052
1,3,mol34,0.8415508135069956
1,3,mol35,4.878578794306603
1,3,mol36,1.1322563568884412
1,3,mol37,5.030952706164775
1,3,mol38,6.462733831746439
1,3,mol39,5.653194685359017
1,3,mol40,5.418274937204908
1,3,mol41,1.6411127952831597
1,3,mol42,0.8095107811121741
1,3,mol43,3.704549057015352
1,3,mol44,5.519382876921913
1,3,mol45,5.619538853322397
1,3,mol46,4.9027087130751665
1,3,mol47,0.5742531228394926
1,3,mol48,1.7886227958164589
1,3,mol49,3.5767284344022454
1,3,mol50,3.5668134906129
1,3,mol51,2.282326194342288
1,3,mol52,6.511409947315558
1,3,mol53,7.767341697321842
1,3,mol54,6.319223538932612
1,3,mol55,5.319634739313019
1,3,mol56,1.3127972112693824
1,3,mol57,1.3182881192099096
1,3,mol58,1.1385883525539107
1,3,mol59,3.3303980142936536
1,3,mol60,3.857948571573899
1,3,mol61,2.3008481733546144
1,3,mol62,7.39900955647728
1,3,mol63,5.180372093097287
1,3,mol64,0.9848986113921688
1,3,mol65,4.593969255063707
1,3,mol66,4.479571912761307
1,3,mol67,6.022053628691969
1,3,mol68,2.2733110123467806
1,3,mol69,3.8010457270939884
1,3,mol70,0.6894510665325404
1,3,mol71,1.3616361559325814
1,3,mol72,5.009369015931825
1,3,mol73,1.0933106015961336
1,3,mol74,0.6495002452112022
1,3,mol75,5.944230423142648
1,3,mol76,0.6672928860384887
1,3,mol77,6.455705937033884
1,3,mol79,2.814004067871971
1,3,mol80,6.324571884709443
1,3,mol81,4.053485692832775
1,3,mol82,0.8603426601890531
1,3,mol83,1.06479771812599
1,3,mol84,1.711286541924359
1,3,mol85,0.6696494730563937
1,3,mol86,6.189360497014211
1,3,mol87,6.06300094807149
1,3,mol88,2.9153173235420606
1,3,mol89,1.0096182025894738
1,3,mol90,1.0656060632611017
1,3,mol91,3.543809191973751
1,3,mol92,3.915416062608587
1,3,mol93,0.6230877371004825
1,3,mol94,5.362053653918432
1,3,mol95,5.883981161725322
1,3,mol96,4.717436899708069
1,4,mol0,6.246501140736269
1,4,mol1,4.948725080765751
1,4,mol2,0.5641161343467345
1,4,mol3,2.54374241817052
1,4,mol4,0.7864553029119083
1,4,mol5,1.1003301070661158
1,4,mol6,5.246049463035124
1,4,mol7,0.9927942732245022
1,4,mol8,2.7860939867302994
1,4,mol9,0.7495994583776061
1,4,mol10,0.8947014750595219
1,4,mol11,3.436395043968939
1,4,mol12,4.392158166218896
1,4,mol13,6.310977306583387
1,4,mol14,1.3748761444954605
1,4,mol15,1.1571541917225432
1,4,mol16,3.3006976365610954
1,4,mol17,6.065380071991719
1,4,mol18,3.466311798824028
1,4,mol19,9.874401321274608
1,4,mol20,5.8313318721577865
1,4,mol21,1.04897757186973
1,4,mol22,2.308420895691829
1,4,mol23,1.2637750540730326
1,4,mol24,6.18187956658729
1,4,mol25,2.63358011170156
1,4,mol26,4.087491258615639
1,4,mol27,4.019253290848936
1,4,mol28,2.323387148992299
1,4,mol29,0.8983953713890858
1,4,mol30,2.7377404005437094
1,4,mol31,2.5509536127476413
1,4,mol32,7.239267916643738
1,4,mol33,3.3634032807856986
1,4,mol34,6.473240623653217
1,4,mol35,4.933827594893141
1,4,mol36,3.966321721047996
1,4,mol37,5.018222481284251
1,4,mol38,2.4968743811013003
1,4,mol39,1.5555164550720768
1,4,mol40,2.494125983357125
1,4,mol41,0.9445480938411486
1,4,mol42,2.8253209337031167
1,4,mol43,6.229441692858376
1,4,mol44,2.1869249283088847
1,4,mol45,1.3139647999199109
1,4,mol46,5.439274196357258
1,4,mol47,5.951939940995047
1,4,mol48,1.788854502055382
1,4,mol49,1.1965938169204735
1,4,mol50,3.5191685051624444
1,4,mol51,2.154512720348352
1,4,mol52,6.463761680476778
1,4,mol53,4.25536981591815
1,4,mol54,2.5755987148622355
1,4,mol55,5.203729120515969
1,4,mol56,1.3128418353264546
1,4,mol57,3.0212757487938764
1,4,mol58,1.1703150110730258
1,4,mol59,3.3303980142936536
1,4,mol60,3.1674783616969164
1,4,mol61,3.146768981693181
1,4,mol62,5.881366085581782
1,4,mol63,5.295056601874886
1,4,mol64,1.013578444724981
1,4,mol65,3.627603561419513
1,4,mol66,5.262636346319209
1,4,mol67,2.7681939497954637
1,4,mol68,5.741061072061754
1,4,mol69,3.8010457270939884
1,4,mol70,6.67397872307067
1,4,mol71,6.127569185108049
1,4,mol72,1.6603105228306607
1,4,mol73,1.0933106015961336
1,4,mol74,5.870164438347131
1,4,mol75,5.531751152763252
1,4,mol76,0.6893552028943972
1,4,mol77,5.266589644622836
1,4,mol79,0.8467282350317602
1,4,mol80,2.1368458101336447
1,4,mol81,0.8863464748215404
1,4,mol82,0.5772187158108727
1,4,mol83,1.2951594908898694
1,4,mol84,5.682134893053591
1,4,mol85,0.708664692345026
1,4,mol86,3.308088878340484
1,4,mol87,6.06300094807149
1,4,mol88,2.8831955973363996
1,4,mol89,1.0092037331480694
1,4,mol90,1.0656060632611017
1,4,mol91,5.218063516258295
1,4,mol92,1.6389293170531474
1,4,mol93,0.5970732236292298
1,4,mol94,1.60148878608139
1,4,mol95,2.0826002961657677
1,4,mol96,4.330644811635498
1,5,mol0,6.279544125037476
1,5,mol1,4.941402551064492
1,5,mol2,4.9359547516159425
1,5,mol3,1.8154291135129665
1,5,mol4,0.7876727056997399
1,5,mol5,4.869228654818258
1,5,mol6,3.7532280131389717
1,5,mol7,2.3607375175656666
1,5,mol8,5.950611360254464
1,5,mol9,0.7111466029287796
1,5,mol10,4.048991625343928
1,5,mol11,3.4365502685417377
1,5,mol12,3.7072572822887997
1,5,mol13,1.61471737334726
1,5,mol14,0.46788438367452123
1,5,mol15,0.8994498711932051
1,5,mol16,3.49043894775428
1,5,mol17,3.8792352722816763
1,5,mol18,3.6679243919415785
1,5,mol19,6.039848611810543
1,5,mol20,4.727146843956122
1,5,mol21,1.0461705777330417
1,5,mol22,1.117198862483011
1,5,mol23,7.194471386268615
1,5,mol24,6.169667652654439
1,5,mol25,1.5890632176694544
1,5,mol26,4.081247152843429
1,5,mol27,4.03262638289242
1,5,mol28,5.85178671316806
1,5,mol29,1.5467447114206312
1,5,mol30,0.9367880712908443
1,5,mol31,2.848640639913335
1,5,mol32,1.6650889988858033
1,5,mol33,3.5140036250977316
1,5,mol34,6.441875972128439
1,5,mol35,4.864600508810829
1,5,mol36,3.9929023043395393
1,5,mol37,5.022192453334832
1,5,mol38,2.936047979853191
1,5,mol39,5.6514929543819274
1,5,mol40,5.402255370623326
1,5,mol41,2.035196981672911
1,5,mol42,6.313702805844309
1,5,mol43,6.184249302708903
1,5,mol44,5.519382876921913
1,5,mol45,2.169028520789895
1,5,mol46,5.439274196357258
1,5,mol47,5.953822717049998
1,5,mol48,1.7889453160478448
1,5,mol49,4.137977393467267
1,5,mol50,3.271079819556394
1,5,mol51,1.9728320615539576
1,5,mol52,2.036250068631061
1,5,mol53,3.8666364467242538
1,5,mol54,6.214656076566104
1,5,mol55,5.203729120515969
1,5,mol56,1.3128418353264546
1,5,mol57,1.3182881192099096
1,5,mol58,3.9517602395460605
1,5,mol59,5.801148047800538
1,5,mol60,3.9841242688952363
1,5,mol61,1.8248897794313965
1,5,mol62,2.733720676641038
1,5,mol63,5.295056601874886
1,5,mol64,3.5327787091828373
1,5,mol65,4.038132442398706
1,5,mol66,5.274968597593734
1,5,mol67,5.708770887300015
1,5,mol68,2.268814320678157
1,5,mol69,5.41160353394894
1,5,mol70,6.377952841871979
1,5,mol71,2.1288514994844387
1,5,mol72,5.009369015931825
1,5,mol73,3.0014461998031057
1,5,mol74,0.6210307402167123
1,5,mol75,4.816595911748584
1,5,mol76,3.755300862982239
1,5,mol77,2.4671129710901387
1,5,mol79,0.8496433334052589
1,5,mol80,6.3373876843696415
1,5,mol81,0.8877824728743282
1,5,mol82,0.5772187158108727
1,5,mol83,7.564841961788898
1,5,mol84,6.2116018067576
1,5,mol85,0.6696494730563937
1,5,mol86,1.3414766703152166
1,5,mol87,2.0158673271141416
1,5,mol88,4.040313803441236
1,5,mol89,1.6952855791871762
1,5,mol90,0.8918734938978998
1,5,mol91,5.218063516258295
1,5,mol92,3.915300065460193
1,5,mol93,0.6037553907626831
1,5,mol94,4.046357835380411
1,5,mol95,5.825728740483229
1,5,mol96,1.4795210106345538
1,6,mol0,6.279544125037476
1,6,mol1,4.941402551064492
1,6,mol2,4.949811348195735
1,6,mol3,2.1522867284422333
1,6,mol4,0.7960793629870793
1,6,mol5,4.48915250669735
1,6,mol6,5.246049463035124
1,6,mol7,3.738828250936381
1,6,mol8,6.776249735793547
1,6,mol9,6.736414283960189
1,6,mol10,0.7060482635955675
1,6,mol11,4.121977980247209
1,6,mol12,3.570985865100841
1,6,mol13,2.155961724833576
1,6,mol14,1.381774308535851
1,6,mol15,0.8994498711932051
1,6,mol16,3.491915641592735
1,6,mol17,3.8792352722816763
1,6,mol18,4.748941965848814
1,6,mol19,9.27743665455231
1,6,mol20,3.7289968382206307
1,6,mol21,2.967578958006004
1,6,mol22,4.716751296178335
1,6,mol23,1.23807996216024
1,6,mol24,6.2016195568916554
1,6,mol25,2.431799266952353
1,6,mol26,4.176407604406944
1,6,mol27,3.8186768776632567
1,6,mol28,5.733617301226432
1,6,mol29,0.9077163129920025
1,6,mol30,1.303822932468504
1,6,mol31,1.1933908965427964
1,6,mol32,4.1089565092932245
1,6,mol33,2.362825303148754
1,6,mol34,6.441875972128439
1,6,mol35,4.864600508810829
1,6,mol36,6.835120607191737
1,6,mol37,5.0045719535574005
1,6,mol38,1.6778090594581967
1,6,mol39,4.524173927028006
1,6,mol40,2.131666088365088
1,6,mol41,4.6726084056023
1,6,mol42,0.7900409479727514
1,6,mol43,1.7311806229179745
1,6,mol44,5.531495250541639
1,6,mol45,5.608505536466148
1,6,mol46,1.9924887238669236
1,6,mol47,5.299805336676685
1,6,mol48,3.7515679199629632
1,6,mol49,3.698999635192446
1,6,mol50,1.8365249409241255
1,6,mol51,6.730220360097891
1,6,mol52,3.152781156693246
1,6,mol53,1.7351765006503201
1,6,mol54,2.119447192076274
1,6,mol55,5.203729120515969
1,6,mol56,2.127011311186818
1,6,mol57,1.3182881192099096
1,6,mol58,3.9507794590073337
1,6,mol59,1.1856202058416516
1,6,mol60,3.1714034588949587
1,6,mol61,2.412076534754276
1,6,mol62,1.8983477583359025
1,6,mol63,5.295056601874886
1,6,mol64,1.013578444724981
1,6,mol65,3.7570590593300657
1,6,mol66,4.479571912761307
1,6,mol67,3.567562682147664
1,6,mol68,2.2889166642759196
1,6,mol69,3.7458300957125568
1,6,mol70,6.377952841871979
1,6,mol71,2.257342581380657
1,6,mol72,5.456058174583958
1,6,mol73,1.0656784442609792
1,6,mol74,0.7237727692242837
1,6,mol75,5.933250192790111
1,6,mol76,0.6293934371979726
1,6,mol77,2.7545516524582734
1,6,mol79,2.814004067871971
1,6,mol80,6.325719189309623
1,6,mol81,0.8753753997979543
1,6,mol82,0.4933917713136287
1,6,mol83,1.06479771812599
1,6,mol84,6.258496923611703
1,6,mol85,5.927297770807835
1,6,mol86,2.1428357232881847
1,6,mol87,0.7224089026524929
1,6,mol88,3.0603225006615813
1,6,mol89,1.0096182025894738
1,6,mol90,0.9411091546055395
1,6,mol91,0.6818953393472705
1,6,mol92,3.890600878422919
1,6,mol93,0.8996121195409721
1,6,mol94,1.60148878608139
1,6,mol95,5.83757537161027
1,6,mol96,1.4908143086002603
1,7,mol0,6.279544125037476
1,7,mol1,4.713718823993076
1,7,mol2,0.5641161343467345
1,7,mol3,2.54374241817052
1,7,mol4,2.9803915638575154
1,7,mol5,4.48915250669735
1,7,mol6,5.123961845177356
1,7,mol7,2.358571526982961
1,7,mol8,6.776249735793547
1,7,mol9,2.8753572497542437
1,7,mol10,0.9207797713722978
1,7,mol11,3.4366129658117917
1,7,mol12,3.671852784868969
1,7,mol13,6.42469627797381
1,7,mol14,7.264694117684069
1,7,mol15,1.4049323517147494
1,7,mol16,3.4920917616809564
1,7,mol17,1.5621321091014402
1,7,mol18,4.749019371056162
1,7,mol19,9.846592808200857
1,7,mol20,5.828678191726038
1,7,mol21,2.967578958006004
1,7,mol22,2.8044141066658943
1,7,mol23,1.5696979407309977
1,7,mol24,6.169667652654439
1,7,mol25,6.125402263912958
1,7,mol26,4.083948175524559
1,7,mol27,4.097671519289949
1,7,mol28,1.6033851219313373
1,7,mol29,0.9293704526210894
1,7,mol30,1.2637813155723356
1,7,mol31,3.335810442024839
1,7,mol32,3.6946840083529398
1,7,mol33,3.5140036250977316
1,7,mol34,0.8489848359742863
1,7,mol35,4.864600508810829
1,7,mol36,1.116485959479243
1,7,mol37,2.6686381430110258
1,7,mol38,2.3760566502084917
1,7,mol39,1.7097887895459902
1,7,mol40,5.417289480727424
1,7,mol41,1.4938880679199777
1,7,mol42,2.8253209337031167
1,7,mol43,2.6945853235392883
1,7,mol44,2.1465107529772727
1,7,mol45,5.517327446560647
1,7,mol46,1.9924887238669236
1,7,mol47,0.781921049645543
1,7,mol48,2.5066704250858343
1,7,mol49,3.4474649160372453
1,7,mol50,3.111102745812166
1,7,mol51,3.458911860996585
1,7,mol52,2.036250068631061
1,7,mol53,3.8666364467242538
1,7,mol54,1.9963506417961754
1,7,mol55,5.275089674258684
1,7,mol56,2.127011311186818
1,7,mol57,2.397243010261997
1,7,mol58,1.1385883525539107
1,7,mol59,2.355708689132754
1,7,mol60,3.1674783616969164
1,7,mol61,2.412076534754276
1,7,mol62,7.481640224119166
1,7,mol63,0.9609466652886683
1,7,mol64,1.0166956838755201
1,7,mol65,3.717498059495518
1,7,mol66,4.381843436910999
1,7,mol67,2.7681939497954637
1,7,mol68,2.2889166642759196
1,7,mol69,5.391675558448187
1,7,mol70,5.259015595174226
1,7,mol71,1.3616361559325814
1,7,mol72,5.456058174583958
1,7,mol73,5.612197547780414
1,7,mol74,0.6929280654032782
1,7,mol75,4.816595911748584
1,7,mol76,0.6672928860384887
1,7,mol77,2.653085420502862
1,7,mol79,3.0731086856796983
1,7,mol80,5.310442365135749
1,7,mol81,0.8753753997979543
1,7,mol82,0.8398345523340403
1,7,mol83,1.236148701453536
1,7,mol84,5.709990179125905
1,7,mol85,0.9797823973599804
1,7,mol86,2.1428357232881847
1,7,mol87,6.2404053416340455
1,7,mol88,2.861207393207358
1,7,mol89,1.009303207663584
1,7,mol90,0.8918734938978998
1,7,mol91,3.5508720313797983
1,7,mol92,3.890600878422919
1,7,mol93,0.8996121195409721
1,7,mol94,5.404807671441953
1,7,mol95,5.840917189018721
1,7,mol96,5.376356529286354
1,8,mol0,6.279544125037476
1,8,mol1,4.946098221662539
1,8,mol2,4.9359547516159425
1,8,mol3,2.743648701915719
1,8,mol4,2.996740239863541
1,8,mol5,4.48915250669735
1,8,mol6,5.246049463035124
1,8,mol7,2.3607375175656666
1,8,mol8,1.8335234681230277
1,8,mol9,0.7274497602682165
1,8,mol10,5.004484259457501
1,8,mol11,3.4366217545619673
1,8,mol12,3.2820550508916413
1,8,mol13,1.2596284293393827
1,8,mol14,0.955183170066547
1,8,mol15,0.8897930760339141
1,8,mol16,3.491862318018854
1,8,mol17,2.1062105485580362
1,8,mol18,3.6679243919415785
1,8,mol19,9.875868333247514
1,8,mol20,3.7289968382206307
1,8,mol21,6.499438972095976
1,8,mol22,4.716751296178335
1,8,mol23,7.171115870667587
1,8,mol24,1.4805438872607803
1,8,mol25,2.5100800624183286
1,8,mol26,2.994860238561813
1,8,mol27,4.097671519289949
1,8,mol28,5.85178671316806
1,8,mol29,0.9159442219329231
1,8,mol30,6.524646858171418
1,8,mol31,3.2216076357589682
1,8,mol32,7.239267916643738
1,8,mol33,3.3635170719352687
1,8,mol34,0.8415508135069956
1,8,mol35,4.9216904380900575
1,8,mol36,1.1322563568884412
1,8,mol37,5.00547448550085
1,8,mol38,2.936047979853191
1,8,mol39,4.524173927028006
1,8,mol40,5.439780939733302
1,8,mol41,2.035196981672911
1,8,mol42,2.8253209337031167
1,8,mol43,3.704549057015352
1,8,mol44,2.1465107529772727
1,8,mol45,5.608505536466148
1,8,mol46,1.8389542835106325
1,8,mol47,0.5742531228394926
1,8,mol48,1.7886227958164589
1,8,mol49,3.510567785711725
1,8,mol50,1.2234079318556315
1,8,mol51,2.282326194342288
1,8,mol52,1.1302959289495826
1,8,mol53,4.1144163981663295
1,8,mol54,6.2157155481086805
1,8,mol55,0.909581859815752
1,8,mol56,2.1320269544692283
1,8,mol57,2.4876082499561702
1,8,mol58,6.389125966783608
1,8,mol59,5.901616541277295
1,8,mol60,3.8174816673965952
1,8,mol61,2.2837187676051958
1,8,mol62,1.6542500498317723
1,8,mol63,5.326231051790639
1,8,mol64,1.298173686055401
1,8,mol65,4.0484676191775835
1,8,mol66,4.448947755323724
1,8,mol67,5.708770887300015
1,8,mol68,2.2733110123467806
1,8,mol69,4.322730943981369
1,8,mol70,2.710530858179419
1,8,mol71,2.1224381770568894
1,8,mol72,1.9572517705531225
1,8,mol73,1.9984640546711119
1,8,mol74,3.597634413668483
1,8,mol75,2.954205124654784
1,8,mol76,5.956024641410654
1,8,mol77,2.652065261549035
1,8,mol79,0.8520230478103276
1,8,mol80,6.324863841267369
1,8,mol81,0.887150458651583
1,8,mol82,0.8603426601890531
1,8,mol83,3.3993329665345255
1,8,mol84,5.709990179125905
1,8,mol85,6.0297705116071425
1,8,mol86,1.3263358368075562
1,8,mol87,0.8278031112847012
1,8,mol88,5.421514760885559
1,8,mol89,3.9625373064489873
1,8,mol90,0.7387518446279348
1,8,mol91,3.5726522773704135
1,8,mol92,3.433030426066203
1,8,mol93,5.516831931971919
1,8,mol94,5.356391036649584
1,8,mol95,5.840917189018721
1,8,mol96,4.23828019827511
1,9,mol0,1.3937788601408798
1,9,mol1,4.891913145692592
1,9,mol2,0.5531764371392374
1,9,mol3,2.9508005071263534
1,9,mol4,0.7738912208696584
1,9,mol5,5.102917006651608
1,9,mol6,5.494793845263391
1,9,mol7,0.9927942732245022
1,9,mol8,3.673174120387463
1,9,mol9,6.644445899245475
1,9,mol10,0.7524332479573049
1,9,mol11,3.436442628805467
1,9,mol12,3.671852784868969
1,9,mol13,6.432601395359342
1,9,mol14,1.1672944332017452
1,9,mol15,1.2853338056093075
1,9,mol16,3.4920917616809564
1,9,mol17,2.088132003353373
1,9,mol18,4.744541087221538
1,9,mol19,9.874401321274608
1,9,mol20,5.823935594479789
1,9,mol21,1.0529534126175086
1,9,mol22,4.718270369708233
1,9,mol23,1.4418949630935656
1,9,mol24,1.4805438872607803
1,9,mol25,6.096334743905555
1,9,mol26,4.176407604406944
1,9,mol27,4.3560027116612305
1,9,mol28,1.9104289887419632
1,9,mol29,2.288579009857203
1,9,mol30,0.9392688172326606
1,9,mol31,1.5154914530099937
1,9,mol32,7.239267916643738
1,9,mol33,4.318949988735688
1,9,mol34,0.8489848359742863
1,9,mol35,4.9216904380900575
1,9,mol36,2.3577927487982726
1,9,mol37,4.966631994118348
1,9,mol38,6.455338415993387
1,9,mol39,1.711709091355354
1,9,mol40,5.411251526561511
1,9,mol41,1.4972592615561904
1,9,mol42,5.6147946514918115
1,9,mol43,5.537098779971933
1,9,mol44,2.1869249283088847
1,9,mol45,5.608505536466148
1,9,mol46,5.0065496148860635
1,9,mol47,5.953822717049998
1,9,mol48,1.5348464700635915
1,9,mol49,4.137977393467267
1,9,mol50,3.117784662880185
1,9,mol51,2.154512720348352
1,9,mol52,0.716681314811542
1,9,mol53,7.9833131651560905
1,9,mol54,1.9705444425335854
1,9,mol55,5.203729120515969
1,9,mol56,1.3126921578382347
1,9,mol57,2.4041208019253113
1,9,mol58,1.1816389305899302
1,9,mol59,3.3563200930400616
1,9,mol60,3.8938323724250705
1,9,mol61,2.7860353935997013
1,9,mol62,2.733720676641038
1,9,mol63,0.9609466652886683
1,9,mol64,0.9652078689472946
1,9,mol65,4.511666623583012
1,9,mol66,4.448947755323724
1,9,mol67,2.969348410980004
1,9,mol68,2.2733110123467806
1,9,mol69,5.391675558448187
1,9,mol70,2.710530858179419
1,9,mol71,3.2982852927803905
1,9,mol72,5.455360105641261
1,9,mol73,5.612906113619975
1,9,mol74,0.7267165870827338
1,9,mol75,2.9122349922772197
1,9,mol76,6.006996552657273
1,9,mol77,4.353766650669837
1,9,mol79,0.7183508641325629
1,9,mol80,1.2102902127766122
1,9,mol81,3.0995174203644758
1,9,mol82,3.802006948194288
1,9,mol83,1.185044081569609
1,9,mol84,6.232437760161406
1,9,mol85,0.6795488851826195
1,9,mol86,6.189360497014211
1,9,mol87,0.6509780467638071
1,9,mol88,3.1290471867558094
1,9,mol89,1.0092561889827574
1,9,mol90,6.520037190416307
1,9,mol91,0.682158042538531
1,9,mol92,1.5994250363918396
1,9,mol93,5.2751266960495835
1,9,mol94,6.0742285489828065
1,9,mol95,5.883981161725322
1,9,mol96,4.330644811635498
1,10,mol0,1.768045246565381
1,10,mol1,4.941402551064492
1,10,mol2,0.5351269469891602
1,10,mol3,2.6378040099222506
1,10,mol4,0.7960793629870793
1,10,mol5,4.868744697723727
1,10,mol6,4.1728873093325785
1,10,mol7,3.738828250936381
1,10,mol8,1.8528592521176277
1,10,mol9,0.7274497602682165
1,10,mol10,0.8310690502694642
1,10,mol11,3.436442628805467
1,10,mol12,3.189744222830936
1,10,mol13,1.606021321546871
1,10,mol14,0.9760112990872319
1,10,mol15,0.8897930760339141
1,10,mol16,3.3034513079505197
1,10,mol17,1.5621321091014402
1,10,mol18,3.480571238317067
1,10,mol19,9.844604670592739
1,10,mol20,5.581193458343785
1,10,mol21,1.0461705777330417
1,10,mol22,5.39229678167538
1,10,mol23,1.5092671277719436
1,10,mol24,6.177740616370835
1,10,mol25,2.4391764644547553
1,10,mol26,4.006918212246118
1,10,mol27,4.097671519289949
1,10,mol28,1.8822944531090582
1,10,mol29,0.9598393894760432
1,10,mol30,0.9717787884028668
1,10,mol31,3.2216076357589682
1,10,mol32,3.6946840083529398
1,10,mol33,3.363351061842936
1,10,mol34,0.8415508135069956
1,10,mol35,4.937849867783973
1,10,mol36,1.1049375421262506
1,10,mol37,5.016350419544738
1,10,mol38,2.936047979853191
1,10,mol39,1.7175300593751313
1,10,mol40,1.6542825266561936
1,10,mol41,0.9044011810672241
1,10,mol42,0.8198255716277315
1,10,mol43,1.7746095374131678
1,10,mol44,2.144387075668504
1,10,mol45,5.608466726910052
1,10,mol46,5.439274196357258
1,10,mol47,5.913174243239337
1,10,mol48,1.788854502055382
1,10,mol49,3.510567785711725
1,10,mol50,3.271079819556394
1,10,mol51,3.458911860996585
1,10,mol52,6.46389339307201
1,10,mol53,1.7351765006503201
1,10,mol54,6.284195053863304
1,10,mol55,0.9969629474205206
1,10,mol56,3.794836777506599
1,10,mol57,1.3182881192099096
1,10,mol58,1.1385883525539107
1,10,mol59,3.3563200930400616
1,10,mol60,3.8174816673965952
1,10,mol61,2.298936415749364
1,10,mol62,7.481640224119166
1,10,mol63,0.9048494346640025
1,10,mol64,0.9652078689472946
1,10,mol65,3.717498059495518
1,10,mol66,0.9779762336580577
1,10,mol67,5.454568452368982
1,10,mol68,2.2889166642759196
1,10,mol69,4.242286626273556
1,10,mol70,6.67397872307067
1,10,mol71,2.1288514994844387
1,10,mol72,1.9263558079671808
1,10,mol73,1.5273854671668512
1,10,mol74,5.964626322623188
1,10,mol75,2.954205124654784
1,10,mol76,5.956024641410654
1,10,mol77,2.4751120721488493
1,10,mol79,2.8138451066112364
1,10,mol80,6.325719189309623
1,10,mol81,4.053485692832775
1,10,mol82,0.8690063250294421
1,10,mol83,1.2765218766550566
1,10,mol84,6.247521612379013
1,10,mol85,3.668222055990998
1,10,mol86,6.138402085803763
1,10,mol87,2.0158673271141416
1,10,mol88,2.9367344027848343
1,10,mol89,1.0092561889827574
1,10,mol90,6.520037190416307
1,10,mol91,6.278192556100091
1,10,mol92,1.6389293170531474
1,10,mol93,0.6037553907626831
1,10,mol94,4.133402850725886
1,10,mol95,5.83757537161027
1,10,mol96,1.4908143086002603
1,11,mol0,1.7350593055865382
1,11,mol1,4.953765445766147
1,11,mol2,0.7976211949328208
1,11,mol3,2.9469388475081018
1,11,mol4,0.7869480536416845
1,11,mol5,4.869228654818258
1,11,mol6,4.4861682978226405
1,11,mol7,3.738828250936381
1,11,mol8,1.8324610781391069
1,11,mol9,6.736414283960189
1,11,mol10,4.048991625343928
1,11,mol11,4.231063031530694
1,11,mol12,4.392158166218896
1,11,mol13,6.310977306583387
1,11,mol14,1.3748761444954605
1,11,mol15,0.8923107744266539
1,11,mol16,3.3006976365610954
1,11,mol17,1.5621321091014402
1,11,mol18,4.749019371056162
1,11,mol19,9.844464760085442
1,11,mol20,3.7289968382206307
1,11,mol21,6.499438972095976
1,11,mol22,4.669165532869159
1,11,mol23,1.23807996216024
1,11,mol24,1.4805438872607803
1,11,mol25,2.4520113630956115
1,11,mol26,4.152536605007345
1,11,mol27,3.8186768776632567
1,11,mol28,1.9030409236070247
1,11,mol29,0.9159442219329231
1,11,mol30,0.9377236995334325
1,11,mol31,1.1523195050450707
1,11,mol32,4.85819035243848
1,11,mol33,4.31920971535303
1,11,mol34,0.8488174195398476
1,11,mol35,4.8928156496326665
1,11,mol36,2.654979720234628
1,11,mol37,5.030952706164775
1,11,mol38,6.477655233570246
1,11,mol39,5.215270525978768
1,11,mol40,5.439780939733302
1,11,mol41,0.9183960110746859
1,11,mol42,0.7900409479727514
1,11,mol43,6.190550551198531
1,11,mol44,5.539295204770029
1,11,mol45,5.561579903331684
1,11,mol46,1.9156128616684203
1,11,mol47,5.948331687731672
1,11,mol48,1.5347125963297927
1,11,mol49,3.4761948971098144
1,11,mol50,3.117784662880185
1,11,mol51,2.2304966349074222
1,11,mol52,2.1204683933037063
1,11,mol53,4.25536981591815
1,11,mol54,1.9963506417961754
1,11,mol55,5.203729120515969
1,11,mol56,2.127011311186818
1,11,mol57,5.763642575685101
1,11,mol58,1.1385883525539107
1,11,mol59,2.3706124373367223
1,11,mol60,3.857948571573899
1,11,mol61,1.8248897794313965
1,11,mol62,7.39900955647728
1,11,mol63,0.9609466652886683
1,11,mol64,0.9652078689472946
1,11,mol65,3.717498059495518
1,11,mol66,2.2601840902015042
1,11,mol67,3.567562682147664
1,11,mol68,2.225482995794717
1,11,mol69,2.764870651976717
1,11,mol70,0.7010036653664106
1,11,mol71,1.5824495653439141
1,11,mol72,1.9572517705531225
1,11,mol73,5.614501875973727
1,11,mol74,0.6495002452112022
1,11,mol75,5.531751152763252
1,11,mol76,0.9065294034911051
1,11,mol77,2.653085420502862
1,11,mol79,0.7183508641325629
1,11,mol80,6.043941504798715
1,11,mol81,4.047500917744536
1,11,mol82,0.8398345523340403
1,11,mol83,1.2951594908898694
1,11,mol84,6.232437760161406
1,11,mol85,0.871616773081867
1,11,mol86,6.209752000845121
1,11,mol87,6.2404053416340455
1,11,mol88,4.0591805614283505
1,11,mol89,1.0093640398785761
1,11,mol90,3.9573891994819608
1,11,mol91,6.278192556100091
1,11,mol92,1.68519260213671
1,11,mol93,0.9456791887976594
1,11,mol94,5.34431625849681
1,11,mol95,1.981554009111445
1,11,mol96,5.376279265355447
1,12,mol0,6.288231587753389
1,12,mol1,3.635411349260677
1,12,mol2,0.5641161343467345
1,12,mol3,2.5478173374946045
1,12,mol4,0.7226275515511914
1,12,mol5,4.869460227356463
1,12,mol6,3.7532280131389717
1,12,mol7,1.1180614593313307
1,12,mol8,3.673174120387463
1,12,mol9,2.668887902051018
1,12,mol10,3.2787556590235494
1,12,mol11,3.3780808982848747
1,12,mol12,3.570985865100841
1,12,mol13,1.61471737334726
1,12,mol14,0.8063614954543351
1,12,mol15,0.8897930760339141
1,12,mol16,2.894973166024169
1,12,mol17,1.7207249470582366
1,12,mol18,4.749042703886051
1,12,mol19,9.277947338039588
1,12,mol20,3.9460465590875238
1,12,mol21,6.387254688876233
1,12,mol22,3.7489721922592776
1,12,mol23,1.5092671277719436
1,12,mol24,1.440460780444924
1,12,mol25,2.441070663612588
1,12,mol26,3.7346309595559877
1,12,mol27,4.03262638289242
1,12,mol28,1.8993524289164372
1,12,mol29,0.9278417151979849
1,12,mol30,1.0161518300898107
1,12,mol31,1.5154914530099937
1,12,mol32,7.6946009451945905
1,12,mol33,3.3635170719352687
1,12,mol34,0.8328923169979933
1,12,mol35,4.930412617752222
1,12,mol36,2.654979720234628
1,12,mol37,5.019377616630705
1,12,mol38,6.256081529599817
1,12,mol39,1.7175300593751313
1,12,mol40,2.494125983357125
1,12,mol41,1.4972592615561904
1,12,mol42,0.8640598812704201
1,12,mol43,2.6945853235392883
1,12,mol44,2.140598734480338
1,12,mol45,5.55804951281087
1,12,mol46,1.8389542835106325
1,12,mol47,5.948331687731672
1,12,mol48,1.7887759930559595
1,12,mol49,4.140618700657037
1,12,mol50,1.8365249409241255
1,12,mol51,2.1086870639266104
1,12,mol52,1.1961439052221094
1,12,mol53,1.5520381298766177
1,12,mol54,1.2991254616086931
1,12,mol55,0.909581859815752
1,12,mol56,2.127283541965355
1,12,mol57,2.4877129607834583
1,12,mol58,4.1810328002266886
1,12,mol59,5.901616541277295
1,12,mol60,4.78029281995836
1,12,mol61,2.321852239946879
1,12,mol62,7.349218005016802
1,12,mol63,5.2929118978342435
1,12,mol64,0.9764985448302295
1,12,mol65,3.627603561419513
1,12,mol66,2.2601840902015042
1,12,mol67,5.454568452368982
1,12,mol68,2.225482995794717
1,12,mol69,2.961431392947528
1,12,mol70,6.67397872307067
1,12,mol71,2.257342581380657
1,12,mol72,1.6603105228306607
1,12,mol73,0.7955995712747086
1,12,mol74,0.718867011549506
1,12,mol75,5.531751152763252
1,12,mol76,2.8923131293450606
1,12,mol77,6.455705937033884
1,12,mol79,0.8496433334052589
1,12,mol80,6.184304572914519
1,12,mol81,4.053485692832775
1,12,mol82,0.5948624003028918
1,12,mol83,1.0614073609079002
1,12,mol84,1.7686405998474004
1,12,mol85,6.048587786490525
1,12,mol86,3.308088878340484
1,12,mol87,6.20633912022725
1,12,mol88,5.421514760885559
1,12,mol89,1.0096243088396792
1,12,mol90,0.7387518446279348
1,12,mol91,3.5508720313797983
1,12,mol92,3.433030426066203
1,12,mol93,0.8898108840506502
1,12,mol94,4.236500338821342
1,12,mol95,1.9947656372205471
1,12,mol96,1.8300455217885103
1,13,mol0,6.253898575990859
1,13,mol1,4.9476793804435895
1,13,mol2,5.331637750629668
1,13,mol3,2.9508005071263534
1,13,mol4,3.353647153538187
1,13,mol5,5.319741065976075
1,13,mol6,5.246049463035124
1,13,mol7,3.8796240926829904
1,13,mol8,3.8097610766017165
1,13,mol9,6.736414283960189
1,13,mol10,3.2787556590235494
1,13,mol11,3.436529183170967
1,13,mol12,4.377859752826335
1,13,mol13,6.310977306583387
1,13,mol14,1.381774308535851
1,13,mol15,0.8994498711932051
1,13,mol16,3.3001269030144886
1,13,mol17,3.82562909866749
1,13,mol18,3.8728052294170436
1,13,mol19,9.875868333247514
1,13,mol20,4.727146843956122
1,13,mol21,2.967578958006004
1,13,mol22,1.1674014797831973
1,13,mol23,7.171115870667587
1,13,mol24,1.4805438872607803
1,13,mol25,2.63358011170156
1,13,mol26,4.035161919326805
1,13,mol27,4.455482069540848
1,13,mol28,1.8822944531090582
1,13,mol29,2.2804019724938516
1,13,mol30,0.9717787884028668
1,13,mol31,1.5154914530099937
1,13,mol32,1.6650889988858033
1,13,mol33,3.5136963575699025
1,13,mol34,4.268528190673154
1,13,mol35,4.930412617752222
1,13,mol36,4.006310770414953
1,13,mol37,5.016350419544738
1,13,mol38,1.6778090594581967
1,13,mol39,4.524173927028006
1,13,mol40,2.1324860028346526
1,13,mol41,1.4938880679199777
1,13,mol42,0.8095107811121741
1,13,mol43,3.704549057015352
1,13,mol44,2.140598734480338
1,13,mol45,5.583150577381403
1,13,mol46,5.476944467396704
1,13,mol47,0.5742531228394926
1,13,mol48,1.5348464700635915
1,13,mol49,3.4761948971098144
1,13,mol50,4.5574525464541935
1,13,mol51,1.9728320615539576
1,13,mol52,1.1302959289495826
1,13,mol53,4.418585100279171
1,13,mol54,1.996004996236232
1,13,mol55,0.9150073807159732
1,13,mol56,2.1320269544692283
1,13,mol57,2.4428359134927584
1,13,mol58,6.763737348283967
1,13,mol59,2.4739924683820504
1,13,mol60,3.3122973967543214
1,13,mol61,1.4221715754436945
1,13,mol62,1.8983477583359025
1,13,mol63,0.9048494346640025
1,13,mol64,0.9764985448302295
1,13,mol65,4.593969255063707
1,13,mol66,4.381843436910999
1,13,mol67,2.969348410980004
1,13,mol68,5.742250961724729
1,13,mol69,2.7665172882065896
1,13,mol70,3.067838151160241
1,13,mol71,3.2982852927803905
1,13,mol72,5.422993642199235
1,13,mol73,5.6122486260243765
1,13,mol74,0.6495002452112022
1,13,mol75,2.9122349922772197
1,13,mol76,5.956024641410654
1,13,mol77,5.266589644622836
1,13,mol79,3.0731086856796983
1,13,mol80,6.336048701043892
1,13,mol81,3.0995174203644758
1,13,mol82,3.802006948194288
1,13,mol83,1.2765218766550566
1,13,mol84,6.26214721367314
1,13,mol85,6.048587786490525
1,13,mol86,1.3263358368075562
1,13,mol87,1.0295327179688953
1,13,mol88,4.040313803441236
1,13,mol89,3.9625373064489873
1,13,mol90,3.9573891994819608
1,13,mol91,3.543809191973751
1,13,mol92,4.156983757262969
1,13,mol93,0.5330007651260927
1,13,mol94,6.0742285489828065
1,13,mol95,5.825728740483229
1,13,mol96,4.505410613211227
1,14,mol0,1.7350593055865382
1,14,mol1,2.555518502835253
1,14,mol2,4.9359547516159425
1,14,mol3,2.5400568196681856
1,14,mol4,0.7869480536416845
1,14,mol5,5.000389224463335
1,14,mol6,5.123961845177356
1,14,mol7,3.8796240926829904
1,14,mol8,1.8528592521176277
1,14,mol9,2.3395685742705394
1,14,mol10,5.004484259457501
1,14,mol11,3.436442628805467
1,14,mol12,4.377859752826335
1,14,mol13,1.61471737334726
1,14,mol14,0.9652059333550449
1,14,mol15,5.261343210751014
1,14,mol16,3.3001269030144886
1,14,mol17,3.82562909866749
1,14,mol18,3.480571238317067
1,14,mol19,9.843813965998114
1,14,mol20,5.823935594479789
1,14,mol21,1.047454412509544
1,14,mol22,4.669165532869159
1,14,mol23,7.194471386268615
1,14,mol24,1.4451993950936137
1,14,mol25,6.096334743905555
1,14,mol26,4.006918212246118
1,14,mol27,4.031693011130684
1,14,mol28,5.837879355312122
1,14,mol29,0.9278417151979849
1,14,mol30,6.427059536474251
1,14,mol31,6.474883109049434
1,14,mol32,1.6574447344918433
1,14,mol33,3.3635170719352687
1,14,mol34,0.8415508135069956
1,14,mol35,4.875481346029731
1,14,mol36,3.966321721047996
1,14,mol37,5.008291012411319
1,14,mol38,6.510603016618354
1,14,mol39,1.711709091355354
1,14,mol40,2.112392688939657
1,14,mol41,1.535435013449386
1,14,mol42,0.6029790731290589
1,14,mol43,2.6945853235392883
1,14,mol44,2.1869249283088847
1,14,mol45,2.1316890294519304
1,14,mol46,1.9156128616684203
1,14,mol47,5.954153274714035
1,14,mol48,1.7892858460982748
1,14,mol49,3.698999635192446
1,14,mol50,3.112737838229467
1,14,mol51,2.2304966349074222
1,14,mol52,1.1961439052221094
1,14,mol53,7.767341697321842
1,14,mol54,6.2157155481086805
1,14,mol55,5.3513823168301435
1,14,mol56,1.3126921578382347
1,14,mol57,2.4428359134927584
1,14,mol58,6.763737348283967
1,14,mol59,5.901616541277295
1,14,mol60,1.8779035866915774
1,14,mol61,2.298936415749364
1,14,mol62,1.66561342769753
1,14,mol63,0.9314602321718556
1,14,mol64,6.9491620923556905
1,14,mol65,3.8526051131211276
1,14,mol66,5.274569505997622
1,14,mol67,5.454568452368982
1,14,mol68,3.0052905472088476
1,14,mol69,3.0075876987056267
1,14,mol70,1.0680384190521561
1,14,mol71,2.1224381770568894
1,14,mol72,1.3184955247891017
1,14,mol73,3.0014461998031057
1,14,mol74,5.891852424497649
1,14,mol75,2.967548359315826
1,14,mol76,6.2054761692126945
1,14,mol77,2.7545516524582734
1,14,mol79,3.078716907089705
1,14,mol80,6.325719189309623
1,14,mol81,4.047500917744536
1,14,mol82,0.8690063250294421
1,14,mol83,1.081034505267499
1,14,mol84,6.2116018067576
1,14,mol85,6.0297705116071425
1,14,mol86,6.138402085803763
1,14,mol87,0.6455235504693273
1,14,mol88,3.2858270322452054
1,14,mol89,2.85867763047882
1,14,mol90,6.520037190416307
1,14,mol91,6.278192556100091
1,14,mol92,3.914847175816701
1,14,mol93,5.274867661550856
1,14,mol94,4.046357835380411
1,14,mol95,5.883981161725322
1,14,mol96,1.6712050614071055
1,15,mol0,6.279544125037476
1,15,mol1,4.9476793804435895
1,15,mol2,5.416418675432666
1,15,mol3,2.5400568196681856
1,15,mol4,2.996740239863541
1,15,mol5,4.870154868306585
1,15,mol6,5.123961845177356
1,15,mol7,2.3607375175656666
1,15,mol8,1.8324610781391069
1,15,mol9,2.668887902051018
1,15,mol10,0.7060482635955675
1,15,mol11,3.436382837426171
1,15,mol12,3.189744222830936
1,15,mol13,6.4318430894548735
1,15,mol14,0.46788438367452123
1,15,mol15,0.8856642183308406
1,15,mol16,2.894973166024169
1,15,mol17,6.065380071991719
1,15,mol18,4.749117293771549
1,15,mol19,3.357397660925757
1,15,mol20,3.7289968382206307
1,15,mol21,1.0529534126175086
1,15,mol22,1.1674014797831973
1,15,mol23,1.3066917555621351
1,15,mol24,6.18187956658729
1,15,mol25,6.125402263912958
1,15,mol26,4.001052172311123
1,15,mol27,4.376638273378324
1,15,mol28,2.2790543558509255
1,15,mol29,5.9996936380973365
1,15,mol30,1.2637813155723356
1,15,mol31,1.1523195050450707
1,15,mol32,3.6946840083529398
1,15,mol33,4.318860336385052
1,15,mol34,4.099264309639684
1,15,mol35,4.925231194900987
1,15,mol36,4.006310770414953
1,15,mol37,5.0045719535574005
1,15,mol38,2.4968743811013003
1,15,mol39,5.215270525978768
1,15,mol40,2.112392688939657
1,15,mol41,1.4938880679199777
1,15,mol42,2.615124995402504
1,15,mol43,6.184249302708903
1,15,mol44,2.1420302713162793
1,15,mol45,5.608466726910052
1,15,mol46,5.759968169137194
1,15,mol47,5.299805336676685
1,15,mol48,1.7886227958164589
1,15,mol49,1.1965938169204735
1,15,mol50,3.5182146136538166
1,15,mol51,6.716801488325484
1,15,mol52,6.463761680476778
1,15,mol53,1.7088445158405086
1,15,mol54,6.214656076566104
1,15,mol55,0.9150073807159732
1,15,mol56,1.3129791447632875
1,15,mol57,5.763642575685101
1,15,mol58,1.1703150110730258
1,15,mol59,3.381020690766161
1,15,mol60,3.857948571573899
1,15,mol61,1.2234124565249807
1,15,mol62,2.01770786081111
1,15,mol63,5.326231051790639
1,15,mol64,1.281729180204964
1,15,mol65,4.430006838927134
1,15,mol66,4.175060444304968
1,15,mol67,5.454568452368982
1,15,mol68,5.677461279631442
1,15,mol69,3.7458300957125568
1,15,mol70,6.67397872307067
1,15,mol71,1.5341597787900527
1,15,mol72,1.9572517705531225
1,15,mol73,1.9984640546711119
1,15,mol74,5.891852424497649
1,15,mol75,5.531751152763252
1,15,mol76,5.956024641410654
1,15,mol77,2.6308622494835365
1,15,mol79,3.0731086856796983
1,15,mol80,2.1317736396182942
1,15,mol81,4.047500917744536
1,15,mol82,0.5948624003028918
1,15,mol83,1.107363899918227
1,15,mol84,5.682134893053591
1,15,mol85,5.927297770807835
1,15,mol86,3.308088878340484
1,15,mol87,2.535885668288612
1,15,mol88,2.8831955973363996
1,15,mol89,3.2357457540727763
1,15,mol90,3.9097853190274203
1,15,mol91,0.682158042538531
1,15,mol92,3.433030426066203
1,15,mol93,5.516831931971919
1,15,mol94,5.34431625849681
1,15,mol95,5.98147444765492
1,15,mol96,1.4795210106345538
1,16,mol0,2.3624347886212234
1,16,mol1,3.768734180729651
1,16,mol2,4.9359547516159425
1,16,mol3,2.54374241817052
1,16,mol4,2.9803915638575154
1,16,mol5,4.48915250669735
1,16,mol6,4.508463153614544
1,16,mol7,3.8796240926829904
1,16,mol8,3.8836712443863846
1,16,mol9,6.736414283960189
1,16,mol10,4.05097472714901
1,16,mol11,3.43663665184228
1,16,mol12,4.392158166218896
1,16,mol13,6.4252081232726175
1,16,mol14,7.68930460650517
1,16,mol15,1.522727627871843
1,16,mol16,3.3001269030144886
1,16,mol17,6.143844891131751
1,16,mol18,3.466311798824028
1,16,mol19,6.039848611810543
1,16,mol20,6.0733297281661764
1,16,mol21,2.967578958006004
1,16,mol22,2.308420895691829
1,16,mol23,1.4418949630935656
1,16,mol24,6.177740616370835
1,16,mol25,2.1781633455161256
1,16,mol26,3.960965436514091
1,16,mol27,4.027343436063034
1,16,mol28,5.837879355312122
1,16,mol29,5.9996936380973365
1,16,mol30,1.2637813155723356
1,16,mol31,6.188570090783217
1,16,mol32,1.6574447344918433
1,16,mol33,3.5140036250977316
1,16,mol34,4.099264309639684
1,16,mol35,4.918288706516237
1,16,mol36,1.1322563568884412
1,16,mol37,5.00547448550085
1,16,mol38,1.6778090594581967
1,16,mol39,5.215270525978768
1,16,mol40,5.402255370623326
1,16,mol41,1.4972592615561904
1,16,mol42,2.6230436237518546
1,16,mol43,5.537098779971933
1,16,mol44,2.1420302713162793
1,16,mol45,5.601043313883584
1,16,mol46,2.1543032000845974
1,16,mol47,5.299805336676685
1,16,mol48,1.7891046686088814
1,16,mol49,1.1965938169204735
1,16,mol50,3.112737838229467
1,16,mol51,2.1253516908412844
1,16,mol52,0.6859013901429273
1,16,mol53,2.0855550170921364
1,16,mol54,6.237814998859776
1,16,mol55,0.9508105679768557
1,16,mol56,2.127283541965355
1,16,mol57,2.4927549458881835
1,16,mol58,0.828432079809288
1,16,mol59,1.1856202058416516
1,16,mol60,1.4838913581281052
1,16,mol61,2.3008481733546144
1,16,mol62,0.7242248603997606
1,16,mol63,0.9260618798407142
1,16,mol64,3.5327787091828373
1,16,mol65,3.6713925566065373
1,16,mol66,5.275152375581203
1,16,mol67,2.34469224139163
1,16,mol68,2.2860286734859656
1,16,mol69,2.7649085431333695
1,16,mol70,2.710530858179419
1,16,mol71,6.115332386574398
1,16,mol72,1.8309157663129496
1,16,mol73,3.0014461998031057
1,16,mol74,0.7237727692242837
1,16,mol75,2.954205124654784
1,16,mol76,0.6893552028943972
1,16,mol77,6.455705937033884
1,16,mol79,0.8537087231603058
1,16,mol80,6.336048701043892
1,16,mol81,6.336389226793804
1,16,mol82,0.4933917713136287
1,16,mol83,1.2951594908898694
1,16,mol84,1.7367404773639283
1,16,mol85,5.927297770807835
1,16,mol86,6.199458029295788
1,16,mol87,0.6455235504693273
1,16,mol88,2.7107213989084165
1,16,mol89,1.0092037331480694
1,16,mol90,0.9411091546055395
1,16,mol91,3.5611372135630392
1,16,mol92,3.915416062608587
1,16,mol93,0.5352249381101369
1,16,mol94,4.971142309899988
1,16,mol95,5.922682185939157
1,16,mol96,1.4211337385085447
1,17,mol0,6.253898575990859
1,17,mol1,4.891913145692592
1,17,mol2,2.0299328099792624
1,17,mol3,2.9469388475081018
1,17,mol4,2.162928669751914
1,17,mol5,5.320441844615491
1,17,mol6,4.4861682978226405
1,17,mol7,1.0434215555716582
1,17,mol8,1.8324610781391069
1,17,mol9,6.736414283960189
1,17,mol10,0.8539922919657074
1,17,mol11,3.436382837426171
1,17,mol12,3.189744222830936
1,17,mol13,6.310977306583387
1,17,mol14,0.955183170066547
1,17,mol15,1.522727627871843
1,17,mol16,3.3032232052950947
1,17,mol17,6.046569263923847
1,17,mol18,3.480571238317067
1,17,mol19,9.277947338039588
1,17,mol20,3.7289968382206307
1,17,mol21,0.6453295131724788
1,17,mol22,3.7489721922592776
1,17,mol23,1.5844676873203072
1,17,mol24,6.182349653991638
1,17,mol25,6.096334743905555
1,17,mol26,3.998470832289097
1,17,mol27,4.027343436063034
1,17,mol28,1.901184058314645
1,17,mol29,0.9159442219329231
1,17,mol30,0.9039916911633136
1,17,mol31,5.791530130411428
1,17,mol32,1.8510552951733978
1,17,mol33,4.318930450609271
1,17,mol34,1.003223712552974
1,17,mol35,4.864600508810829
1,17,mol36,1.1267373254540867
1,17,mol37,5.0045719535574005
1,17,mol38,6.499353704023193
1,17,mol39,1.711709091355354
1,17,mol40,2.131666088365088
1,17,mol41,1.4972592615561904
1,17,mol42,5.571699517675299
1,17,mol43,6.229441692858376
1,17,mol44,2.1869249283088847
1,17,mol45,5.608466726910052
1,17,mol46,5.043470955914972
1,17,mol47,5.954153274714035
1,17,mol48,1.7889453160478448
1,17,mol49,4.137977393467267
1,17,mol50,3.5191685051624444
1,17,mol51,2.2304966349074222
1,17,mol52,1.0452088843862741
1,17,mol53,3.8666364467242538
1,17,mol54,6.319223538932612
1,17,mol55,5.275089674258684
1,17,mol56,3.8823309376691904
1,17,mol57,2.0636957976528425
1,17,mol58,1.15648260909659
1,17,mol59,1.180611550685115
1,17,mol60,3.857948571573899
1,17,mol61,1.8248897794313965
1,17,mol62,5.881366085581782
1,17,mol63,0.9609466652886683
1,17,mol64,0.9848986113921688
1,17,mol65,3.627603561419513
1,17,mol66,0.9779762336580577
1,17,mol67,2.3926014946299063
1,17,mol68,5.742250961724729
1,17,mol69,2.961431392947528
1,17,mol70,0.6894510665325404
1,17,mol71,1.5341597787900527
1,17,mol72,1.6603105228306607
1,17,mol73,2.7714834942792828
1,17,mol74,0.7237727692242837
1,17,mol75,2.954205124654784
1,17,mol76,6.028061191048936
1,17,mol77,2.6308622494835365
1,17,mol79,1.7579701544679305
1,17,mol80,5.310442365135749
1,17,mol81,0.9669857314651249
1,17,mol82,0.5014784776332998
1,17,mol83,1.236148701453536
1,17,mol84,6.247521612379013
1,17,mol85,0.6696494730563937
1,17,mol86,0.8830174245166401
1,17,mol87,1.0295327179688953
1,17,mol88,3.1290471867558094
1,17,mol89,1.0092561889827574
1,17,mol90,6.546030001616157
1,17,mol91,3.5611372135630392
1,17,mol92,3.915300065460193
1,17,mol93,5.516831931971919
1,17,mol94,5.404807671441953
1,17,mol95,2.039194733913491
1,17,mol96,4.242730791172548
1,18,mol0,1.768045246565381
1,18,mol1,4.946098221662539
1,18,mol2,0.5531764371392374
1,18,mol3,2.54374241817052
1,18,mol4,3.353647153538187
1,18,mol5,4.868744697723727
1,18,mol6,5.494793845263391
1,18,mol7,2.358571526982961
1,18,mol8,4.1598750003677045
1,18,mol9,6.736414283960189
1,18,mol10,0.7524332479573049
1,18,mol11,3.4365511882762423
1,18,mol12,3.570985865100841
1,18,mol13,6.42685910485707
1,18,mol14,0.46788438367452123
1,18,mol15,0.8856642183308406
1,18,mol16,3.49043894775428
1,18,mol17,2.1062105485580362
1,18,mol18,4.749117293771549
1,18,mol19,3.990848453232304
1,18,mol20,4.727146843956122
1,18,mol21,1.0461705777330417
1,18,mol22,1.1674014797831973
1,18,mol23,7.171115870667587
1,18,mol24,1.4805438872607803
1,18,mol25,6.096334743905555
1,18,mol26,4.176407604406944
1,18,mol27,4.097671519289949
1,18,mol28,2.2790543558509255
1,18,mol29,0.9278417151979849
1,18,mol30,1.0161518300898107
1,18,mol31,6.474883109049434
1,18,mol32,4.1089565092932245
1,18,mol33,3.363314555197001
1,18,mol34,1.003223712552974
1,18,mol35,4.855097033082362
1,18,mol36,4.006310770414953
1,18,mol37,5.019411797378919
1,18,mol38,6.2614141381959385
1,18,mol39,1.5555164550720768
1,18,mol40,2.131666088365088
1,18,mol41,1.6411127952831597
1,18,mol42,1.6145177476164272
1,18,mol43,3.704549057015352
1,18,mol44,5.531495250541639
1,18,mol45,5.601043313883584
1,18,mol46,5.439274196357258
1,18,mol47,5.922800012023388
1,18,mol48,3.2923620325434038
1,18,mol49,1.1965938169204735
1,18,mol50,3.5635861475995836
1,18,mol51,1.9728320615539576
1,18,mol52,0.716681314811542
1,18,mol53,1.684120229526384
1,18,mol54,6.237814998859776
1,18,mol55,0.8843051714066082
1,18,mol56,3.7947948002823555
1,18,mol57,2.4927549458881835
1,18,mol58,1.1385883525539107
1,18,mol59,2.492544831927134
1,18,mol60,3.1616108881679006
1,18,mol61,3.146768981693181
1,18,mol62,1.4717146644931582
1,18,mol63,5.326231051790639
1,18,mol64,1.281729180204964
1,18,mol65,4.535512866647983
1,18,mol66,5.275152375581203
1,18,mol67,2.3926014946299063
1,18,mol68,2.2889166642759196
1,18,mol69,3.7458300957125568
1,18,mol70,3.067838151160241
1,18,mol71,1.3643895981091951
1,18,mol72,5.453582623071432
1,18,mol73,1.5273854671668512
1,18,mol74,0.6495002452112022
1,18,mol75,7.322582130975251
1,18,mol76,6.028061191048936
1,18,mol77,2.5190206815227603
1,18,mol79,0.8467282350317602
1,18,mol80,6.336048701043892
1,18,mol81,0.8877824728743282
1,18,mol82,0.5948624003028918
1,18,mol83,1.06479771812599
1,18,mol84,0.6532314531837635
1,18,mol85,3.668222055990998
1,18,mol86,3.308088878340484
1,18,mol87,2.0158673271141416
1,18,mol88,3.811077204420761
1,18,mol89,3.9625373064489873
1,18,mol90,6.546030001616157
1,18,mol91,3.5508720313797983
1,18,mol92,1.6851645844446965
1,18,mol93,5.274867661550856
1,18,mol94,4.795032736969698
1,18,mol95,5.806521810176147
1,18,mol96,1.4908143086002603
1,19,mol0,6.288231587753389
1,19,mol1,3.768734180729651
1,19,mol2,5.416418675432666
1,19,mol3,1.8096287108001965
1,19,mol4,0.7869480536416845
1,19,mol5,5.319741065976075
1,19,mol6,5.123961845177356
1,19,mol7,2.3607375175656666
1,19,mol8,3.673174120387463
1,19,mol9,2.3709061292498035
1,19,mol10,3.2787556590235494
1,19,mol11,3.436382837426171
1,19,mol12,3.054500770516081
1,19,mol13,6.310977306583387
1,19,mol14,1.2923492234707328
1,19,mol15,1.522727627871843
1,19,mol16,4.264468538985837
1,19,mol17,1.7207249470582366
1,19,mol18,3.8747322815045346
1,19,mol19,9.27743665455231
1,19,mol20,3.9460465590875238
1,19,mol21,0.6453295131724788
1,19,mol22,3.7997905367708538
1,19,mol23,1.6205116937126558
1,19,mol24,1.4451993950936137
1,19,mol25,2.4520113630956115
1,19,mol26,3.960965436514091
1,19,mol27,3.8186768776632567
1,19,mol28,5.85178671316806
1,19,mol29,2.2198140883693567
1,19,mol30,0.9367880712908443
1,19,mol31,1.1933908965427964
1,19,mol32,1.2408813232622418
1,19,mol33,4.318949988735688
1,19,mol34,0.8490878165924386
1,19,mol35,4.925544154710218
1,19,mol36,2.3994513814620206
1,19,mol37,5.018222481284251
1,19,mol38,2.598438829374284
1,19,mol39,4.524173927028006
1,19,mol40,2.112392688939657
1,19,mol41,0.9183960110746859
1,19,mol42,2.615124995402504
1,19,mol43,2.1077815349714655
1,19,mol44,2.043621718981797
1,19,mol45,1.3139647999199109
1,19,mol46,5.043470955914972
1,19,mol47,5.948331687731672
1,19,mol48,1.7889453160478448
1,19,mol49,4.156302908882438
1,19,mol50,3.5635861475995836
1,19,mol51,1.5856911517724768
1,19,mol52,1.1961439052221094
1,19,mol53,1.7088445158405086
1,19,mol54,6.214656076566104
1,19,mol55,0.9969629474205206
1,19,mol56,1.3127972112693824
1,19,mol57,2.0636957976528425
1,19,mol58,3.9507794590073337
1,19,mol59,3.3563200930400616
1,19,mol60,3.857948571573899
1,19,mol61,1.4221715754436945
1,19,mol62,7.39900955647728
1,19,mol63,0.9199596982860655
1,19,mol64,0.9941040003999135
1,19,mol65,4.0484676191775835
1,19,mol66,5.262636346319209
1,19,mol67,2.855799446832063
1,19,mol68,5.741061072061754
1,19,mol69,4.961936253280732
1,19,mol70,6.67397872307067
1,19,mol71,2.1288514994844387
1,19,mol72,1.3184955247891017
1,19,mol73,0.7955995712747086
1,19,mol74,2.3235925779984345
1,19,mol75,4.547948443569457
1,19,mol76,0.6893552028943972
1,19,mol77,2.4751120721488493
1,19,mol79,3.078716907089705
1,19,mol80,6.3373876843696415
1,19,mol81,4.047500917744536
1,19,mol82,4.045582683837361
1,19,mol83,3.3993329665345255
1,19,mol84,1.7367404773639283
1,19,mol85,0.89257595112652
1,19,mol86,1.3214984059770942
1,19,mol87,6.2404053416340455
1,19,mol88,2.8831955973363996
1,19,mol89,1.6952855791871762
1,19,mol90,6.58778134479012
1,19,mol91,3.543809191973751
1,19,mol92,1.6389293170531474
1,19,mol93,0.9456791887976594
1,19,mol94,5.34431625849681
1,19,mol95,5.883981161725322
1,19,mol96,5.376279265355447
1,20,mol0,6.149066675461268
1,20,mol1,4.946098221662539
1,20,mol2,5.962369363869713
1,20,mol3,2.215913930445598
1,20,mol4,0.737906118100694
1,20,mol5,4.869228654818258
1,20,mol6,4.508463153614544
1,20,mol7,2.9356029803808705
1,20,mol8,3.8097610766017165
1,20,mol9,2.3709061292498035
1,20,mol10,0.7060482635955675
1,20,mol11,3.436395043968939
1,20,mol12,3.570985865100841
1,20,mol13,6.4318430894548735
1,20,mol14,0.955183170066547
1,20,mol15,1.1571541917225432
1,20,mol16,3.3035154814227834
1,20,mol17,2.088132003353373
1,20,mol18,4.748461716177145
1,20,mol19,9.843813965998114
1,20,mol20,5.581193458343785
1,20,mol21,0.6542435614618501
1,20,mol22,2.308420895691829
1,20,mol23,1.5502803123166975
1,20,mol24,2.958762854373607
1,20,mol25,2.4864386619721794
1,20,mol26,2.994860238561813
1,20,mol27,4.027343436063034
1,20,mol28,1.9030409236070247
1,20,mol29,6.404443371177185
1,20,mol30,1.2637813155723356
1,20,mol31,6.384310781431497
1,20,mol32,1.8628961522882925
1,20,mol33,3.36320135662437
1,20,mol34,1.341358716376794
1,20,mol35,4.937849867783973
1,20,mol36,4.006310770414953
1,20,mol37,5.0045719535574005
1,20,mol38,2.598438829374284
1,20,mol39,5.164036923819525
1,20,mol40,5.439780939733302
1,20,mol41,1.4972592615561904
1,20,mol42,1.5413752453059915
1,20,mol43,1.3608477665084775
1,20,mol44,2.043621718981797
1,20,mol45,5.583150577381403
1,20,mol46,2.1543032000845974
1,20,mol47,5.953565864558515
1,20,mol48,1.788854502055382
1,20,mol49,3.4761948971098144
1,20,mol50,3.271079819556394
1,20,mol51,1.5856911517724768
1,20,mol52,1.1218231598607684
1,20,mol53,7.836858932880164
1,20,mol54,1.9705444425335854
1,20,mol55,5.203729120515969
1,20,mol56,2.12782492064471
1,20,mol57,3.0212757487938764
1,20,mol58,0.828432079809288
1,20,mol59,1.180611550685115
1,20,mol60,3.9841242688952363
1,20,mol61,2.7860353935997013
1,20,mol62,7.39900955647728
1,20,mol63,5.180372093097287
1,20,mol64,0.9955451310993164
1,20,mol65,3.6314400423491047
1,20,mol66,4.479571912761307
1,20,mol67,2.969348410980004
1,20,mol68,5.880064897017962
1,20,mol69,2.7665172882065896
1,20,mol70,6.377952841871979
1,20,mol71,1.3643895981091951
1,20,mol72,5.02997329725627
1,20,mol73,3.0014461998031057
1,20,mol74,0.6210307402167123
1,20,mol75,5.113163821916533
1,20,mol76,1.715205776682097
1,20,mol77,5.266589644622836
1,20,mol79,2.814004067871971
1,20,mol80,1.349061029753658
1,20,mol81,0.8753753997979543
1,20,mol82,0.6478580218462897
1,20,mol83,7.564841961788898
1,20,mol84,5.709990179125905
1,20,mol85,5.927297770807835
1,20,mol86,1.3214984059770942
1,20,mol87,0.6696666700287305
1,20,mol88,2.3877999397981404
1,20,mol89,1.009374506811025
1,20,mol90,0.7387518446279348
1,20,mol91,5.218063516258295
1,20,mol92,3.915300065460193
1,20,mol93,0.8996121195409721
1,20,mol94,6.0742285489828065
1,20,mol95,5.825728740483229
1,20,mol96,1.4795210106345538
1,21,mol0,6.149066675461268
1,21,mol1,4.713718823993076
1,21,mol2,2.0299328099792624
1,21,mol3,2.0103709843613213
1,21,mol4,2.996740239863541
1,21,mol5,4.869460227356463
1,21,mol6,2.8699595954860104
1,21,mol7,2.8642457637680394
1,21,mol8,3.673174120387463
1,21,mol9,0.7274497602682165
1,21,mol10,0.8947014750595219
1,21,mol11,3.4365511882762423
1,21,mol12,3.570985865100841
1,21,mol13,1.8259751399126296
1,21,mol14,1.1495340074675149
1,21,mol15,0.91232569337352
1,21,mol16,3.491915641592735
1,21,mol17,2.10098269673979
1,21,mol18,3.6679243919415785
1,21,mol19,3.357397660925757
1,21,mol20,3.7289968382206307
1,21,mol21,2.967578958006004
1,21,mol22,0.8085237205343245
1,21,mol23,1.2637750540730326
1,21,mol24,1.5961537575981635
1,21,mol25,2.4520113630956115
1,21,mol26,3.9997851243674467
1,21,mol27,4.03262638289242
1,21,mol28,1.8822944531090582
1,21,mol29,6.404443371177185
1,21,mol30,6.427059536474251
1,21,mol31,6.474883109049434
1,21,mol32,1.2401948278607806
1,21,mol33,3.36320135662437
1,21,mol34,0.8415508135069956
1,21,mol35,4.875481346029731
1,21,mol36,1.1267373254540867
1,21,mol37,5.019411797378919
1,21,mol38,2.4968743811013003
1,21,mol39,1.5556970295382981
1,21,mol40,5.418274937204908
1,21,mol41,4.6726084056023
1,21,mol42,0.8591382092722791
1,21,mol43,1.4125986609594547
1,21,mol44,2.140598734480338
1,21,mol45,5.608505536466148
1,21,mol46,1.9924887238669236
1,21,mol47,5.954153274714035
1,21,mol48,4.712276896929269
1,21,mol49,3.5767284344022454
1,21,mol50,1.2234079318556315
1,21,mol51,1.5856911517724768
1,21,mol52,0.716681314811542
1,21,mol53,1.5520381298766177
1,21,mol54,1.996004996236232
1,21,mol55,5.275089674258684
1,21,mol56,3.8823309376691904
1,21,mol57,3.0212757487938764
1,21,mol58,3.9507794590073337
1,21,mol59,5.901616541277295
1,21,mol60,3.8938323724250705
1,21,mol61,1.4312800273982964
1,21,mol62,2.733720676641038
1,21,mol63,5.326231051790639
1,21,mol64,0.9764985448302295
1,21,mol65,3.717498059495518
1,21,mol66,4.448947755323724
1,21,mol67,5.657499051933777
1,21,mol68,2.2733110123467806
1,21,mol69,2.7665172882065896
1,21,mol70,4.157473392956695
1,21,mol71,1.5289272947303378
1,21,mol72,1.8309157663129496
1,21,mol73,5.610413557868306
1,21,mol74,0.7267165870827338
1,21,mol75,4.820762412781594
1,21,mol76,0.8460060437494558
1,21,mol77,2.4751120721488493
1,21,mol79,3.078716907089705
1,21,mol80,1.349061029753658
1,21,mol81,3.0995174203644758
1,21,mol82,0.5948624003028918
1,21,mol83,1.0627200188295376
1,21,mol84,6.260720881815447
1,21,mol85,0.6795488851826195
1,21,mol86,2.980589588822989
1,21,mol87,1.008050445949481
1,21,mol88,4.0591805614283505
1,21,mol89,1.7830444371916254
1,21,mol90,1.0598968122638444
1,21,mol91,0.698368039452989
1,21,mol92,4.156983757262969
1,21,mol93,0.5401776935648119
1,21,mol94,5.34431625849681
1,21,mol95,5.922682185939157
1,21,mol96,1.4908143086002603
1,22,mol0,1.3937788601408798
1,22,mol1,4.941402551064492
1,22,mol2,5.988720137538369
1,22,mol3,2.54374241817052
1,22,mol4,0.7864553029119083
1,22,mol5,4.48915250669735
1,22,mol6,4.1728873093325785
1,22,mol7,0.9927942732245022
1,22,mol8,3.673174120387463
1,22,mol9,6.644445899245475
1,22,mol10,0.8310690502694642
1,22,mol11,3.436382837426171
1,22,mol12,4.377247937583994
1,22,mol13,1.606021321546871
1,22,mol14,7.264694117684069
1,22,mol15,4.336462024113545
1,22,mol16,4.264468538985837
1,22,mol17,3.8792352722816763
1,22,mol18,4.749106972544066
1,22,mol19,10.01082132915971
1,22,mol20,3.9460465590875238
1,22,mol21,4.029081058362706
1,22,mol22,1.1246751004919895
1,22,mol23,1.2183157041033594
1,22,mol24,1.4805438872607803
1,22,mol25,6.081028522359518
1,22,mol26,4.152536605007345
1,22,mol27,4.376638273378324
1,22,mol28,1.6033851219313373
1,22,mol29,0.9598393894760432
1,22,mol30,0.9392688172326606
1,22,mol31,2.5509536127476413
1,22,mol32,1.8628961522882925
1,22,mol33,4.31920971535303
1,22,mol34,0.8490878165924386
1,22,mol35,4.881296559713512
1,22,mol36,2.654979720234628
1,22,mol37,5.018222481284251
1,22,mol38,2.936047979853191
1,22,mol39,1.7123761925631709
1,22,mol40,2.494125983357125
1,22,mol41,0.9265796421020129
1,22,mol42,2.8253209337031167
1,22,mol43,1.7311806229179745
1,22,mol44,2.1465107529772727
1,22,mol45,5.527217711186808
1,22,mol46,5.476944467396704
1,22,mol47,5.953822717049998
1,22,mol48,2.5066704250858343
1,22,mol49,3.510567785711725
1,22,mol50,3.112737838229467
1,22,mol51,2.154512720348352
1,22,mol52,6.463761680476778
1,22,mol53,3.9264148489024717
1,22,mol54,6.237814998859776
1,22,mol55,0.9969629474205206
1,22,mol56,3.7947948002823555
1,22,mol57,5.576974061733657
1,22,mol58,3.9603057006102085
1,22,mol59,2.3971307641173394
1,22,mol60,3.1616108881679006
1,22,mol61,2.3008481733546144
1,22,mol62,0.7242248603997606
1,22,mol63,0.9048494346640025
1,22,mol64,1.298173686055401
1,22,mol65,3.8396809869019677
1,22,mol66,4.479335107981987
1,22,mol67,3.567562682147664
1,22,mol68,3.0052905472088476
1,22,mol69,3.417335346159067
1,22,mol70,5.259015595174226
1,22,mol71,2.1224381770568894
1,22,mol72,5.453582623071432
1,22,mol73,0.8419783639218412
1,22,mol74,0.6210307402167123
1,22,mol75,2.9122349922772197
1,22,mol76,1.715205776682097
1,22,mol77,2.7622036810774064
1,22,mol79,0.8467282350317602
1,22,mol80,1.3469306225637607
1,22,mol81,0.8703132961345424
1,22,mol82,0.4933917713136287
1,22,mol83,1.2951594908898694
1,22,mol84,6.260720881815447
1,22,mol85,5.927297770807835
1,22,mol86,6.199458029295788
1,22,mol87,0.7224089026524929
1,22,mol88,3.1290057539185763
1,22,mol89,1.0093784052574137
1,22,mol90,3.9097853190274203
1,22,mol91,3.5611372135630392
1,22,mol92,4.156983757262969
1,22,mol93,0.5401776935648119
1,22,mol94,4.133402850725886
1,22,mol95,5.83757537161027
1,22,mol96,1.4795210106345538
1,23,mol0,2.3624347886212234
1,23,mol1,4.948725080765751
1,23,mol2,5.943070324820124
1,23,mol3,2.91101621505029
1,23,mol4,2.9944240725199487
1,23,mol5,2.267196366411822
1,23,mol6,5.246049463035124
1,23,mol7,0.9927942732245022
1,23,mol8,1.8324610781391069
1,23,mol9,2.668887902051018
1,23,mol10,0.8861188989960065
1,23,mol11,3.4366129658117917
1,23,mol12,3.6986103582404204
1,23,mol13,6.42685910485707
1,23,mol14,1.381774308535851
1,23,mol15,1.522727627871843
1,23,mol16,2.894973166024169
1,23,mol17,1.260757047174435
1,23,mol18,4.749042703886051
1,23,mol19,3.990848453232304
1,23,mol20,5.628150380537636
1,23,mol21,4.029081058362706
1,23,mol22,2.8044141066658943
1,23,mol23,1.5502803123166975
1,23,mol24,6.169667652654439
1,23,mol25,2.5100800624183286
1,23,mol26,4.035161919326805
1,23,mol27,3.8186768776632567
1,23,mol28,5.837879355312122
1,23,mol29,2.170406675174269
1,23,mol30,1.0161518300898107
1,23,mol31,1.1940543713362959
1,23,mol32,1.686719545995156
1,23,mol33,4.318835526991044
1,23,mol34,0.8328923169979933
1,23,mol35,4.930412617752222
1,23,mol36,1.1267373254540867
1,23,mol37,5.022192453334832
1,23,mol38,6.519281156308568
1,23,mol39,4.524173927028006
1,23,mol40,5.439780939733302
1,23,mol41,3.639376908280635
1,23,mol42,0.8591382092722791
1,23,mol43,6.229441692858376
1,23,mol44,2.043621718981797
1,23,mol45,5.608505536466148
1,23,mol46,5.043470955914972
1,23,mol47,5.951939940995047
1,23,mol48,1.5348464700635915
1,23,mol49,3.698999635192446
1,23,mol50,3.4907813731312367
1,23,mol51,2.480856682920333
1,23,mol52,6.511409947315558
1,23,mol53,7.767341697321842
1,23,mol54,1.996004996236232
1,23,mol55,5.275089674258684
1,23,mol56,4.5877459009027515
1,23,mol57,2.397243010261997
1,23,mol58,3.9603057006102085
1,23,mol59,2.4739924683820504
1,23,mol60,3.981588736010699
1,23,mol61,2.298936415749364
1,23,mol62,1.66561342769753
1,23,mol63,5.2929118978342435
1,23,mol64,1.298173686055401
1,23,mol65,4.038132442398706
1,23,mol66,5.274816914509925
1,23,mol67,5.734122773408877
1,23,mol68,5.741061072061754
1,23,mol69,3.0075876987056267
1,23,mol70,0.9327801434421729
1,23,mol71,1.610023883939969
1,23,mol72,5.422993642199235
1,23,mol73,5.6122486260243765
1,23,mol74,3.597634413668483
1,23,mol75,2.9122349922772197
1,23,mol76,0.6672928860384887
1,23,mol77,6.455705937033884
1,23,mol79,0.7461722482108271
1,23,mol80,6.325719189309623
1,23,mol81,4.047500917744536
1,23,mol82,0.5329932115228221
1,23,mol83,7.564841961788898
1,23,mol84,0.7771165898922209
1,23,mol85,5.927297770807835
1,23,mol86,6.138402085803763
1,23,mol87,2.0158673271141416
1,23,mol88,2.861207393207358
1,23,mol89,1.0096243088396792
1,23,mol90,1.0598968122638444
1,23,mol91,0.6818953393472705
1,23,mol92,3.8699728464450787
1,23,mol93,0.8996121195409721
1,23,mol94,4.236500338821342
1,23,mol95,2.0826002961657677
1,23,mol96,4.242730791172548
1,24,mol0,2.236312722743051
1,24,mol1,4.891913145692592
1,24,mol2,3.2034381143428137
1,24,mol3,2.54374241817052
1,24,mol4,0.7876727056997399
1,24,mol5,5.320809683351925
1,24,mol6,4.709341816686159
1,24,mol7,3.8796240926829904
1,24,mol8,1.8324610781391069
1,24,mol9,2.3709061292498035
1,24,mol10,0.7060482635955675
1,24,mol11,3.3780808982848747
1,24,mol12,4.392158166218896
1,24,mol13,1.8259751399126296
1,24,mol14,0.9619121900419766
1,24,mol15,1.6880167239287525
1,24,mol16,3.3001269030144886
1,24,mol17,6.065380071991719
1,24,mol18,4.744541087221538
1,24,mol19,9.874401321274608
1,24,mol20,5.8313318721577865
1,24,mol21,1.047454412509544
1,24,mol22,1.1867468411586355
1,24,mol23,1.3066917555621351
1,24,mol24,6.584000664449669
1,24,mol25,6.125402263912958
1,24,mol26,3.960965436514091
1,24,mol27,4.104185230712669
1,24,mol28,1.8992324260619415
1,24,mol29,2.2804019724938516
1,24,mol30,0.9377236995334325
1,24,mol31,2.5509536127476413
1,24,mol32,1.8628961522882925
1,24,mol33,2.362825303148754
1,24,mol34,4.099264309639684
1,24,mol35,4.881296559713512
1,24,mol36,2.813674891464389
1,24,mol37,5.022192453334832
1,24,mol38,2.3760566502084917
1,24,mol39,5.645687367160379
1,24,mol40,5.417289480727424
1,24,mol41,0.9559154865198184
1,24,mol42,0.6029790731290589
1,24,mol43,1.4142432956060522
1,24,mol44,5.5116491212863385
1,24,mol45,5.55804951281087
1,24,mol46,4.9027087130751665
1,24,mol47,5.951939940995047
1,24,mol48,2.5066704250858343
1,24,mol49,3.5767284344022454
1,24,mol50,3.279104604017827
1,24,mol51,1.6416149816132715
1,24,mol52,0.7324168771949484
1,24,mol53,4.25536981591815
1,24,mol54,6.214656076566104
1,24,mol55,0.9969629474205206
1,24,mol56,1.3129791447632875
1,24,mol57,2.4876082499561702
1,24,mol58,3.948354320762729
1,24,mol59,2.3971307641173394
1,24,mol60,3.8174816673965952
1,24,mol61,3.146768981693181
1,24,mol62,1.6542500498317723
1,24,mol63,0.9314602321718556
1,24,mol64,4.767023317339192
1,24,mol65,3.6314400423491047
1,24,mol66,5.274569505997622
1,24,mol67,2.969348410980004
1,24,mol68,5.880064897017962
1,24,mol69,4.961936253280732
1,24,mol70,1.0680384190521561
1,24,mol71,3.872464235526078
1,24,mol72,5.0028573895325055
1,24,mol73,5.610413557868306
1,24,mol74,2.3235925779984345
1,24,mol75,2.967548359315826
1,24,mol76,0.6293934371979726
1,24,mol77,2.653085420502862
1,24,mol79,0.7461722482108271
1,24,mol80,3.705683830357283
1,24,mol81,0.8863464748215404
1,24,mol82,0.8398345523340403
1,24,mol83,1.0437319586842912
1,24,mol84,6.260720881815447
1,24,mol85,0.89257595112652
1,24,mol86,0.8470199625746732
1,24,mol87,1.008050445949481
1,24,mol88,2.7389006588714873
1,24,mol89,1.0093784052574137
1,24,mol90,0.7387518446279348
1,24,mol91,5.189614726235919
1,24,mol92,4.156983757262969
1,24,mol93,0.8996121195409721
1,24,mol94,5.915261182713932
1,24,mol95,2.039194733913491
1,24,mol96,1.6712050614071055
1,25,mol0,6.149066675461268
1,25,mol1,4.797804775623954
1,25,mol2,0.7976211949328208
1,25,mol3,2.1522867284422333
1,25,mol4,2.164215476895677
1,25,mol5,4.870154868306585
1,25,mol6,5.494793845263391
1,25,mol7,1.1180614593313307
1,25,mol8,1.9761386585033904
1,25,mol9,6.736414283960189
1,25,mol10,0.8947014750595219
1,25,mol11,3.3780808982848747
1,25,mol12,3.6986103582404204
1,25,mol13,2.155961724833576
1,25,mol14,0.9619121900419766
1,25,mol15,1.6412870213886868
1,25,mol16,3.2982063416347986
1,25,mol17,1.260757047174435
1,25,mol18,3.8728052294170436
1,25,mol19,9.846592808200857
1,25,mol20,5.999134879792747
1,25,mol21,6.499438972095976
1,25,mol22,5.39229678167538
1,25,mol23,1.4418949630935656
1,25,mol24,3.3264289255659896
1,25,mol25,6.096334743905555
1,25,mol26,4.008615250469456
1,25,mol27,4.098603386520828
1,25,mol28,1.156937809644328
1,25,mol29,6.236463224950006
1,25,mol30,2.703172227312352
1,25,mol31,3.335810442024839
1,25,mol32,4.85819035243848
1,25,mol33,3.36320135662437
1,25,mol34,0.8415508135069956
1,25,mol35,4.864600508810829
1,25,mol36,1.094310408039171
1,25,mol37,5.022192453334832
1,25,mol38,6.473573117683927
1,25,mol39,5.653194685359017
1,25,mol40,5.439780939733302
1,25,mol41,1.4972592615561904
1,25,mol42,2.615124995402504
1,25,mol43,1.7311806229179745
1,25,mol44,5.5116491212863385
1,25,mol45,5.55804951281087
1,25,mol46,1.8389542835106325
1,25,mol47,5.951939940995047
1,25,mol48,1.7891046686088814
1,25,mol49,3.696856577553422
1,25,mol50,3.2794667324956133
1,25,mol51,2.2304966349074222
1,25,mol52,6.463761680476778
1,25,mol53,4.25536981591815
1,25,mol54,1.9705444425335854
1,25,mol55,5.3513823168301435
1,25,mol56,1.3149858844299436
1,25,mol57,2.635269071698372
1,25,mol58,1.1385883525539107
1,25,mol59,2.355708689132754
1,25,mol60,4.78029281995836
1,25,mol61,2.7860353935997013
1,25,mol62,7.349218005016802
1,25,mol63,5.180372093097287
1,25,mol64,0.9764985448302295
1,25,mol65,4.535512866647983
1,25,mol66,5.274816914509925
1,25,mol67,3.0409012266102953
1,25,mol68,2.2889166642759196
1,25,mol69,3.7458300957125568
1,25,mol70,5.259015595174226
1,25,mol71,1.3643895981091951
1,25,mol72,5.4620425345184636
1,25,mol73,1.5792324291606037
1,25,mol74,0.8406687101909514
1,25,mol75,6.371958992449922
1,25,mol76,2.8923131293450606
1,25,mol77,2.5190206815227603
1,25,mol79,2.8138451066112364
1,25,mol80,6.043941504798715
1,25,mol81,0.8863464748215404
1,25,mol82,0.4898612756809469
1,25,mol83,1.2765218766550566
1,25,mol84,1.7367404773639283
1,25,mol85,0.6795488851826195
1,25,mol86,2.1428357232881847
1,25,mol87,6.2404053416340455
1,25,mol88,3.811077204420761
1,25,mol89,3.9625373064489873
1,25,mol90,0.9411091546055395
1,25,mol91,6.278192556100091
1,25,mol92,1.6389293170531474
1,25,mol93,0.8996121195409721
1,25,mol94,5.915261182713932
1,25,mol95,5.836032104685775
1,25,mol96,5.376356529286354
1,26,mol0,1.757405576341471
1,26,mol1,4.891913145692592
1,26,mol2,5.943070324820124
1,26,mol3,2.5478173374946045
1,26,mol4,3.353647153538187
1,26,mol5,4.48915250669735
1,26,mol6,2.8699595954860104
1,26,mol7,2.3607375175656666
1,26,mol8,1.8324610781391069
1,26,mol9,6.644445899245475
1,26,mol10,3.2787556590235494
1,26,mol11,3.4366217545619673
1,26,mol12,3.570985865100841
1,26,mol13,1.61471737334726
1,26,mol14,0.9619121900419766
1,26,mol15,1.1571541917225432
1,26,mol16,3.303210179204466
1,26,mol17,2.6444669245156276
1,26,mol18,3.6679243919415785
1,26,mol19,9.844396283516987
1,26,mol20,3.9460465590875238
1,26,mol21,6.303901900342586
1,26,mol22,1.117198862483011
1,26,mol23,1.5092671277719436
1,26,mol24,3.3264289255659896
1,26,mol25,1.5890632176694544
1,26,mol26,4.152536605007345
1,26,mol27,4.030495607242365
1,26,mol28,5.733617301226432
1,26,mol29,0.8983953713890858
1,26,mol30,2.7377404005437094
1,26,mol31,1.1933908965427964
1,26,mol32,4.85819035243848
1,26,mol33,4.318949988735688
1,26,mol34,4.099264309639684
1,26,mol35,4.864600508810829
1,26,mol36,6.835120607191737
1,26,mol37,5.018222481284251
1,26,mol38,6.510603016618354
1,26,mol39,1.7097887895459902
1,26,mol40,2.131666088365088
1,26,mol41,2.035196981672911
1,26,mol42,0.8591382092722791
1,26,mol43,6.190550551198531
1,26,mol44,5.5337217032588155
1,26,mol45,5.583150577381403
1,26,mol46,5.476944467396704
1,26,mol47,5.951939940995047
1,26,mol48,1.788854502055382
1,26,mol49,4.140618700657037
1,26,mol50,1.2234079318556315
1,26,mol51,1.9728320615539576
1,26,mol52,0.716681314811542
1,26,mol53,3.8666364467242538
1,26,mol54,2.119447192076274
1,26,mol55,5.206396413321508
1,26,mol56,2.127283541965355
1,26,mol57,2.0636957976528425
1,26,mol58,6.389125966783608
1,26,mol59,1.2086721043497834
1,26,mol60,1.8777171388780483
1,26,mol61,2.321852239946879
1,26,mol62,7.48810007777252
1,26,mol63,5.180372093097287
1,26,mol64,0.9848986113921688
1,26,mol65,3.8526051131211276
1,26,mol66,5.274569505997622
1,26,mol67,2.969348410980004
1,26,mol68,3.0052905472088476
1,26,mol69,4.322730943981369
1,26,mol70,6.377952841871979
1,26,mol71,2.1224381770568894
1,26,mol72,1.9998699732732623
1,26,mol73,5.612906113619975
1,26,mol74,0.6495002452112022
1,26,mol75,4.816595911748584
1,26,mol76,1.142523138947436
1,26,mol77,2.7545516524582734
1,26,mol79,3.182840799348908
1,26,mol80,2.1317736396182942
1,26,mol81,0.889051773681215
1,26,mol82,3.802006948194288
1,26,mol83,7.564841961788898
1,26,mol84,5.979561346071179
1,26,mol85,0.89257595112652
1,26,mol86,2.0176314856781947
1,26,mol87,1.846191792083882
1,26,mol88,2.7107213989084165
1,26,mol89,1.6952855791871762
1,26,mol90,0.9411091546055395
1,26,mol91,6.278192556100091
1,26,mol92,4.178419971933392
1,26,mol93,5.275819170102876
1,26,mol94,5.34431625849681
1,26,mol95,5.840917189018721
1,26,mol96,1.4211337385085447
1,27,mol0,1.8969379970452767
1,27,mol1,3.768734180729651
1,27,mol2,5.988720137538369
1,27,mol3,2.5400568196681856
1,27,mol4,2.9944240725199487
1,27,mol5,1.2305537893107703
1,27,mol6,3.053525802112481
1,27,mol7,1.1180614593313307
1,27,mol8,3.8097610766017165
1,27,mol9,0.7495994583776061
1,27,mol10,3.2787556590235494
1,27,mol11,4.231063031530694
1,27,mol12,3.7072572822887997
1,27,mol13,6.42685910485707
1,27,mol14,1.381774308535851
1,27,mol15,1.6880167239287525
1,27,mol16,3.3034513079505197
1,27,mol17,6.312860680094699
1,27,mol18,3.466311798824028
1,27,mol19,10.508840531922855
1,27,mol20,3.7289968382206307
1,27,mol21,6.499438972095976
1,27,mol22,1.1674014797831973
1,27,mol23,1.2183157041033594
1,27,mol24,1.6875889752761732
1,27,mol25,2.5086719254916536
1,27,mol26,4.087937845209526
1,27,mol27,4.455482069540848
1,27,mol28,5.733617301226432
1,27,mol29,0.9159442219329231
1,27,mol30,1.131614874348227
1,27,mol31,2.5718237692820054
1,27,mol32,1.8510552951733978
1,27,mol33,3.5136963575699025
1,27,mol34,1.341358716376794
1,27,mol35,4.925231194900987
1,27,mol36,2.3577927487982726
1,27,mol37,5.015749730432464
1,27,mol38,2.4968743811013003
1,27,mol39,1.7123761925631709
1,27,mol40,2.494125983357125
1,27,mol41,1.4972592615561904
1,27,mol42,1.5413752453059915
1,27,mol43,1.7311806229179745
1,27,mol44,2.1420302713162793
1,27,mol45,1.302579756154247
1,27,mol46,5.766155491449995
1,27,mol47,5.9853225016778255
1,27,mol48,1.621191431662294
1,27,mol49,3.7122402433343087
1,27,mol50,3.5182146136538166
1,27,mol51,1.9728320615539576
1,27,mol52,0.7324168771949484
1,27,mol53,1.684120229526384
1,27,mol54,1.9963506417961754
1,27,mol55,0.9508105679768557
1,27,mol56,3.7947948002823555
1,27,mol57,5.763642575685101
1,27,mol58,3.948354320762729
1,27,mol59,2.3706124373367223
1,27,mol60,3.8174816673965952
1,27,mol61,1.4312800273982964
1,27,mol62,7.481640224119166
1,27,mol63,0.9314602321718556
1,27,mol64,0.9652078689472946
1,27,mol65,4.511666623583012
1,27,mol66,5.262636346319209
1,27,mol67,5.734122773408877
1,27,mol68,5.880064897017962
1,27,mol69,5.391675558448187
1,27,mol70,6.534253121731446
1,27,mol71,1.3616361559325814
1,27,mol72,5.4620425345184636
1,27,mol73,2.7714834942792828
1,27,mol74,5.964626322623188
1,27,mol75,4.816595911748584
1,27,mol76,6.006996552657273
1,27,mol77,2.7545516524582734
1,27,mol79,3.1277752163478754
1,27,mol80,6.324863841267369
1,27,mol81,6.336389226793804
1,27,mol82,0.5948624003028918
1,27,mol83,1.2765218766550566
1,27,mol84,1.9312087288239232
1,27,mol85,0.8802857853126616
1,27,mol86,1.3414766703152166
1,27,mol87,1.008050445949481
1,27,mol88,4.405164885582225
1,27,mol89,2.85867763047882
1,27,mol90,1.0656060632611017
1,27,mol91,5.965354417334461
1,27,mol92,4.178419971933392
1,27,mol93,5.274867661550856
1,27,mol94,5.362053653918432
1,27,mol95,5.922682185939157
1,27,mol96,1.4795210106345538
1,28,mol0,1.757405576341471
1,28,mol1,4.891913145692592
1,28,mol2,5.416418675432666
1,28,mol3,2.54374241817052
1,28,mol4,2.162928669751914
1,28,mol5,4.869228654818258
1,28,mol6,4.504156096410662
1,28,mol7,2.8642457637680394
1,28,mol8,4.319857762369644
1,28,mol9,0.9280524304770102
1,28,mol10,0.7524332479573049
1,28,mol11,3.436442628805467
1,28,mol12,3.700162785664526
1,28,mol13,2.789004821758018
1,28,mol14,0.9619121900419766
1,28,mol15,4.336462024113545
1,28,mol16,3.3006976365610954
1,28,mol17,2.6444669245156276
1,28,mol18,4.748461716177145
1,28,mol19,10.01082132915971
1,28,mol20,4.361005245260453
1,28,mol21,6.499438972095976
1,28,mol22,3.7489721922592776
1,28,mol23,1.2183157041033594
1,28,mol24,1.4460120520717807
1,28,mol25,2.4864386619721794
1,28,mol26,3.7346309595559877
1,28,mol27,4.376638273378324
1,28,mol28,2.2790543558509255
1,28,mol29,0.9293704526210894
1,28,mol30,1.0161518300898107
1,28,mol31,3.335810442024839
1,28,mol32,7.0394894110970405
1,28,mol33,4.318835526991044
1,28,mol34,1.3591196920906459
1,28,mol35,4.878578794306603
1,28,mol36,2.813674891464389
1,28,mol37,5.019411797378919
1,28,mol38,2.3760566502084917
1,28,mol39,5.6514929543819274
1,28,mol40,2.081858997077921
1,28,mol41,1.4938880679199777
1,28,mol42,0.8095107811121741
1,28,mol43,6.2326153150851
1,28,mol44,5.531495250541639
1,28,mol45,5.608505536466148
1,28,mol46,5.759968169137194
1,28,mol47,5.299805336676685
1,28,mol48,1.7889364627115878
1,28,mol49,3.696856577553422
1,28,mol50,1.2224491640294757
1,28,mol51,1.6416149816132715
1,28,mol52,1.1302959289495826
1,28,mol53,4.418585100279171
1,28,mol54,2.142720462402877
1,28,mol55,5.275089674258684
1,28,mol56,3.8823309376691904
1,28,mol57,2.696636664485967
1,28,mol58,4.1810328002266886
1,28,mol59,5.901616541277295
1,28,mol60,3.1616108881679006
1,28,mol61,2.2837187676051958
1,28,mol62,7.349218005016802
1,28,mol63,5.2929118978342435
1,28,mol64,1.0166956838755201
1,28,mol65,3.6314400423491047
1,28,mol66,5.274968597593734
1,28,mol67,2.290341467646485
1,28,mol68,6.24668586271381
1,28,mol69,3.7458300957125568
1,28,mol70,0.935572800252032
1,28,mol71,2.641278752747291
1,28,mol72,5.02997329725627
1,28,mol73,5.612906113619975
1,28,mol74,6.250917709401227
1,28,mol75,4.547948443569457
1,28,mol76,1.715205776682097
1,28,mol77,5.103132453343107
1,28,mol79,0.7183508641325629
1,28,mol80,1.349061029753658
1,28,mol81,0.8877824728743282
1,28,mol82,0.8690063250294421
1,28,mol83,4.163303717444142
1,28,mol84,1.7367404773639283
1,28,mol85,5.927297770807835
1,28,mol86,6.187483721352323
1,28,mol87,2.0158673271141416
1,28,mol88,2.861207393207358
1,28,mol89,1.6952855791871762
1,28,mol90,6.520037190416307
1,28,mol91,3.5611372135630392
1,28,mol92,3.433030426066203
1,28,mol93,5.2751266960495835
1,28,mol94,5.34431625849681
1,28,mol95,5.98147444765492
1,28,mol96,1.4795210106345538
1,29,mol0,2.3624347886212234
1,29,mol1,4.891913145692592
1,29,mol2,5.988720137538369
1,29,mol3,2.743648701915719
1,29,mol4,0.7226275515511914
1,29,mol5,4.870154868306585
1,29,mol6,4.1728873093325785
1,29,mol7,3.8796240926829904
1,29,mol8,1.8324610781391069
1,29,mol9,0.7495994583776061
1,29,mol10,0.8947014750595219
1,29,mol11,4.157809959023758
1,29,mol12,4.377247937583994
1,29,mol13,1.777346964616526
1,29,mol14,0.8063614954543351
1,29,mol15,0.997988348866701
1,29,mol16,3.4918119456809245
1,29,mol17,6.312860680094699
1,29,mol18,4.748941965848814
1,29,mol19,9.845188645416915
1,29,mol20,5.626249563358276
1,29,mol21,6.303901900342586
1,29,mol22,1.1594158759191342
1,29,mol23,1.23807996216024
1,29,mol24,1.6875889752761732
1,29,mol25,1.5890632176694544
1,29,mol26,3.998470832289097
1,29,mol27,4.030495607242365
1,29,mol28,1.8992324260619415
1,29,mol29,0.8983953713890858
1,29,mol30,0.9039916911633136
1,29,mol31,1.1523195050450707
1,29,mol32,7.6946009451945905
1,29,mol33,4.318835526991044
1,29,mol34,1.3591196920906459
1,29,mol35,4.864600508810829
1,29,mol36,4.006310770414953
1,29,mol37,5.016350419544738
1,29,mol38,2.3760566502084917
1,29,mol39,5.645687367160379
1,29,mol40,2.112392688939657
1,29,mol41,3.639376908280635
1,29,mol42,0.8198255716277315
1,29,mol43,1.7746095374131678
1,29,mol44,2.1465107529772727
1,29,mol45,2.192766904034392
1,29,mol46,5.439274196357258
1,29,mol47,5.953565864558515
1,29,mol48,1.7889364627115878
1,29,mol49,3.5767284344022454
1,29,mol50,3.2794667324956133
1,29,mol51,2.1253516908412844
1,29,mol52,0.6859013901429273
1,29,mol53,3.8666364467242538
1,29,mol54,1.9705444425335854
1,29,mol55,5.3513823168301435
1,29,mol56,3.794836777506599
1,29,mol57,2.0636957976528425
1,29,mol58,6.389125966783608
1,29,mol59,1.180611550685115
1,29,mol60,3.316991422824441
1,29,mol61,1.4221715754436945
1,29,mol62,7.481640224119166
1,29,mol63,0.9260618798407142
1,29,mol64,0.9652078689472946
1,29,mol65,3.8396809869019677
1,29,mol66,4.479335107981987
1,29,mol67,5.734122773408877
1,29,mol68,4.9412038017355355
1,29,mol69,3.7458300957125568
1,29,mol70,6.67397872307067
1,29,mol71,6.066223952203357
1,29,mol72,5.422993642199235
1,29,mol73,1.5273854671668512
1,29,mol74,5.891852424497649
1,29,mol75,2.9122349922772197
1,29,mol76,0.844405203248255
1,29,mol77,4.353766650669837
1,29,mol79,0.8496433334052589
1,29,mol80,5.310442365135749
1,29,mol81,6.336389226793804
1,29,mol82,4.074683721251907
1,29,mol83,1.107363899918227
1,29,mol84,5.712731465770117
1,29,mol85,6.048587786490525
1,29,mol86,6.187483721352323
1,29,mol87,6.06300094807149
1,29,mol88,4.866330303701366
1,29,mol89,3.4043925941348188
1,29,mol90,3.9573891994819608
1,29,mol91,5.218063516258295
1,29,mol92,1.68519260213671
1,29,mol93,5.516831931971919
1,29,mol94,5.356391036649584
1,29,mol95,5.840917189018721
1,29,mol96,1.4795210106345538
1,30,mol0,2.844128909251306
1,30,mol1,4.948725080765751
1,30,mol2,4.955403973472095
1,30,mol3,2.9469388475081018
1,30,mol4,2.9944240725199487
1,30,mol5,4.870154868306585
1,30,mol6,5.246049463035124
1,30,mol7,1.1180614593313307
1,30,mol8,4.319857762369644
1,30,mol9,6.736414283960189
1,30,mol10,0.8861188989960065
1,30,mol11,3.4365511882762423
1,30,mol12,3.7072572822887997
1,30,mol13,2.155961724833576
1,30,mol14,0.9619121900419766
1,30,mol15,1.1571541917225432
1,30,mol16,3.49043894775428
1,30,mol17,1.5621321091014402
1,30,mol18,3.480571238317067
1,30,mol19,9.844464760085442
1,30,mol20,3.7289968382206307
1,30,mol21,1.0529534126175086
1,30,mol22,1.1246751004919895
1,30,mol23,1.322814666289783
1,30,mol24,1.429692435455962
1,30,mol25,2.4214440949049387
1,30,mol26,4.006918212246118
1,30,mol27,4.099239895395242
1,30,mol28,1.156937809644328
1,30,mol29,2.170406675174269
1,30,mol30,0.9039916911633136
1,30,mol31,1.5154914530099937
1,30,mol32,1.686719545995156
1,30,mol33,4.318835526991044
1,30,mol34,0.8328923169979933
1,30,mol35,4.878578794306603
1,30,mol36,6.835120607191737
1,30,mol37,4.966631994118348
1,30,mol38,1.6778090594581967
1,30,mol39,5.6514929543819274
1,30,mol40,2.081858997077921
1,30,mol41,0.9559154865198184
1,30,mol42,0.6029790731290589
1,30,mol43,1.7746095374131678
1,30,mol44,5.5116491212863385
1,30,mol45,5.601043313883584
1,30,mol46,1.8389542835106325
1,30,mol47,5.948331687731672
1,30,mol48,1.7886227958164589
1,30,mol49,3.533742250569718
1,30,mol50,1.2234079318556315
1,30,mol51,2.2304966349074222
1,30,mol52,3.152781156693246
1,30,mol53,1.7675287376473094
1,30,mol54,3.0598966935176097
1,30,mol55,5.3513823168301435
1,30,mol56,4.5877459009027515
1,30,mol57,2.4927549458881835
1,30,mol58,1.1816389305899302
1,30,mol59,1.1856202058416516
1,30,mol60,3.8174816673965952
1,30,mol61,3.146768981693181
1,30,mol62,5.230676504098329
1,30,mol63,0.9609466652886683
1,30,mol64,1.013578444724981
1,30,mol65,3.627603561419513
1,30,mol66,4.479335107981987
1,30,mol67,5.708770887300015
1,30,mol68,5.742250961724729
1,30,mol69,5.391675558448187
1,30,mol70,6.335006406265787
1,30,mol71,1.3616361559325814
1,30,mol72,5.453582623071432
1,30,mol73,1.5792324291606037
1,30,mol74,0.7237727692242837
1,30,mol75,5.933250192790111
1,30,mol76,0.6893552028943972
1,30,mol77,2.500949519076644
1,30,mol79,3.0796910192420284
1,30,mol80,2.1368458101336447
1,30,mol81,3.0995174203644758
1,30,mol82,0.5772187158108727
1,30,mol83,1.06479771812599
1,30,mol84,5.979561346071179
1,30,mol85,0.8802857853126616
1,30,mol86,2.1428357232881847
1,30,mol87,0.8278031112847012
1,30,mol88,3.1290057539185763
1,30,mol89,1.0096243088396792
1,30,mol90,0.8918734938978998
1,30,mol91,0.6332400072363605
1,30,mol92,4.178419971933392
1,30,mol93,5.275819170102876
1,30,mol94,4.971551371861259
1,30,mol95,5.83757537161027
1,30,mol96,4.242730791172548
1,31,mol0,6.253898575990859
1,31,mol1,3.768734180729651
1,31,mol2,4.949811348195735
1,31,mol3,2.6378040099222506
1,31,mol4,0.7226275515511914
1,31,mol5,4.868744697723727
1,31,mol6,3.734391490182094
1,31,mol7,3.8796240926829904
1,31,mol8,1.8324610781391069
1,31,mol9,6.332480170810983
1,31,mol10,3.2787556590235494
1,31,mol11,3.434843332619824
1,31,mol12,3.570985865100841
1,31,mol13,1.8122446930170386
1,31,mol14,7.68930460650517
1,31,mol15,1.4049323517147494
1,31,mol16,4.264468538985837
1,31,mol17,1.5928291937842642
1,31,mol18,3.873178871418153
1,31,mol19,9.843813965998114
1,31,mol20,5.82353538000433
1,31,mol21,1.047454412509544
1,31,mol22,4.716751296178335
1,31,mol23,1.5092671277719436
1,31,mol24,2.958762854373607
1,31,mol25,2.431799266952353
1,31,mol26,4.087491258615639
1,31,mol27,4.027343436063034
1,31,mol28,1.8992324260619415
1,31,mol29,2.170406675174269
1,31,mol30,1.2637813155723356
1,31,mol31,2.848640639913335
1,31,mol32,1.6574447344918433
1,31,mol33,3.5136963575699025
1,31,mol34,6.473240623653217
1,31,mol35,4.937849867783973
1,31,mol36,3.966321721047996
1,31,mol37,5.030952706164775
1,31,mol38,6.477655233570246
1,31,mol39,5.6514929543819274
1,31,mol40,5.411251526561511
1,31,mol41,3.639376908280635
1,31,mol42,0.7900409479727514
1,31,mol43,1.8500315700759746
1,31,mol44,5.54964419853148
1,31,mol45,5.619538853322397
1,31,mol46,1.9156128616684203
1,31,mol47,0.5635973799324006
1,31,mol48,1.5347125963297927
1,31,mol49,4.140618700657037
1,31,mol50,1.2224491640294757
1,31,mol51,2.480856682920333
1,31,mol52,6.511409947315558
1,31,mol53,3.9264148489024717
1,31,mol54,2.5755987148622355
1,31,mol55,5.241728023977679
1,31,mol56,2.1921275722267324
1,31,mol57,2.635269071698372
1,31,mol58,0.828432079809288
1,31,mol59,1.180611550685115
1,31,mol60,3.957470618853778
1,31,mol61,1.4312800273982964
1,31,mol62,5.230676504098329
1,31,mol63,0.9314602321718556
1,31,mol64,0.9848986113921688
1,31,mol65,3.6713925566065373
1,31,mol66,1.0124429868392588
1,31,mol67,5.529144624194882
1,31,mol68,5.880064897017962
1,31,mol69,2.7665172882065896
1,31,mol70,6.67397872307067
1,31,mol71,2.1224381770568894
1,31,mol72,5.453582623071432
1,31,mol73,1.8239230066158223
1,31,mol74,0.6210307402167123
1,31,mol75,2.954205124654784
1,31,mol76,3.755300862982239
1,31,mol77,6.455705937033884
1,31,mol79,0.8467282350317602
1,31,mol80,1.2463473188252372
1,31,mol81,0.8703132961345424
1,31,mol82,0.5014784776332998
1,31,mol83,1.107363899918227
1,31,mol84,6.258496923611703
1,31,mol85,0.708664692345026
1,31,mol86,0.8830174245166401
1,31,mol87,6.06300094807149
1,31,mol88,2.7107213989084165
1,31,mol89,1.0093640398785761
1,31,mol90,6.520037190416307
1,31,mol91,0.6818953393472705
1,31,mol92,3.915300065460193
1,31,mol93,0.5330007651260927
1,31,mol94,5.356391036649584
1,31,mol95,5.836032104685775
1,31,mol96,4.505410613211227
1,32,mol0,1.8969379970452767
1,32,mol1,4.797804775623954
1,32,mol2,0.5531764371392374
1,32,mol3,2.0103709843613213
1,32,mol4,2.997400026254639
1,32,mol5,4.868744697723727
1,32,mol6,4.1728873093325785
1,32,mol7,3.738828250936381
1,32,mol8,3.8097610766017165
1,32,mol9,0.7495994583776061
1,32,mol10,5.004484259457501
1,32,mol11,3.4356090058490985
1,32,mol12,3.700162785664526
1,32,mol13,2.789004821758018
1,32,mol14,7.264694117684069
1,32,mol15,1.6412870213886868
1,32,mol16,3.4918119456809245
1,32,mol17,2.10098269673979
1,32,mol18,4.744541087221538
1,32,mol19,3.357397660925757
1,32,mol20,5.8313318721577865
1,32,mol21,2.967578958006004
1,32,mol22,1.1946726846016584
1,32,mol23,1.2637750540730326
1,32,mol24,6.169667652654439
1,32,mol25,2.4520113630956115
1,32,mol26,4.087491258615639
1,32,mol27,4.3560027116612305
1,32,mol28,2.6362977367746376
1,32,mol29,5.9996936380973365
1,32,mol30,0.9717787884028668
1,32,mol31,6.384310781431497
1,32,mol32,1.2401948278607806
1,32,mol33,3.363314555197001
1,32,mol34,0.8489848359742863
1,32,mol35,4.8928156496326665
1,32,mol36,4.006310770414953
1,32,mol37,5.01844461478521
1,32,mol38,2.598438829374284
1,32,mol39,5.624389700657053
1,32,mol40,2.494125983357125
1,32,mol41,0.9044011810672241
1,32,mol42,0.6029790731290589
1,32,mol43,5.537098779971933
1,32,mol44,2.1420302713162793
1,32,mol45,5.55804951281087
1,32,mol46,5.043470955914972
1,32,mol47,5.954153274714035
1,32,mol48,1.7886227958164589
1,32,mol49,4.140618700657037
1,32,mol50,3.271079819556394
1,32,mol51,6.730220360097891
1,32,mol52,6.46389339307201
1,32,mol53,1.7088445158405086
1,32,mol54,6.319223538932612
1,32,mol55,0.8843051714066082
1,32,mol56,2.127011311186818
1,32,mol57,2.4927549458881835
1,32,mol58,3.9517602395460605
1,32,mol59,3.381020690766161
1,32,mol60,3.1616108881679006
1,32,mol61,2.321852239946879
1,32,mol62,7.471750387538666
1,32,mol63,0.9048494346640025
1,32,mol64,1.281729180204964
1,32,mol65,4.535512866647983
1,32,mol66,5.274569505997622
1,32,mol67,2.34469224139163
1,32,mol68,2.2889166642759196
1,32,mol69,5.41160353394894
1,32,mol70,3.067838151160241
1,32,mol71,1.5341597787900527
1,32,mol72,5.009369015931825
1,32,mol73,0.7955995712747086
1,32,mol74,6.250917709401227
1,32,mol75,5.113163821916533
1,32,mol76,5.956024641410654
1,32,mol77,2.4751120721488493
1,32,mol79,0.8496433334052589
1,32,mol80,2.1368458101336447
1,32,mol81,4.047500917744536
1,32,mol82,0.8398345523340403
1,32,mol83,1.2951594908898694
1,32,mol84,6.2116018067576
1,32,mol85,0.8802857853126616
1,32,mol86,0.8830174245166401
1,32,mol87,6.2404053416340455
1,32,mol88,4.866330303701366
1,32,mol89,3.2357457540727763
1,32,mol90,0.8918734938978998
1,32,mol91,5.189614726235919
1,32,mol92,4.178419971933392
1,32,mol93,0.5330007651260927
1,32,mol94,4.236500338821342
1,32,mol95,5.83757537161027
1,32,mol96,4.330644811635498
1,33,mol0,6.246501140736269
1,33,mol1,4.713718823993076
1,33,mol2,5.416418675432666
1,33,mol3,2.1522867284422333
1,33,mol4,0.7876727056997399
1,33,mol5,5.000389224463335
1,33,mol6,4.504156096410662
1,33,mol7,2.9356029803808705
1,33,mol8,3.8836712443863846
1,33,mol9,6.736414283960189
1,33,mol10,3.2787556590235494
1,33,mol11,3.3780808982848747
1,33,mol12,4.392160448695304
1,33,mol13,6.4318430894548735
1,33,mol14,0.9760112990872319
1,33,mol15,1.6114802911249677
1,33,mol16,3.3001269030144886
1,33,mol17,1.5928291937842642
1,33,mol18,4.749056626847063
1,33,mol19,9.845188645416915
1,33,mol20,5.828678191726038
1,33,mol21,0.6453295131724788
1,33,mol22,1.1594158759191342
1,33,mol23,1.3066917555621351
1,33,mol24,1.4473536729966323
1,33,mol25,2.4520113630956115
1,33,mol26,4.035161919326805
1,33,mol27,4.098603386520828
1,33,mol28,1.6033851219313373
1,33,mol29,6.236463224950006
1,33,mol30,1.0161518300898107
1,33,mol31,1.1940543713362959
1,33,mol32,6.858712554538897
1,33,mol33,4.31920971535303
1,33,mol34,4.276611112985876
1,33,mol35,4.930412617752222
1,33,mol36,3.9929023043395393
1,33,mol37,5.030952706164775
1,33,mol38,2.936047979853191
1,33,mol39,5.660506220345617
1,33,mol40,5.418274937204908
1,33,mol41,0.9468960936160119
1,33,mol42,5.6147946514918115
1,33,mol43,6.184249302708903
1,33,mol44,5.539295204770029
1,33,mol45,5.619538853322397
1,33,mol46,5.766155491449995
1,33,mol47,0.6266116486164443
1,33,mol48,1.7892858460982748
1,33,mol49,3.696856577553422
1,33,mol50,3.279104604017827
1,33,mol51,6.730220360097891
1,33,mol52,6.463761680476778
1,33,mol53,1.7351765006503201
1,33,mol54,6.237814998859776
1,33,mol55,5.206396413321508
1,33,mol56,3.7822047881603833
1,33,mol57,2.4428359134927584
1,33,mol58,1.1703150110730258
1,33,mol59,2.492544831927134
1,33,mol60,3.3122973967543214
1,33,mol61,2.3008481733546144
1,33,mol62,1.8983477583359025
1,33,mol63,0.9609466652886683
1,33,mol64,0.842472734309874
1,33,mol65,3.8396809869019677
1,33,mol66,4.448947755323724
1,33,mol67,2.855799446832063
1,33,mol68,2.2889166642759196
1,33,mol69,2.769442429589539
1,33,mol70,1.0680384190521561
1,33,mol71,2.1288514994844387
1,33,mol72,1.9998699732732623
1,33,mol73,1.5792324291606037
1,33,mol74,5.891852424497649
1,33,mol75,5.933250192790111
1,33,mol76,0.844405203248255
1,33,mol77,2.0279440402296687
1,33,mol79,2.814004067871971
1,33,mol80,2.1317736396182942
1,33,mol81,4.047500917744536
1,33,mol82,4.074683721251907
1,33,mol83,4.163303717444142
1,33,mol84,0.6532314531837635
1,33,mol85,0.6795488851826195
1,33,mol86,1.3263358368075562
1,33,mol87,0.6455235504693273
1,33,mol88,3.0603225006615813
1,33,mol89,1.0096182025894738
1,33,mol90,3.9097853190274203
1,33,mol91,0.7650106271849316
1,33,mol92,3.8922115177478336
1,33,mol93,0.8898108840506502
1,33,mol94,5.34431625849681
1,33,mol95,5.836032104685775
1,33,mol96,4.243022766099231
1,34,mol0,6.279544125037476
1,34,mol1,2.5272700432812214
1,34,mol2,4.955403973472095
1,34,mol3,2.54374241817052
1,34,mol4,0.737906118100694
1,34,mol5,4.870154868306585
1,34,mol6,4.4861682978226405
1,34,mol7,2.8642457637680394
1,34,mol8,3.8097610766017165
1,34,mol9,2.3709061292498035
1,34,mol10,0.8539922919657074
1,34,mol11,3.436442628805467
1,34,mol12,3.570985865100841
1,34,mol13,6.42469627797381
1,34,mol14,1.1495340074675149
1,34,mol15,1.1571541917225432
1,34,mol16,3.4918119456809245
1,34,mol17,2.10098269673979
1,34,mol18,3.6679243919415785
1,34,mol19,9.27743665455231
1,34,mol20,5.999134879792747
1,34,mol21,0.6453295131724788
1,34,mol22,2.8044141066658943
1,34,mol23,1.5844676873203072
1,34,mol24,6.18187956658729
1,34,mol25,2.4864386619721794
1,34,mol26,4.176407604406944
1,34,mol27,4.030495607242365
1,34,mol28,1.156937809644328
1,34,mol29,0.9077163129920025
1,34,mol30,0.9392688172326606
1,34,mol31,6.384310781431497
1,34,mol32,1.8628961522882925
1,34,mol33,3.5136963575699025
1,34,mol34,1.3591196920906459
1,34,mol35,4.933827594893141
1,34,mol36,1.094310408039171
1,34,mol37,5.030952706164775
1,34,mol38,6.519281156308568
1,34,mol39,5.624389700657053
1,34,mol40,5.411251526561511
1,34,mol41,0.9265796421020129
1,34,mol42,6.313702805844309
1,34,mol43,1.4125986609594547
1,34,mol44,2.144387075668504
1,34,mol45,1.9915887135651273
1,34,mol46,2.186147088757801
1,34,mol47,0.5898612630924069
1,34,mol48,1.7886227958164589
1,34,mol49,3.710739455802058
1,34,mol50,3.279104604017827
1,34,mol51,6.693383442962445
1,34,mol52,1.1961439052221094
1,34,mol53,1.7675287376473094
1,34,mol54,1.996004996236232
1,34,mol55,5.319634739313019
1,34,mol56,1.3127948276799897
1,34,mol57,2.4876082499561702
1,34,mol58,3.948354320762729
1,34,mol59,2.3706124373367223
1,34,mol60,1.8779035866915774
1,34,mol61,1.4221715754436945
1,34,mol62,1.66561342769753
1,34,mol63,5.326231051790639
1,34,mol64,3.5327787091828373
1,34,mol65,4.430006838927134
1,34,mol66,4.479335107981987
1,34,mol67,2.819742836631887
1,34,mol68,3.0052905472088476
1,34,mol69,2.903410158621959
1,34,mol70,6.377952841871979
1,34,mol71,2.1288514994844387
1,34,mol72,2.274287639142322
1,34,mol73,1.5913249755510344
1,34,mol74,3.597634413668483
1,34,mol75,2.967548359315826
1,34,mol76,6.028061191048936
1,34,mol77,4.353766650669837
1,34,mol79,3.7470174090868595
1,34,mol80,1.349061029753658
1,34,mol81,0.887150458651583
1,34,mol82,0.8398345523340403
1,34,mol83,1.236148701453536
1,34,mol84,5.712731465770117
1,34,mol85,0.7064257250412105
1,34,mol86,2.1428357232881847
1,34,mol87,1.846191792083882
1,34,mol88,4.0591805614283505
1,34,mol89,1.009374506811025
1,34,mol90,0.7257283155156455
1,34,mol91,3.5611372135630392
1,34,mol92,1.5994250363918396
1,34,mol93,5.274867661550856
1,34,mol94,5.404807671441953
1,34,mol95,2.039194733913491
1,34,mol96,1.4795210106345538
1,35,mol0,6.149066675461268
1,35,mol1,4.713718823993076
1,35,mol2,0.5641161343467345
1,35,mol3,2.9469388475081018
1,35,mol4,0.7864553029119083
1,35,mol5,4.868744697723727
1,35,mol6,4.508463153614544
1,35,mol7,2.3607375175656666
1,35,mol8,4.1598750003677045
1,35,mol9,2.9932364165135468
1,35,mol10,0.7160701288796264
1,35,mol11,3.3780808982848747
1,35,mol12,4.377247937583994
1,35,mol13,2.710443584981695
1,35,mol14,1.156494349432919
1,35,mol15,0.91232569337352
1,35,mol16,3.4918119456809245
1,35,mol17,1.260757047174435
1,35,mol18,4.748461716177145
1,35,mol19,9.846592808200857
1,35,mol20,5.829322027984554
1,35,mol21,6.499438972095976
1,35,mol22,0.8085237205343245
1,35,mol23,1.2183157041033594
1,35,mol24,1.4473536729966323
1,35,mol25,6.125402263912958
1,35,mol26,4.152536605007345
1,35,mol27,4.104185230712669
1,35,mol28,1.9104289887419632
1,35,mol29,2.2804019724938516
1,35,mol30,1.303822932468504
1,35,mol31,2.5509536127476413
1,35,mol32,1.2408813232622418
1,35,mol33,4.31920971535303
1,35,mol34,6.441875972128439
1,35,mol35,4.855097033082362
1,35,mol36,2.813674891464389
1,35,mol37,5.008291012411319
1,35,mol38,6.462733831746439
1,35,mol39,1.711709091355354
1,35,mol40,2.112392688939657
1,35,mol41,4.464038995007479
1,35,mol42,0.8591382092722791
1,35,mol43,1.3608477665084775
1,35,mol44,2.1420302713162793
1,35,mol45,2.1316890294519304
1,35,mol46,2.1693259950112567
1,35,mol47,5.913174243239337
1,35,mol48,3.7515917994264525
1,35,mol49,3.4474649160372453
1,35,mol50,3.271079819556394
1,35,mol51,6.730220360097891
1,35,mol52,6.443530315518039
1,35,mol53,7.836858932880164
1,35,mol54,1.2991254616086931
1,35,mol55,5.275089674258684
1,35,mol56,3.794836777506599
1,35,mol57,2.0636957976528425
1,35,mol58,1.15648260909659
1,35,mol59,3.3563200930400616
1,35,mol60,1.8777171388780483
1,35,mol61,2.321852239946879
1,35,mol62,7.481640224119166
1,35,mol63,5.180372093097287
1,35,mol64,6.9491620923556905
1,35,mol65,3.6713925566065373
1,35,mol66,2.2601840902015042
1,35,mol67,2.855799446832063
1,35,mol68,2.2733110123467806
1,35,mol69,5.41160353394894
1,35,mol70,0.935572800252032
1,35,mol71,1.3643895981091951
1,35,mol72,1.9998699732732623
1,35,mol73,5.6122486260243765
1,35,mol74,5.870164438347131
1,35,mol75,2.9122349922772197
1,35,mol76,0.6293934371979726
1,35,mol77,2.653085420502862
1,35,mol79,0.8520230478103276
1,35,mol80,1.349061029753658
1,35,mol81,0.8877824728743282
1,35,mol82,0.5772187158108727
1,35,mol83,1.2641965251536356
1,35,mol84,0.6532314531837635
1,35,mol85,0.7064257250412105
1,35,mol86,3.308088878340484
1,35,mol87,2.4331583258023
1,35,mol88,3.811077204420761
1,35,mol89,1.0096182025894738
1,35,mol90,6.546030001616157
1,35,mol91,0.6332400072363605
1,35,mol92,3.915416062608587
1,35,mol93,5.275819170102876
1,35,mol94,4.971551371861259
1,35,mol95,5.98147444765492
1,35,mol96,1.4795210106345538
1,36,mol0,6.253898575990859
1,36,mol1,4.946098221662539
1,36,mol2,5.416418675432666
1,36,mol3,2.1522867284422333
1,36,mol4,2.9967076390453986
1,36,mol5,5.320809683351925
1,36,mol6,4.1728873093325785
1,36,mol7,2.3604878098660698
1,36,mol8,6.776249735793547
1,36,mol9,6.644445899245475
1,36,mol10,0.8539922919657074
1,36,mol11,3.436395043968939
1,36,mol12,3.189744222830936
1,36,mol13,1.2596284293393827
1,36,mol14,1.381774308535851
1,36,mol15,1.1571541917225432
1,36,mol16,3.491915641592735
1,36,mol17,1.5928291937842642
1,36,mol18,4.749019371056162
1,36,mol19,9.842897735058537
1,36,mol20,5.999134879792747
1,36,mol21,1.04897757186973
1,36,mol22,3.7997905367708538
1,36,mol23,1.3388274471503947
1,36,mol24,1.4473536729966323
1,36,mol25,2.4214440949049387
1,36,mol26,4.081247152843429
1,36,mol27,4.098603386520828
1,36,mol28,1.156937809644328
1,36,mol29,0.8740050326968876
1,36,mol30,6.564909477240259
1,36,mol31,5.791530130411428
1,36,mol32,7.239267916643738
1,36,mol33,4.318835526991044
1,36,mol34,0.8415508135069956
1,36,mol35,4.8928156496326665
1,36,mol36,6.835120607191737
1,36,mol37,5.008291012411319
1,36,mol38,6.314449312489569
1,36,mol39,4.524173927028006
1,36,mol40,2.494125983357125
1,36,mol41,1.6411127952831597
1,36,mol42,1.5413752453059915
1,36,mol43,1.4125986609594547
1,36,mol44,5.531495250541639
1,36,mol45,2.1316890294519304
1,36,mol46,5.188500379026476
1,36,mol47,5.951939940995047
1,36,mol48,1.7887759930559595
1,36,mol49,4.156302908882438
1,36,mol50,3.955423979630547
1,36,mol51,2.2304966349074222
1,36,mol52,0.716681314811542
1,36,mol53,3.8666364467242538
1,36,mol54,1.2991254616086931
1,36,mol55,5.241728023977679
1,36,mol56,2.127283541965355
1,36,mol57,2.696636664485967
1,36,mol58,1.15648260909659
1,36,mol59,2.4739924683820504
1,36,mol60,1.8779035866915774
1,36,mol61,1.4221715754436945
1,36,mol62,0.7242248603997606
1,36,mol63,5.2929118978342435
1,36,mol64,1.281729180204964
1,36,mol65,3.6713925566065373
1,36,mol66,0.9779762336580577
1,36,mol67,3.567562682147664
1,36,mol68,3.0052905472088476
1,36,mol69,3.751720990029379
1,36,mol70,4.157473392956695
1,36,mol71,6.066223952203357
1,36,mol72,5.009369015931825
1,36,mol73,5.614501875973727
1,36,mol74,2.3235925779984345
1,36,mol75,2.988264270074666
1,36,mol76,6.006996552657273
1,36,mol77,5.103132453343107
1,36,mol79,2.814004067871971
1,36,mol80,6.325719189309623
1,36,mol81,0.887150458651583
1,36,mol82,0.5014784776332998
1,36,mol83,1.081034505267499
1,36,mol84,1.7367404773639283
1,36,mol85,5.927297770807835
1,36,mol86,6.189360497014211
1,36,mol87,0.7224089026524929
1,36,mol88,5.421514760885559
1,36,mol89,1.009303207663584
1,36,mol90,0.8610163725641515
1,36,mol91,3.5726522773704135
1,36,mol92,1.68519260213671
1,36,mol93,0.8898108840506502
1,36,mol94,1.4900457780998992
1,36,mol95,5.825728740483229
1,36,mol96,1.4795210106345538
1,37,mol0,6.246501140736269
1,37,mol1,4.713718823993076
1,37,mol2,0.7976211949328208
1,37,mol3,2.215913930445598
1,37,mol4,3.353647153538187
1,37,mol5,2.459667636084193
1,37,mol6,5.494793845263391
1,37,mol7,1.1180614593313307
1,37,mol8,4.317921631836804
1,37,mol9,0.7384642438389089
1,37,mol10,0.8539922919657074
1,37,mol11,3.436529183170967
1,37,mol12,3.2690448373722254
1,37,mol13,6.310977306583387
1,37,mol14,0.8063614954543351
1,37,mol15,0.8856642183308406
1,37,mol16,3.3032232052950947
1,37,mol17,6.065380071991719
1,37,mol18,3.8747322815045346
1,37,mol19,6.039848611810543
1,37,mol20,3.7289968382206307
1,37,mol21,0.6542435614618501
1,37,mol22,3.7997905367708538
1,37,mol23,1.2183157041033594
1,37,mol24,6.584000664449669
1,37,mol25,6.081028522359518
1,37,mol26,4.176407604406944
1,37,mol27,4.099239895395242
1,37,mol28,2.6362977367746376
1,37,mol29,0.9159442219329231
1,37,mol30,6.524646858171418
1,37,mol31,6.188570090783217
1,37,mol32,1.6634787425278705
1,37,mol33,3.363351061842936
1,37,mol34,4.276611112985876
1,37,mol35,4.875481346029731
1,37,mol36,3.966321721047996
1,37,mol37,5.022192453334832
1,37,mol38,6.473573117683927
1,37,mol39,5.660506220345617
1,37,mol40,5.411251526561511
1,37,mol41,0.9183960110746859
1,37,mol42,1.9342397403522384
1,37,mol43,1.3608477665084775
1,37,mol44,5.531495250541639
1,37,mol45,5.517327446560647
1,37,mol46,1.8389542835106325
1,37,mol47,5.922800012023388
1,37,mol48,2.5066704250858343
1,37,mol49,3.4474649160372453
1,37,mol50,3.5635861475995836
1,37,mol51,6.716801488325484
1,37,mol52,6.443530315518039
1,37,mol53,1.5520381298766177
1,37,mol54,6.2157155481086805
1,37,mol55,0.9969629474205206
1,37,mol56,1.3129791447632875
1,37,mol57,5.763642575685101
1,37,mol58,2.5927722090457537
1,37,mol59,5.801148047800538
1,37,mol60,3.857948571573899
1,37,mol61,6.2553762211435995
1,37,mol62,7.349218005016802
1,37,mol63,5.180372093097287
1,37,mol64,6.9491620923556905
1,37,mol65,4.535512866647983
1,37,mol66,4.479571912761307
1,37,mol67,2.7681939497954637
1,37,mol68,5.677461279631442
1,37,mol69,5.391675558448187
1,37,mol70,0.9327801434421729
1,37,mol71,2.1224381770568894
1,37,mol72,5.422993642199235
1,37,mol73,1.5913249755510344
1,37,mol74,5.870164438347131
1,37,mol75,4.816595911748584
1,37,mol76,5.956024641410654
1,37,mol77,2.4751120721488493
1,37,mol79,1.7579701544679305
1,37,mol80,2.1317736396182942
1,37,mol81,4.035207827432365
1,37,mol82,0.4933917713136287
1,37,mol83,1.2765218766550566
1,37,mol84,5.979561346071179
1,37,mol85,6.0297705116071425
1,37,mol86,1.3263358368075562
1,37,mol87,2.4331583258023
1,37,mol88,4.866330303701366
1,37,mol89,1.0092561889827574
1,37,mol90,0.7864395565944469
1,37,mol91,3.543809191973751
1,37,mol92,3.915300065460193
1,37,mol93,2.659008820853176
1,37,mol94,4.795032736969698
1,37,mol95,2.0826002961657677
1,37,mol96,4.243022766099231
1,38,mol0,6.279544125037476
1,38,mol1,4.774320008650446
1,38,mol2,5.943070324820124
1,38,mol3,2.54374241817052
1,38,mol4,0.7226275515511914
1,38,mol5,5.102917006651608
1,38,mol6,5.246049463035124
1,38,mol7,1.1178063552756965
1,38,mol8,4.1598750003677045
1,38,mol9,6.332480170810983
1,38,mol10,0.8884947993213311
1,38,mol11,3.4365502685417377
1,38,mol12,3.671852784868969
1,38,mol13,2.155961724833576
1,38,mol14,0.8063614954543351
1,38,mol15,0.8897930760339141
1,38,mol16,3.303210179204466
1,38,mol17,1.2418680861623634
1,38,mol18,4.749042703886051
1,38,mol19,9.845188645416915
1,38,mol20,5.82353538000433
1,38,mol21,1.0505606601103186
1,38,mol22,1.1674014797831973
1,38,mol23,1.5092671277719436
1,38,mol24,1.5961537575981635
1,38,mol25,2.5086719254916536
1,38,mol26,4.035161919326805
1,38,mol27,4.019253290848936
1,38,mol28,1.6033851219313373
1,38,mol29,0.8983953713890858
1,38,mol30,1.0161518300898107
1,38,mol31,5.791530130411428
1,38,mol32,4.1089565092932245
1,38,mol33,4.318951519663077
1,38,mol34,1.003223712552974
1,38,mol35,4.937849867783973
1,38,mol36,3.9929023043395393
1,38,mol37,5.022192453334832
1,38,mol38,2.4968743811013003
1,38,mol39,5.653194685359017
1,38,mol40,5.402255370623326
1,38,mol41,1.4972592615561904
1,38,mol42,0.8198255716277315
1,38,mol43,1.4125986609594547
1,38,mol44,5.531495250541639
1,38,mol45,2.169028520789895
1,38,mol46,1.9156128616684203
1,38,mol47,0.5898612630924069
1,38,mol48,1.5353225102486419
1,38,mol49,3.4761948971098144
1,38,mol50,3.5635861475995836
1,38,mol51,2.154512720348352
1,38,mol52,6.463761680476778
1,38,mol53,1.7351765006503201
1,38,mol54,2.119447192076274
1,38,mol55,0.9969629474205206
1,38,mol56,1.3126921578382347
1,38,mol57,2.4041208019253113
1,38,mol58,3.9517602395460605
1,38,mol59,1.2086721043497834
1,38,mol60,3.9841242688952363
1,38,mol61,2.3008481733546144
1,38,mol62,7.48810007777252
1,38,mol63,5.180372093097287
1,38,mol64,1.281729180204964
1,38,mol65,3.7570590593300657
1,38,mol66,5.262636346319209
1,38,mol67,2.819742836631887
1,38,mol68,2.266916160526706
1,38,mol69,3.8010457270939884
1,38,mol70,0.7010036653664106
1,38,mol71,1.5824495653439141
1,38,mol72,5.422993642199235
1,38,mol73,5.610413557868306
1,38,mol74,5.891852424497649
1,38,mol75,2.954205124654784
1,38,mol76,1.715205776682097
1,38,mol77,6.474060606713064
1,38,mol79,0.8537087231603058
1,38,mol80,6.043941504798715
1,38,mol81,4.047500917744536
1,38,mol82,0.4898612756809469
1,38,mol83,1.06479771812599
1,38,mol84,6.232437760161406
1,38,mol85,3.668222055990998
1,38,mol86,1.3214984059770942
1,38,mol87,2.535885668288612
1,38,mol88,4.0591805614283505
1,38,mol89,2.85867763047882
1,38,mol90,3.9097853190274203
1,38,mol91,6.278192556100091
1,38,mol92,3.915300065460193
1,38,mol93,0.8996121195409721
1,38,mol94,1.4900457780998992
1,38,mol95,5.922682185939157
1,38,mol96,4.23828019827511
1,39,mol0,1.768045246565381
1,39,mol1,3.635411349260677
1,39,mol2,4.949811348195735
1,39,mol3,2.490163741890997
1,39,mol4,3.353647153538187
1,39,mol5,2.459667636084193
1,39,mol6,5.246049463035124
1,39,mol7,2.8648925038159905
1,39,mol8,6.776249735793547
1,39,mol9,6.736414283960189
1,39,mol10,3.2787556590235494
1,39,mol11,3.436382837426171
1,39,mol12,4.377859752826335
1,39,mol13,6.310977306583387
1,39,mol14,7.264694117684069
1,39,mol15,1.1571541917225432
1,39,mol16,3.3006976365610954
1,39,mol17,6.043998153587691
1,39,mol18,3.466311798824028
1,39,mol19,10.508840531922855
1,39,mol20,5.8313318721577865
1,39,mol21,1.0505606601103186
1,39,mol22,4.718270369708233
1,39,mol23,1.5844676873203072
1,39,mol24,1.4473536729966323
1,39,mol25,2.431799266952353
1,39,mol26,3.960965436514091
1,39,mol27,4.03262638289242
1,39,mol28,5.733617301226432
1,39,mol29,2.170406675174269
1,39,mol30,1.303822932468504
1,39,mol31,3.2216076357589682
1,39,mol32,4.1089565092932245
1,39,mol33,2.362825303148754
1,39,mol34,1.341358716376794
1,39,mol35,4.937849867783973
1,39,mol36,1.1322563568884412
1,39,mol37,5.018222481284251
1,39,mol38,6.455338415993387
1,39,mol39,5.624389700657053
1,39,mol40,5.402255370623326
1,39,mol41,4.464038995007479
1,39,mol42,6.313702805844309
1,39,mol43,6.2326153150851
1,39,mol44,2.043621718981797
1,39,mol45,2.1316890294519304
1,39,mol46,5.439274196357258
1,39,mol47,5.951939940995047
1,39,mol48,1.7889453160478448
1,39,mol49,3.6989941804911903
1,39,mol50,1.2224491640294757
1,39,mol51,6.730220360097891
1,39,mol52,2.1204683933037063
1,39,mol53,4.418585100279171
1,39,mol54,1.996004996236232
1,39,mol55,5.203729120515969
1,39,mol56,2.1921275722267324
1,39,mol57,2.4428359134927584
1,39,mol58,0.828432079809288
1,39,mol59,5.801148047800538
1,39,mol60,3.310722090832644
1,39,mol61,2.7860353935997013
1,39,mol62,1.4717146644931582
1,39,mol63,5.1815741776254916
1,39,mol64,1.013578444724981
1,39,mol65,4.535512866647983
1,39,mol66,5.274816914509925
1,39,mol67,5.454568452368982
1,39,mol68,6.24668586271381
1,39,mol69,2.903410158621959
1,39,mol70,0.7195820028719055
1,39,mol71,1.5341597787900527
1,39,mol72,5.422993642199235
1,39,mol73,2.7714834942792828
1,39,mol74,6.250917709401227
1,39,mol75,4.547948443569457
1,39,mol76,6.2054761692126945
1,39,mol77,2.0279440402296687
1,39,mol79,3.1277752163478754
1,39,mol80,2.1368458101336447
1,39,mol81,6.47146506567761
1,39,mol82,0.4898612756809469
1,39,mol83,1.236148701453536
1,39,mol84,1.7686405998474004
1,39,mol85,0.6696494730563937
1,39,mol86,2.980589588822989
1,39,mol87,1.846191792083882
1,39,mol88,4.866330303701366
1,39,mol89,1.0092561889827574
1,39,mol90,6.546030001616157
1,39,mol91,3.5508720313797983
1,39,mol92,1.6851645844446965
1,39,mol93,0.5970732236292298
1,39,mol94,4.971551371861259
1,39,mol95,5.821145838719473
1,39,mol96,1.4908143086002603
1,40,mol0,1.757405576341471
1,40,mol1,4.948725080765751
1,40,mol2,5.416418675432666
1,40,mol3,2.215913930445598
1,40,mol4,2.9803915638575154
1,40,mol5,5.319741065976075
1,40,mol6,5.246049463035124
1,40,mol7,2.3604878098660698
1,40,mol8,3.673174120387463
1,40,mol9,2.9932364165135468
1,40,mol10,0.7060482635955675
1,40,mol11,3.4356090058490985
1,40,mol12,3.7072572822887997
1,40,mol13,1.777346964616526
1,40,mol14,0.8063614954543351
1,40,mol15,0.8994498711932051
1,40,mol16,3.491862318018854
1,40,mol17,2.10098269673979
1,40,mol18,4.749106972544066
1,40,mol19,3.357397660925757
1,40,mol20,5.626249563358276
1,40,mol21,0.6542435614618501
1,40,mol22,3.7489721922592776
1,40,mol23,1.424520216338384
1,40,mol24,6.177740616370835
1,40,mol25,1.5890632176694544
1,40,mol26,3.998470832289097
1,40,mol27,4.03262638289242
1,40,mol28,5.837879355312122
1,40,mol29,2.170406675174269
1,40,mol30,1.131614874348227
1,40,mol31,2.848640639913335
1,40,mol32,1.6650889988858033
1,40,mol33,3.3634032807856986
1,40,mol34,0.8488174195398476
1,40,mol35,4.937849867783973
1,40,mol36,4.006310770414953
1,40,mol37,5.008291012411319
1,40,mol38,6.477655233570246
1,40,mol39,5.6514929543819274
1,40,mol40,1.5335106793610163
1,40,mol41,1.6411127952831597
1,40,mol42,5.6147946514918115
1,40,mol43,6.229441692858376
1,40,mol44,5.523456668742011
1,40,mol45,5.619538853322397
1,40,mol46,5.759968169137194
1,40,mol47,5.953565864558515
1,40,mol48,3.7515679199629632
1,40,mol49,3.533742250569718
1,40,mol50,3.117784662880185
1,40,mol51,1.9728320615539576
1,40,mol52,1.1961439052221094
1,40,mol53,7.9833131651560905
1,40,mol54,1.9705444425335854
1,40,mol55,5.275089674258684
1,40,mol56,2.127011311186818
1,40,mol57,2.4041208019253113
1,40,mol58,3.9517602395460605
1,40,mol59,3.3620884622590697
1,40,mol60,3.957470618853778
1,40,mol61,2.412076534754276
1,40,mol62,1.2217845279064465
1,40,mol63,5.295056601874886
1,40,mol64,0.9941040003999135
1,40,mol65,4.535512866647983
1,40,mol66,4.479335107981987
1,40,mol67,5.657499051933777
1,40,mol68,5.677461279631442
1,40,mol69,3.417335346159067
1,40,mol70,0.935572800252032
1,40,mol71,1.5824495653439141
1,40,mol72,1.9572517705531225
1,40,mol73,1.5913249755510344
1,40,mol74,2.3235925779984345
1,40,mol75,5.113163821916533
1,40,mol76,0.650879913981252
1,40,mol77,2.4751120721488493
1,40,mol79,3.1826969293352456
1,40,mol80,1.2102902127766122
1,40,mol81,4.053485692832775
1,40,mol82,0.8398345523340403
1,40,mol83,1.0437319586842912
1,40,mol84,6.247521612379013
1,40,mol85,0.8802857853126616
1,40,mol86,6.199458029295788
1,40,mol87,0.8278031112847012
1,40,mol88,4.0591805614283505
1,40,mol89,1.0092561889827574
1,40,mol90,6.520037190416307
1,40,mol91,3.5508720313797983
1,40,mol92,1.6389293170531474
1,40,mol93,0.5970732236292298
1,40,mol94,5.915261182713932
1,40,mol95,1.981554009111445
1,40,mol96,1.8300455217885103
1,41,mol0,1.757405576341471
1,41,mol1,4.946098221662539
1,41,mol2,4.9359547516159425
1,41,mol3,2.0103709843613213
1,41,mol4,2.164215476895677
1,41,mol5,5.319741065976075
1,41,mol6,3.7532280131389717
1,41,mol7,3.8796240926829904
1,41,mol8,2.7860939867302994
1,41,mol9,2.3709061292498035
1,41,mol10,0.8539922919657074
1,41,mol11,3.4366129658117917
1,41,mol12,3.7072572822887997
1,41,mol13,1.2596284293393827
1,41,mol14,1.1672944332017452
1,41,mol15,0.8856642183308406
1,41,mol16,3.4920917616809564
1,41,mol17,6.312860680094699
1,41,mol18,4.744541087221538
1,41,mol19,9.875868333247514
1,41,mol20,5.999134879792747
1,41,mol21,4.029081058362706
1,41,mol22,1.117198862483011
1,41,mol23,1.23807996216024
1,41,mol24,2.958762854373607
1,41,mol25,6.076417669544285
1,41,mol26,4.001052172311123
1,41,mol27,4.027343436063034
1,41,mol28,1.901184058314645
1,41,mol29,5.9996936380973365
1,41,mol30,2.703172227312352
1,41,mol31,3.2216076357589682
1,41,mol32,6.858712554538897
1,41,mol33,3.36320135662437
1,41,mol34,4.099264309639684
1,41,mol35,4.881296559713512
1,41,mol36,1.1049375421262506
1,41,mol37,5.022192453334832
1,41,mol38,6.473573117683927
1,41,mol39,1.7175300593751313
1,41,mol40,2.112392688939657
1,41,mol41,0.9559154865198184
1,41,mol42,2.6230436237518546
1,41,mol43,6.229441692858376
1,41,mol44,5.5337217032588155
1,41,mol45,5.561579903331684
1,41,mol46,5.043470955914972
1,41,mol47,5.9059053538886745
1,41,mol48,3.7515917994264525
1,41,mol49,4.140618700657037
1,41,mol50,3.5668134906129
1,41,mol51,2.154512720348352
1,41,mol52,0.7324168771949484
1,41,mol53,4.418585100279171
1,41,mol54,2.5755987148622355
1,41,mol55,0.8843051714066082
1,41,mol56,1.3128418353264546
1,41,mol57,2.4041208019253113
1,41,mol58,1.1816389305899302
1,41,mol59,2.492544831927134
1,41,mol60,3.8938323724250705
1,41,mol61,1.4221715754436945
1,41,mol62,1.2217845279064465
1,41,mol63,5.295056601874886
1,41,mol64,0.9848986113921688
1,41,mol65,3.8396809869019677
1,41,mol66,5.274968597593734
1,41,mol67,3.0409012266102953
1,41,mol68,2.225482995794717
1,41,mol69,4.322730943981369
1,41,mol70,0.7010036653664106
1,41,mol71,1.5824495653439141
1,41,mol72,5.0028573895325055
1,41,mol73,1.8239230066158223
1,41,mol74,6.250917709401227
1,41,mol75,4.820762412781594
1,41,mol76,3.755300862982239
1,41,mol77,2.4671129710901387
1,41,mol79,3.0731086856796983
1,41,mol80,6.3373876843696415
1,41,mol81,0.8753753997979543
1,41,mol82,0.8603426601890531
1,41,mol83,1.1494045536253705
1,41,mol84,6.26214721367314
1,41,mol85,0.871616773081867
1,41,mol86,1.3715259246547258
1,41,mol87,1.846191792083882
1,41,mol88,4.405164885582225
1,41,mol89,3.9625373064489873
1,41,mol90,0.7864395565944469
1,41,mol91,0.7650106271849316
1,41,mol92,3.914847175816701
1,41,mol93,0.5330007651260927
1,41,mol94,4.971142309899988
1,41,mol95,5.883981161725322
1,41,mol96,1.8300455217885103
1,42,mol0,2.236312722743051
1,42,mol1,4.941402551064492
1,42,mol2,5.416418675432666
1,42,mol3,1.4738164499337214
1,42,mol4,0.7738912208696584
1,42,mol5,5.299458660363644
1,42,mol6,3.734391490182094
1,42,mol7,2.8642457637680394
1,42,mol8,3.8097610766017165
1,42,mol9,0.9280524304770102
1,42,mol10,5.004484259457501
1,42,mol11,3.436382837426171
1,42,mol12,4.377859752826335
1,42,mol13,6.42469627797381
1,42,mol14,0.9652059333550449
1,42,mol15,0.8897930760339141
1,42,mol16,3.49043894775428
1,42,mol17,6.046569263923847
1,42,mol18,4.749117293771549
1,42,mol19,10.508840531922855
1,42,mol20,6.0733297281661764
1,42,mol21,1.0505606601103186
1,42,mol22,1.1246751004919895
1,42,mol23,1.4715461342190854
1,42,mol24,6.18187956658729
1,42,mol25,6.096334743905555
1,42,mol26,4.087937845209526
1,42,mol27,4.099239895395242
1,42,mol28,2.6362977367746376
1,42,mol29,0.8740050326968876
1,42,mol30,1.303822932468504
1,42,mol31,3.335810442024839
1,42,mol32,3.6946840083529398
1,42,mol33,4.318951519663077
1,42,mol34,1.3591196920906459
1,42,mol35,4.9216904380900575
1,42,mol36,1.1267373254540867
1,42,mol37,5.019034650043107
1,42,mol38,1.6778090594581967
1,42,mol39,5.6514929543819274
1,42,mol40,5.411251526561511
1,42,mol41,4.6726084056023
1,42,mol42,2.615124995402504
1,42,mol43,6.190550551198531
1,42,mol44,5.519382876921913
1,42,mol45,5.601043313883584
1,42,mol46,2.186147088757801
1,42,mol47,5.948331687731672
1,42,mol48,1.7891046686088814
1,42,mol49,4.156302908882438
1,42,mol50,4.5574525464541935
1,42,mol51,2.1253516908412844
1,42,mol52,2.036250068631061
1,42,mol53,7.767341697321842
1,42,mol54,6.214656076566104
1,42,mol55,0.8843051714066082
1,42,mol56,1.3127972112693824
1,42,mol57,5.576974061733657
1,42,mol58,6.389125966783608
1,42,mol59,3.3303980142936536
1,42,mol60,3.981588736010699
1,42,mol61,2.879189974967129
1,42,mol62,5.230676504098329
1,42,mol63,0.9048494346640025
1,42,mol64,0.9848986113921688
1,42,mol65,3.7570590593300657
1,42,mol66,0.9779762336580577
1,42,mol67,2.855799446832063
1,42,mol68,2.225482995794717
1,42,mol69,3.751720990029379
1,42,mol70,1.0680384190521561
1,42,mol71,2.257342581380657
1,42,mol72,5.422993642199235
1,42,mol73,5.610413557868306
1,42,mol74,0.718867011549506
1,42,mol75,2.9122349922772197
1,42,mol76,0.6293934371979726
1,42,mol77,2.6308622494835365
1,42,mol79,0.8537087231603058
1,42,mol80,6.324571884709443
1,42,mol81,0.9669857314651249
1,42,mol82,3.802006948194288
1,42,mol83,1.0437319586842912
1,42,mol84,5.682134893053591
1,42,mol85,0.89257595112652
1,42,mol86,6.209752000845121
1,42,mol87,0.7224089026524929
1,42,mol88,2.9367344027848343
1,42,mol89,1.0097944419534106
1,42,mol90,0.7387518446279348
1,42,mol91,3.5508720313797983
1,42,mol92,3.890600878422919
1,42,mol93,2.659008820853176
1,42,mol94,4.133402850725886
1,42,mol95,1.9947656372205471
1,42,mol96,4.243022766099231
1,43,mol0,2.844128909251306
1,43,mol1,4.938509573916676
1,43,mol2,5.416418675432666
1,43,mol3,2.91101621505029
1,43,mol4,2.996740239863541
1,43,mol5,5.320441844615491
1,43,mol6,4.1728873093325785
1,43,mol7,2.358571526982961
1,43,mol8,1.8268306572485467
1,43,mol9,2.3709061292498035
1,43,mol10,0.7524332479573049
1,43,mol11,4.157809959023758
1,43,mol12,3.7228566169564825
1,43,mol13,6.310977306583387
1,43,mol14,7.264694117684069
1,43,mol15,1.6880167239287525
1,43,mol16,3.3006976365610954
1,43,mol17,2.6444669245156276
1,43,mol18,3.873178871418153
1,43,mol19,9.844604670592739
1,43,mol20,6.0733297281661764
1,43,mol21,1.0505606601103186
1,43,mol22,1.1246751004919895
1,43,mol23,1.2637750540730326
1,43,mol24,1.4451993950936137
1,43,mol25,2.4864386619721794
1,43,mol26,4.152536605007345
1,43,mol27,4.099239895395242
1,43,mol28,1.6033851219313373
1,43,mol29,0.9077163129920025
1,43,mol30,0.9392688172326606
1,43,mol31,1.5154914530099937
1,43,mol32,1.6574447344918433
1,43,mol33,3.5140036250977316
1,43,mol34,4.268528190673154
1,43,mol35,4.864600508810829
1,43,mol36,1.1049375421262506
1,43,mol37,5.0045719535574005
1,43,mol38,6.2614141381959385
1,43,mol39,5.653194685359017
1,43,mol40,2.494125983357125
1,43,mol41,2.035196981672911
1,43,mol42,0.8591382092722791
1,43,mol43,1.3608477665084775
1,43,mol44,5.523456668742011
1,43,mol45,5.55804951281087
1,43,mol46,1.9924887238669236
1,43,mol47,5.953565864558515
1,43,mol48,1.5347125963297927
1,43,mol49,3.4474649160372453
1,43,mol50,3.955423979630547
1,43,mol51,2.1086870639266104
1,43,mol52,3.152781156693246
1,43,mol53,4.25536981591815
1,43,mol54,6.319223538932612
1,43,mol55,0.9969629474205206
1,43,mol56,2.1921275722267324
1,43,mol57,2.4927549458881835
1,43,mol58,1.1385883525539107
1,43,mol59,3.3620884622590697
1,43,mol60,3.3122973967543214
1,43,mol61,2.321852239946879
1,43,mol62,7.48810007777252
1,43,mol63,5.326231051790639
1,43,mol64,1.013578444724981
1,43,mol65,4.511666623583012
1,43,mol66,4.479571912761307
1,43,mol67,2.290341467646485
1,43,mol68,2.2733110123467806
1,43,mol69,2.961431392947528
1,43,mol70,6.67397872307067
1,43,mol71,2.641278752747291
1,43,mol72,5.483431412901963
1,43,mol73,1.0656784442609792
1,43,mol74,0.6495002452112022
1,43,mol75,6.371958992449922
1,43,mol76,6.028061191048936
1,43,mol77,2.652065261549035
1,43,mol79,0.7183508641325629
1,43,mol80,6.324863841267369
1,43,mol81,0.887150458651583
1,43,mol82,4.045582683837361
1,43,mol83,1.2951594908898694
1,43,mol84,0.7771165898922209
1,43,mol85,0.6795488851826195
1,43,mol86,6.189360497014211
1,43,mol87,0.7224089026524929
1,43,mol88,2.3877999397981404
1,43,mol89,1.0093784052574137
1,43,mol90,6.528209230152406
1,43,mol91,0.6818953393472705
1,43,mol92,3.891770031794064
1,43,mol93,5.2751266960495835
1,43,mol94,4.046357835380411
1,43,mol95,1.981554009111445
1,43,mol96,4.330644811635498
1,44,mol0,1.8969379970452767
1,44,mol1,2.555518502835253
1,44,mol2,5.416418675432666
1,44,mol3,2.5400568196681856
1,44,mol4,2.9944240725199487
1,44,mol5,5.319741065976075
1,44,mol6,4.504156096410662
1,44,mol7,2.8648925038159905
1,44,mol8,2.7860939867302994
1,44,mol9,0.7495994583776061
1,44,mol10,5.004484259457501
1,44,mol11,4.157809959023758
1,44,mol12,4.392160448695304
1,44,mol13,2.155961724833576
1,44,mol14,1.156494349432919
1,44,mol15,0.8923107744266539
1,44,mol16,3.3006976365610954
1,44,mol17,1.7207249470582366
1,44,mol18,3.480571238317067
1,44,mol19,9.844464760085442
1,44,mol20,5.628150380537636
1,44,mol21,2.967578958006004
1,44,mol22,1.117198862483011
1,44,mol23,1.424520216338384
1,44,mol24,2.958762854373607
1,44,mol25,2.4214440949049387
1,44,mol26,3.7346309595559877
1,44,mol27,4.03262638289242
1,44,mol28,2.323387148992299
1,44,mol29,0.9159442219329231
1,44,mol30,2.703172227312352
1,44,mol31,6.474883109049434
1,44,mol32,6.858712554538897
1,44,mol33,4.318835526991044
1,44,mol34,1.341358716376794
1,44,mol35,4.9216904380900575
1,44,mol36,1.116485959479243
1,44,mol37,5.016350419544738
1,44,mol38,6.499353704023193
1,44,mol39,5.164036923819525
1,44,mol40,2.1324860028346526
1,44,mol41,3.639376908280635
1,44,mol42,1.6145177476164272
1,44,mol43,1.8500315700759746
1,44,mol44,5.54964419853148
1,44,mol45,1.9915887135651273
1,44,mol46,5.439274196357258
1,44,mol47,5.922800012023388
1,44,mol48,1.621191431662294
1,44,mol49,3.5767284344022454
1,44,mol50,3.117784662880185
1,44,mol51,6.598405335508471
1,44,mol52,2.1204683933037063
1,44,mol53,7.9833131651560905
1,44,mol54,6.284195053863304
1,44,mol55,0.9508105679768557
1,44,mol56,3.794836777506599
1,44,mol57,2.696636664485967
1,44,mol58,3.9517602395460605
1,44,mol59,3.381020690766161
1,44,mol60,4.78029281995836
1,44,mol61,1.8248897794313965
1,44,mol62,7.39900955647728
1,44,mol63,0.9199596982860655
1,44,mol64,4.767023317339192
1,44,mol65,4.430006838927134
1,44,mol66,5.262636346319209
1,44,mol67,2.3926014946299063
1,44,mol68,5.742250961724729
1,44,mol69,2.7665172882065896
1,44,mol70,4.157473392956695
1,44,mol71,1.3643895981091951
1,44,mol72,1.3184955247891017
1,44,mol73,5.614501875973727
1,44,mol74,0.7016617781255818
1,44,mol75,2.954205124654784
1,44,mol76,6.006996552657273
1,44,mol77,6.474060606713064
1,44,mol79,0.8520230478103276
1,44,mol80,1.349061029753658
1,44,mol81,4.047500917744536
1,44,mol82,3.802006948194288
1,44,mol83,1.06479771812599
1,44,mol84,5.682134893053591
1,44,mol85,5.927297770807835
1,44,mol86,1.3414766703152166
1,44,mol87,6.06300094807149
1,44,mol88,4.405164885582225
1,44,mol89,3.9625373064489873
1,44,mol90,0.8610163725641515
1,44,mol91,5.189614726235919
1,44,mol92,1.68591380947039
1,44,mol93,0.8996121195409721
1,44,mol94,5.34431625849681
1,44,mol95,5.821145838719473
1,44,mol96,1.4795210106345538
1,45,mol0,1.3937788601408798
1,45,mol1,2.555518502835253
1,45,mol2,4.954368379857652
1,45,mol3,2.5478173374946045
1,45,mol4,2.162928669751914
1,45,mol5,5.320441844615491
1,45,mol6,2.8699595954860104
1,45,mol7,3.0830001426327702
1,45,mol8,1.9761386585033904
1,45,mol9,6.644445899245475
1,45,mol10,0.7524332479573049
1,45,mol11,3.436442628805467
1,45,mol12,3.7072572822887997
1,45,mol13,1.8122446930170386
1,45,mol14,0.46788438367452123
1,45,mol15,1.6880167239287525
1,45,mol16,3.3035154814227834
1,45,mol17,6.046569263923847
1,45,mol18,3.480571238317067
1,45,mol19,9.874401321274608
1,45,mol20,4.122931106791787
1,45,mol21,0.6453295131724788
1,45,mol22,2.8044141066658943
1,45,mol23,1.322814666289783
1,45,mol24,1.429692435455962
1,45,mol25,2.5086719254916536
1,45,mol26,4.008615250469456
1,45,mol27,3.8186768776632567
1,45,mol28,1.6033851219313373
1,45,mol29,0.8740050326968876
1,45,mol30,0.9377236995334325
1,45,mol31,5.791530130411428
1,45,mol32,3.6946840083529398
1,45,mol33,4.318930450609271
1,45,mol34,0.8489848359742863
1,45,mol35,2.550159996372144
1,45,mol36,3.966321721047996
1,45,mol37,5.008291012411319
1,45,mol38,6.519281156308568
1,45,mol39,5.624389700657053
1,45,mol40,2.1324860028346526
1,45,mol41,0.9044011810672241
1,45,mol42,5.6147946514918115
1,45,mol43,1.8500315700759746
1,45,mol44,2.1869249283088847
1,45,mol45,1.9915887135651273
1,45,mol46,1.9156128616684203
1,45,mol47,5.953565864558515
1,45,mol48,1.5348464700635915
1,45,mol49,3.533742250569718
1,45,mol50,1.2224491640294757
1,45,mol51,6.598405335508471
1,45,mol52,6.443530315518039
1,45,mol53,1.7675287376473094
1,45,mol54,6.214656076566104
1,45,mol55,0.9969629474205206
1,45,mol56,2.12782492064471
1,45,mol57,2.635269071698372
1,45,mol58,3.9603057006102085
1,45,mol59,3.3620884622590697
1,45,mol60,3.1674783616969164
1,45,mol61,2.7860353935997013
1,45,mol62,1.8983477583359025
1,45,mol63,5.326231051790639
1,45,mol64,3.5327787091828373
1,45,mol65,4.593969255063707
1,45,mol66,4.448947755323724
1,45,mol67,2.290341467646485
1,45,mol68,5.880064897017962
1,45,mol69,5.41160353394894
1,45,mol70,0.9327801434421729
1,45,mol71,3.2982852927803905
1,45,mol72,2.274287639142322
1,45,mol73,5.610413557868306
1,45,mol74,0.7267165870827338
1,45,mol75,4.820762412781594
1,45,mol76,6.006996552657273
1,45,mol77,2.652065261549035
1,45,mol79,3.7470174090868595
1,45,mol80,6.184304572914519
1,45,mol81,0.8877824728743282
1,45,mol82,4.074683721251907
1,45,mol83,4.163303717444142
1,45,mol84,5.709990179125905
1,45,mol85,6.0297705116071425
1,45,mol86,6.138402085803763
1,45,mol87,1.0295327179688953
1,45,mol88,2.9153173235420606
1,45,mol89,3.404340923732522
1,45,mol90,0.8610163725641515
1,45,mol91,6.278192556100091
1,45,mol92,1.5994250363918396
1,45,mol93,2.659008820853176
1,45,mol94,6.0742285489828065
1,45,mol95,1.981554009111445
1,45,mol96,1.4795210106345538
1,46,mol0,1.8969379970452767
1,46,mol1,4.891913145692592
1,46,mol2,4.954368379857652
1,46,mol3,2.5400568196681856
1,46,mol4,3.353647153538187
1,46,mol5,4.868744697723727
1,46,mol6,4.508463153614544
1,46,mol7,2.8642457637680394
1,46,mol8,1.8335234681230277
1,46,mol9,2.9932364165135468
1,46,mol10,4.05097472714901
1,46,mol11,3.4365502685417377
1,46,mol12,3.054500770516081
1,46,mol13,6.42685910485707
1,46,mol14,0.955183170066547
1,46,mol15,0.997988348866701
1,46,mol16,2.894973166024169
1,46,mol17,1.5928291937842642
1,46,mol18,4.749042703886051
1,46,mol19,9.844464760085442
1,46,mol20,3.7289968382206307
1,46,mol21,2.766725507165465
1,46,mol22,4.669165532869159
1,46,mol23,1.5696979407309977
1,46,mol24,6.18187956658729
1,46,mol25,6.081028522359518
1,46,mol26,4.152536605007345
1,46,mol27,4.104185230712669
1,46,mol28,2.323387148992299
1,46,mol29,0.8983953713890858
1,46,mol30,1.131614874348227
1,46,mol31,6.188570090783217
1,46,mol32,6.858712554538897
1,46,mol33,4.318949988735688
1,46,mol34,6.441875972128439
1,46,mol35,4.878578794306603
1,46,mol36,1.1322563568884412
1,46,mol37,2.6686381430110258
1,46,mol38,6.499353704023193
1,46,mol39,1.7123761925631709
1,46,mol40,5.417289480727424
1,46,mol41,2.035196981672911
1,46,mol42,0.6029790731290589
1,46,mol43,1.7746095374131678
1,46,mol44,2.140598734480338
1,46,mol45,5.517327446560647
1,46,mol46,1.9156128616684203
1,46,mol47,5.953822717049998
1,46,mol48,1.5347125963297927
1,46,mol49,4.137977393467267
1,46,mol50,4.5574525464541935
1,46,mol51,2.2304966349074222
1,46,mol52,1.1302959289495826
1,46,mol53,2.0855550170921364
1,46,mol54,1.2991254616086931
1,46,mol55,5.3513823168301435
1,46,mol56,2.127011311186818
1,46,mol57,2.635269071698372
1,46,mol58,1.1816389305899302
1,46,mol59,1.1856202058416516
1,46,mol60,3.316991422824441
1,46,mol61,2.879189974967129
1,46,mol62,0.7242248603997606
1,46,mol63,0.9048494346640025
1,46,mol64,3.5327787091828373
1,46,mol65,4.535512866647983
1,46,mol66,4.381843436910999
1,46,mol67,5.734122773408877
1,46,mol68,5.741061072061754
1,46,mol69,3.7458300957125568
1,46,mol70,4.157473392956695
1,46,mol71,1.3643895981091951
1,46,mol72,1.8309157663129496
1,46,mol73,1.5273854671668512
1,46,mol74,0.6929280654032782
1,46,mol75,2.967548359315826
1,46,mol76,3.755300862982239
1,46,mol77,2.6308622494835365
1,46,mol79,3.1826969293352456
1,46,mol80,1.2102902127766122
1,46,mol81,3.0995174203644758
1,46,mol82,0.5014784776332998
1,46,mol83,1.2641965251536356
1,46,mol84,6.2116018067576
1,46,mol85,0.6795488851826195
1,46,mol86,2.1428357232881847
1,46,mol87,1.008050445949481
1,46,mol88,3.1290057539185763
1,46,mol89,1.0093640398785761
1,46,mol90,1.0598968122638444
1,46,mol91,0.698368039452989
1,46,mol92,3.8699728464450787
1,46,mol93,0.6230877371004825
1,46,mol94,5.915261182713932
1,46,mol95,1.9947656372205471
1,46,mol96,5.376279265355447
1,47,mol0,2.844128909251306
1,47,mol1,4.7304236594974585
1,47,mol2,4.955403973472095
1,47,mol3,1.8154291135129665
1,47,mol4,2.162928669751914
1,47,mol5,4.869460227356463
1,47,mol6,2.8699595954860104
1,47,mol7,2.9356029803808705
1,47,mol8,1.8335234681230277
1,47,mol9,0.7274497602682165
1,47,mol10,4.05097472714901
1,47,mol11,3.4365502685417377
1,47,mol12,4.377247937583994
1,47,mol13,1.8259751399126296
1,47,mol14,0.955183170066547
1,47,mol15,0.8994498711932051
1,47,mol16,3.3006976365610954
1,47,mol17,6.065380071991719
1,47,mol18,3.6679243919415785
1,47,mol19,6.039848611810543
1,47,mol20,5.626249563358276
1,47,mol21,6.499438972095976
1,47,mol22,4.718270369708233
1,47,mol23,7.194471386268615
1,47,mol24,1.4451993950936137
1,47,mol25,6.076417669544285
1,47,mol26,4.081247152843429
1,47,mol27,4.097671519289949
1,47,mol28,1.8822944531090582
1,47,mol29,6.1664918374870865
1,47,mol30,0.9392688172326606
1,47,mol31,6.188570090783217
1,47,mol32,1.6650889988858033
1,47,mol33,3.363351061842936
1,47,mol34,0.8490878165924386
1,47,mol35,4.878578794306603
1,47,mol36,2.813674891464389
1,47,mol37,4.966631994118348
1,47,mol38,6.519281156308568
1,47,mol39,5.215270525978768
1,47,mol40,1.0580483857420833
1,47,mol41,0.9183960110746859
1,47,mol42,5.6147946514918115
1,47,mol43,1.7311806229179745
1,47,mol44,2.4733818502918106
1,47,mol45,2.1316890294519304
1,47,mol46,5.043470955914972
1,47,mol47,0.781921049645543
1,47,mol48,2.5066704250858343
1,47,mol49,3.710739455802058
1,47,mol50,1.2224491640294757
1,47,mol51,6.693383442962445
1,47,mol52,2.1204683933037063
1,47,mol53,4.25536981591815
1,47,mol54,1.996004996236232
1,47,mol55,0.9031965526102603
1,47,mol56,1.3127972112693824
1,47,mol57,2.0636957976528425
1,47,mol58,2.5927722090457537
1,47,mol59,5.801148047800538
1,47,mol60,3.8174816673965952
1,47,mol61,2.321852239946879
1,47,mol62,7.471750387538666
1,47,mol63,0.9314602321718556
1,47,mol64,0.9652078689472946
1,47,mol65,3.8526051131211276
1,47,mol66,1.138380524077955
1,47,mol67,2.969348410980004
1,47,mol68,2.268814320678157
1,47,mol69,4.322730943981369
1,47,mol70,2.710530858179419
1,47,mol71,1.610023883939969
1,47,mol72,5.453582623071432
1,47,mol73,2.7714834942792828
1,47,mol74,5.891852424497649
1,47,mol75,4.547948443569457
1,47,mol76,6.006996552657273
1,47,mol77,2.0279440402296687
1,47,mol79,0.7183508641325629
1,47,mol80,1.2102902127766122
1,47,mol81,0.9669857314651249
1,47,mol82,0.8398345523340403
1,47,mol83,1.0627200188295376
1,47,mol84,6.2116018067576
1,47,mol85,6.048587786490525
1,47,mol86,2.980589588822989
1,47,mol87,1.008050445949481
1,47,mol88,5.421514760885559
1,47,mol89,1.6952855791871762
1,47,mol90,6.546030001616157
1,47,mol91,5.189614726235919
1,47,mol92,3.433030426066203
1,47,mol93,5.274867661550856
1,47,mol94,1.60148878608139
1,47,mol95,5.825728740483229
1,47,mol96,1.4908143086002603
1,48,mol0,6.246501140736269
1,48,mol1,4.7304236594974585
1,48,mol2,4.955403973472095
1,48,mol3,2.743648701915719
1,48,mol4,2.9944240725199487
1,48,mol5,5.299458660363644
1,48,mol6,4.4861682978226405
1,48,mol7,3.0830001426327702
1,48,mol8,1.8335234681230277
1,48,mol9,0.7274497602682165
1,48,mol10,0.7160701288796264
1,48,mol11,3.43663665184228
1,48,mol12,3.189744222830936
1,48,mol13,1.777346964616526
1,48,mol14,1.156494349432919
1,48,mol15,5.261343210751014
1,48,mol16,3.3001269030144886
1,48,mol17,1.5621321091014402
1,48,mol18,4.749056626847063
1,48,mol19,9.874401321274608
1,48,mol20,4.122931106791787
1,48,mol21,4.029081058362706
1,48,mol22,1.1867468411586355
1,48,mol23,1.424520216338384
1,48,mol24,1.4805438872607803
1,48,mol25,2.1781633455161256
1,48,mol26,2.994860238561813
1,48,mol27,4.027343436063034
1,48,mol28,1.8992324260619415
1,48,mol29,0.9278417151979849
1,48,mol30,0.9392688172326606
1,48,mol31,6.474883109049434
1,48,mol32,3.6946840083529398
1,48,mol33,2.362825303148754
1,48,mol34,6.473240623653217
1,48,mol35,4.933827594893141
1,48,mol36,2.3994513814620206
1,48,mol37,4.966631994118348
1,48,mol38,6.473573117683927
1,48,mol39,5.645687367160379
1,48,mol40,5.417289480727424
1,48,mol41,0.9468960936160119
1,48,mol42,0.8198255716277315
1,48,mol43,1.3608477665084775
1,48,mol44,2.1420302713162793
1,48,mol45,1.302579756154247
1,48,mol46,5.766155491449995
1,48,mol47,5.954153274714035
1,48,mol48,1.7889453160478448
1,48,mol49,3.510567785711725
1,48,mol50,3.279104604017827
1,48,mol51,6.730220360097891
1,48,mol52,2.036250068631061
1,48,mol53,1.684120229526384
1,48,mol54,2.0759613002173234
1,48,mol55,5.275089674258684
1,48,mol56,3.794836777506599
1,48,mol57,5.763642575685101
1,48,mol58,6.763737348283967
1,48,mol59,3.3303980142936536
1,48,mol60,3.3122973967543214
1,48,mol61,1.4002712053515154
1,48,mol62,1.6542500498317723
1,48,mol63,5.295056601874886
1,48,mol64,1.2932188232167914
1,48,mol65,4.511666623583012
1,48,mol66,5.275152375581203
1,48,mol67,5.529144624194882
1,48,mol68,2.2733110123467806
1,48,mol69,2.764870651976717
1,48,mol70,6.377952841871979
1,48,mol71,3.2982852927803905
1,48,mol72,5.4620425345184636
1,48,mol73,5.612197547780414
1,48,mol74,6.250917709401227
1,48,mol75,5.933250192790111
1,48,mol76,0.9065294034911051
1,48,mol77,2.7622036810774064
1,48,mol79,0.7183508641325629
1,48,mol80,2.1368458101336447
1,48,mol81,0.8877824728743282
1,48,mol82,0.5014784776332998
1,48,mol83,1.06479771812599
1,48,mol84,0.7771165898922209
1,48,mol85,0.6696494730563937
1,48,mol86,1.3263358368075562
1,48,mol87,2.4331583258023
1,48,mol88,4.0591805614283505
1,48,mol89,1.0096243088396792
1,48,mol90,6.528209230152406
1,48,mol91,3.5508720313797983
1,48,mol92,3.915300065460193
1,48,mol93,0.6170464300804276
1,48,mol94,4.795032736969698
1,48,mol95,5.825728740483229
1,48,mol96,4.23828019827511
1,49,mol0,1.7350593055865382
1,49,mol1,4.9476793804435895
1,49,mol2,0.5641161343467345
1,49,mol3,2.490163741890997
1,49,mol4,2.996740239863541
1,49,mol5,1.2305537893107703
1,49,mol6,4.504156096410662
1,49,mol7,2.8648925038159905
1,49,mol8,1.8335234681230277
1,49,mol9,6.332480170810983
1,49,mol10,4.05097472714901
1,49,mol11,3.436395043968939
1,49,mol12,4.392158166218896
1,49,mol13,2.710443584981695
1,49,mol14,7.264694117684069
1,49,mol15,0.8897930760339141
1,49,mol16,3.303210179204466
1,49,mol17,2.6444669245156276
1,49,mol18,4.749042703886051
1,49,mol19,9.277947338039588
1,49,mol20,5.626249563358276
1,49,mol21,2.967578958006004
1,49,mol22,4.669165532869159
1,49,mol23,7.171115870667587
1,49,mol24,6.182349653991638
1,49,mol25,2.441070663612588
1,49,mol26,4.035161919326805
1,49,mol27,4.030495607242365
1,49,mol28,1.156937809644328
1,49,mol29,0.9293704526210894
1,49,mol30,1.0161518300898107
1,49,mol31,3.2216076357589682
1,49,mol32,7.6946009451945905
1,49,mol33,4.318949988735688
1,49,mol34,6.473240623653217
1,49,mol35,4.875481346029731
1,49,mol36,2.3577927487982726
1,49,mol37,2.6686381430110258
1,49,mol38,1.6778090594581967
1,49,mol39,1.5555164550720768
1,49,mol40,2.081858997077921
1,49,mol41,2.035196981672911
1,49,mol42,1.5413752453059915
1,49,mol43,1.7311806229179745
1,49,mol44,5.519382876921913
1,49,mol45,5.583150577381403
1,49,mol46,5.476944467396704
1,49,mol47,0.5635973799324006
1,49,mol48,1.5348464700635915
1,49,mol49,4.140618700657037
1,49,mol50,1.2234079318556315
1,49,mol51,6.730220360097891
1,49,mol52,1.1302959289495826
1,49,mol53,7.836858932880164
1,49,mol54,2.5755987148622355
1,49,mol55,5.32060952564758
1,49,mol56,3.8823309376691904
1,49,mol57,2.397243010261997
1,49,mol58,1.15648260909659
1,49,mol59,3.3563200930400616
1,49,mol60,3.957470618853778
1,49,mol61,2.3008481733546144
1,49,mol62,5.230676504098329
1,49,mol63,0.9609466652886683
1,49,mol64,7.020494871149278
1,49,mol65,4.430006838927134
1,49,mol66,4.381843436910999
1,49,mol67,3.0409012266102953
1,49,mol68,2.270324784569065
1,49,mol69,3.417335346159067
1,49,mol70,0.6894510665325404
1,49,mol71,6.066223952203357
1,49,mol72,1.8309157663129496
1,49,mol73,1.9984640546711119
1,49,mol74,0.7237727692242837
1,49,mol75,2.967548359315826
1,49,mol76,0.6672928860384887
1,49,mol77,2.5190206815227603
1,49,mol79,3.182840799348908
1,49,mol80,6.3373876843696415
1,49,mol81,3.0995174203644758
1,49,mol82,3.7792558112753927
1,49,mol83,1.081034505267499
1,49,mol84,5.979561346071179
1,49,mol85,5.978949434006928
1,49,mol86,2.0176314856781947
1,49,mol87,6.20633912022725
1,49,mol88,2.7389006588714873
1,49,mol89,1.0092561889827574
1,49,mol90,6.528209230152406
1,49,mol91,0.682158042538531
1,49,mol92,1.68519260213671
1,49,mol93,0.6037553907626831
1,49,mol94,4.236500338821342
1,49,mol95,5.98147444765492
1,49,mol96,4.717436899708069
1,50,mol0,6.288231587753389
1,50,mol1,4.891913145692592
1,50,mol2,0.7976211949328208
1,50,mol3,1.4738164499337214
1,50,mol4,2.9803915638575154
1,50,mol5,5.320809683351925
1,50,mol6,5.123961845177356
1,50,mol7,2.3604878098660698
1,50,mol8,1.9761386585033904
1,50,mol9,0.7384642438389089
1,50,mol10,0.8310690502694642
1,50,mol11,3.436395043968939
1,50,mol12,3.700162785664526
1,50,mol13,1.777346964616526
1,50,mol14,1.1672944332017452
1,50,mol15,5.261343210751014
1,50,mol16,3.3034513079505197
1,50,mol17,3.82562909866749
1,50,mol18,4.749106972544066
1,50,mol19,9.843813965998114
1,50,mol20,3.7289968382206307
1,50,mol21,2.766725507165465
1,50,mol22,5.39229678167538
1,50,mol23,1.2637750540730326
1,50,mol24,1.4451993950936137
1,50,mol25,2.431799266952353
1,50,mol26,2.994860238561813
1,50,mol27,4.376638273378324
1,50,mol28,2.6362977367746376
1,50,mol29,2.170406675174269
1,50,mol30,6.564909477240259
1,50,mol31,2.5718237692820054
1,50,mol32,7.0394894110970405
1,50,mol33,4.318835526991044
1,50,mol34,0.8489848359742863
1,50,mol35,4.925544154710218
1,50,mol36,2.654979720234628
1,50,mol37,5.008291012411319
1,50,mol38,1.6778090594581967
1,50,mol39,5.653194685359017
1,50,mol40,2.081858997077921
1,50,mol41,3.639376908280635
1,50,mol42,5.6147946514918115
1,50,mol43,1.7311806229179745
1,50,mol44,5.539295204770029
1,50,mol45,5.608466726910052
1,50,mol46,5.188500379026476
1,50,mol47,0.781921049645543
1,50,mol48,1.7887759930559595
1,50,mol49,4.137977393467267
1,50,mol50,1.8365249409241255
1,50,mol51,2.2304966349074222
1,50,mol52,1.1961439052221094
1,50,mol53,2.0855550170921364
1,50,mol54,6.2157155481086805
1,50,mol55,0.9150073807159732
1,50,mol56,3.7947948002823555
1,50,mol57,1.3182881192099096
1,50,mol58,3.9603057006102085
1,50,mol59,3.3303980142936536
1,50,mol60,1.8777171388780483
1,50,mol61,1.4002712053515154
1,50,mol62,0.7242248603997606
1,50,mol63,0.9260618798407142
1,50,mol64,0.9652078689472946
1,50,mol65,4.593969255063707
1,50,mol66,4.175060444304968
1,50,mol67,3.567562682147664
1,50,mol68,4.9412038017355355
1,50,mol69,3.751720990029379
1,50,mol70,0.7195820028719055
1,50,mol71,2.641278752747291
1,50,mol72,5.450232218702041
1,50,mol73,0.7955995712747086
1,50,mol74,0.6210307402167123
1,50,mol75,7.322582130975251
1,50,mol76,0.6672928860384887
1,50,mol77,6.455705937033884
1,50,mol79,0.7461722482108271
1,50,mol80,1.349061029753658
1,50,mol81,6.47146506567761
1,50,mol82,3.7792558112753927
1,50,mol83,1.0627200188295376
1,50,mol84,1.9312087288239232
1,50,mol85,5.978949434006928
1,50,mol86,6.199458029295788
1,50,mol87,6.2404053416340455
1,50,mol88,4.405164885582225
1,50,mol89,1.0093640398785761
1,50,mol90,0.7387518446279348
1,50,mol91,0.7650106271849316
1,50,mol92,1.68591380947039
1,50,mol93,0.5970732236292298
1,50,mol94,4.236500338821342
1,50,mol95,5.821145838719473
1,50,mol96,4.505410613211227
1,51,mol0,2.3624347886212234
1,51,mol1,4.891913145692592
1,51,mol2,5.988720137538369
1,51,mol3,1.4738164499337214
1,51,mol4,0.737906118100694
1,51,mol5,5.320809683351925
1,51,mol6,4.572281623696083
1,51,mol7,3.738882893325224
1,51,mol8,3.8097610766017165
1,51,mol9,0.7274497602682165
1,51,mol10,3.2787556590235494
1,51,mol11,3.434843332619824
1,51,mol12,3.2820550508916413
1,51,mol13,1.61471737334726
1,51,mol14,0.955183170066547
1,51,mol15,0.91232569337352
1,51,mol16,4.264468538985837
1,51,mol17,2.6444669245156276
1,51,mol18,4.749106972544066
1,51,mol19,9.843813965998114
1,51,mol20,5.823935594479789
1,51,mol21,6.303901900342586
1,51,mol22,4.669165532869159
1,51,mol23,1.6205116937126558
1,51,mol24,6.182349653991638
1,51,mol25,2.431799266952353
1,51,mol26,4.081247152843429
1,51,mol27,4.376638273378324
1,51,mol28,1.8822944531090582
1,51,mol29,5.9996936380973365
1,51,mol30,2.7377404005437094
1,51,mol31,2.5718237692820054
1,51,mol32,7.6946009451945905
1,51,mol33,3.5136963575699025
1,51,mol34,4.276611112985876
1,51,mol35,4.926708796791941
1,51,mol36,2.3994513814620206
1,51,mol37,5.00547448550085
1,51,mol38,6.519281156308568
1,51,mol39,5.645687367160379
1,51,mol40,2.1355730815337197
1,51,mol41,2.035196981672911
1,51,mol42,0.6029790731290589
1,51,mol43,6.2326153150851
1,51,mol44,2.144387075668504
1,51,mol45,5.619538853322397
1,51,mol46,5.766155491449995
1,51,mol47,5.954153274714035
1,51,mol48,4.712276896929269
1,51,mol49,4.156302908882438
1,51,mol50,3.5635861475995836
1,51,mol51,3.458911860996585
1,51,mol52,1.0452088843862741
1,51,mol53,7.767341697321842
1,51,mol54,6.237814998859776
1,51,mol55,0.9150073807159732
1,51,mol56,1.3126921578382347
1,51,mol57,5.763642575685101
1,51,mol58,6.763737348283967
1,51,mol59,1.2086721043497834
1,51,mol60,1.8777171388780483
1,51,mol61,6.2553762211435995
1,51,mol62,1.4717146644931582
1,51,mol63,0.9199596982860655
1,51,mol64,0.9848986113921688
1,51,mol65,4.511666623583012
1,51,mol66,5.274569505997622
1,51,mol67,5.708770887300015
1,51,mol68,2.266916160526706
1,51,mol69,2.764870651976717
1,51,mol70,1.0680384190521561
1,51,mol71,6.115332386574398
1,51,mol72,5.0028573895325055
1,51,mol73,0.7955995712747086
1,51,mol74,6.250917709401227
1,51,mol75,2.954205124654784
1,51,mol76,5.956024641410654
1,51,mol77,2.4671129710901387
1,51,mol79,0.8496433334052589
1,51,mol80,2.1368458101336447
1,51,mol81,0.8877824728743282
1,51,mol82,3.802006948194288
1,51,mol83,1.0437319586842912
1,51,mol84,1.7367404773639283
1,51,mol85,0.9797823973599804
1,51,mol86,6.199458029295788
1,51,mol87,2.0158673271141416
1,51,mol88,2.7107213989084165
1,51,mol89,1.0096243088396792
1,51,mol90,0.8610163725641515
1,51,mol91,3.543809191973751
1,51,mol92,3.915416062608587
1,51,mol93,0.6037553907626831
1,51,mol94,5.462416277390436
1,51,mol95,5.821145838719473
1,51,mol96,1.4795210106345538
1,52,mol0,1.3937788601408798
1,52,mol1,2.555518502835253
1,52,mol2,5.416418675432666
1,52,mol3,2.0103709843613213
1,52,mol4,2.164215476895677
1,52,mol5,1.1003301070661158
1,52,mol6,4.4402947345556045
1,52,mol7,2.3604878098660698
1,52,mol8,1.9761386585033904
1,52,mol9,0.7384642438389089
1,52,mol10,5.004484259457501
1,52,mol11,3.434843332619824
1,52,mol12,3.7072572822887997
1,52,mol13,1.8259751399126296
1,52,mol14,0.46788438367452123
1,52,mol15,0.91232569337352
1,52,mol16,3.303731375278565
1,52,mol17,3.8792352722816763
1,52,mol18,3.6679243919415785
1,52,mol19,9.844604670592739
1,52,mol20,5.82353538000433
1,52,mol21,2.967578958006004
1,52,mol22,2.8044141066658943
1,52,mol23,1.3066917555621351
1,52,mol24,3.3264289255659896
1,52,mol25,6.076417669544285
1,52,mol26,4.008615250469456
1,52,mol27,4.3560027116612305
1,52,mol28,6.370192582766902
1,52,mol29,6.1664918374870865
1,52,mol30,0.9377236995334325
1,52,mol31,3.2216076357589682
1,52,mol32,1.2408813232622418
1,52,mol33,4.31920971535303
1,52,mol34,4.099264309639684
1,52,mol35,4.855097033082362
1,52,mol36,1.1267373254540867
1,52,mol37,5.015749730432464
1,52,mol38,6.473573117683927
1,52,mol39,1.5794454548534251
1,52,mol40,2.1355730815337197
1,52,mol41,0.9183960110746859
1,52,mol42,0.8591382092722791
1,52,mol43,1.868803511831389
1,52,mol44,2.4733818502918106
1,52,mol45,5.55804951281087
1,52,mol46,4.9027087130751665
1,52,mol47,5.954153274714035
1,52,mol48,1.621191431662294
1,52,mol49,3.5767284344022454
1,52,mol50,3.117784662880185
1,52,mol51,2.1086870639266104
1,52,mol52,0.716681314811542
1,52,mol53,1.7088445158405086
1,52,mol54,3.0598966935176097
1,52,mol55,0.9150073807159732
1,52,mol56,2.1320269544692283
1,52,mol57,2.4927549458881835
1,52,mol58,1.1385883525539107
1,52,mol59,3.3563200930400616
1,52,mol60,3.1616108881679006
1,52,mol61,1.4221715754436945
1,52,mol62,1.4717146644931582
1,52,mol63,5.2929118978342435
1,52,mol64,0.842472734309874
1,52,mol65,3.8526051131211276
1,52,mol66,4.175060444304968
1,52,mol67,2.819742836631887
1,52,mol68,4.9412038017355355
1,52,mol69,2.7665172882065896
1,52,mol70,6.377952841871979
1,52,mol71,3.872464235526078
1,52,mol72,5.455360105641261
1,52,mol73,0.7955995712747086
1,52,mol74,5.891852424497649
1,52,mol75,5.113163821916533
1,52,mol76,6.2054761692126945
1,52,mol77,2.652065261549035
1,52,mol79,3.1277752163478754
1,52,mol80,5.310442365135749
1,52,mol81,0.887150458651583
1,52,mol82,3.802006948194288
1,52,mol83,1.081034505267499
1,52,mol84,1.711286541924359
1,52,mol85,5.978949434006928
1,52,mol86,2.1428357232881847
1,52,mol87,0.6696666700287305
1,52,mol88,3.1290057539185763
1,52,mol89,1.0093640398785761
1,52,mol90,0.8918734938978998
1,52,mol91,3.5611372135630392
1,52,mol92,3.915300065460193
1,52,mol93,0.9456791887976594
1,52,mol94,1.60148878608139
1,52,mol95,1.9914711013308475
1,52,mol96,4.717436899708069
1,53,mol0,6.246501140736269
1,53,mol1,4.946098221662539
1,53,mol2,5.331637750629668
1,53,mol3,2.215913930445598
1,53,mol4,2.997400026254639
1,53,mol5,4.869228654818258
1,53,mol6,4.504156096410662
1,53,mol7,1.1180614593313307
1,53,mol8,1.8268306572485467
1,53,mol9,0.7111466029287796
1,53,mol10,0.8861188989960065
1,53,mol11,3.4366217545619673
1,53,mol12,3.054500770516081
1,53,mol13,1.777346964616526
1,53,mol14,1.381774308535851
1,53,mol15,0.8897930760339141
1,53,mol16,3.303210179204466
1,53,mol17,2.6444669245156276
1,53,mol18,4.749042703886051
1,53,mol19,9.844604670592739
1,53,mol20,6.0733297281661764
1,53,mol21,6.499438972095976
1,53,mol22,5.39229678167538
1,53,mol23,1.5502803123166975
1,53,mol24,1.429692435455962
1,53,mol25,1.5890632176694544
1,53,mol26,3.7346309595559877
1,53,mol27,4.104185230712669
1,53,mol28,5.733617301226432
1,53,mol29,2.170406675174269
1,53,mol30,0.9392688172326606
1,53,mol31,1.1523195050450707
1,53,mol32,1.2408813232622418
1,53,mol33,3.5136963575699025
1,53,mol34,0.8490878165924386
1,53,mol35,4.878578794306603
1,53,mol36,1.116485959479243
1,53,mol37,3.1900571340233603
1,53,mol38,2.3760566502084917
1,53,mol39,4.524173927028006
1,53,mol40,5.417289480727424
1,53,mol41,1.4972592615561904
1,53,mol42,6.313702805844309
1,53,mol43,1.868803511831389
1,53,mol44,5.5116491212863385
1,53,mol45,2.192766904034392
1,53,mol46,1.9156128616684203
1,53,mol47,5.9059053538886745
1,53,mol48,3.2923620325434038
1,53,mol49,3.698999635192446
1,53,mol50,3.5635861475995836
1,53,mol51,2.480856682920333
1,53,mol52,6.511409947315558
1,53,mol53,1.7088445158405086
1,53,mol54,2.142720462402877
1,53,mol55,5.32060952564758
1,53,mol56,3.794836777506599
1,53,mol57,2.397243010261997
1,53,mol58,1.1385883525539107
1,53,mol59,2.3971307641173394
1,53,mol60,3.1714034588949587
1,53,mol61,2.3008481733546144
1,53,mol62,7.48810007777252
1,53,mol63,5.250632392668638
1,53,mol64,1.0166956838755201
1,53,mol65,3.717498059495518
1,53,mol66,4.479335107981987
1,53,mol67,2.819742836631887
1,53,mol68,2.2733110123467806
1,53,mol69,3.7458300957125568
1,53,mol70,0.6894510665325404
1,53,mol71,1.5824495653439141
1,53,mol72,5.02997329725627
1,53,mol73,5.610413557868306
1,53,mol74,5.891852424497649
1,53,mol75,5.944230423142648
1,53,mol76,3.755300862982239
1,53,mol77,4.353766650669837
1,53,mol79,0.8537087231603058
1,53,mol80,2.1317736396182942
1,53,mol81,4.035207827432365
1,53,mol82,0.4898612756809469
1,53,mol83,1.2951594908898694
1,53,mol84,6.260720881815447
1,53,mol85,0.6795488851826195
1,53,mol86,0.8470199625746732
1,53,mol87,2.0158673271141416
1,53,mol88,3.2858270322452054
1,53,mol89,1.0093784052574137
1,53,mol90,0.8610163725641515
1,53,mol91,3.543809191973751
1,53,mol92,3.8699728464450787
1,53,mol93,0.5970732236292298
1,53,mol94,4.046357835380411
1,53,mol95,5.840917189018721
1,53,mol96,4.242730791172548
1,54,mol0,2.236312722743051
1,54,mol1,4.953765445766147
1,54,mol2,5.331637750629668
1,54,mol3,2.9508005071263534
1,54,mol4,2.9803915638575154
1,54,mol5,5.299458660363644
1,54,mol6,4.572281623696083
1,54,mol7,2.3607375175656666
1,54,mol8,1.8324610781391069
1,54,mol9,0.9280524304770102
1,54,mol10,0.8310690502694642
1,54,mol11,3.4365502685417377
1,54,mol12,3.0470047271186393
1,54,mol13,6.432601395359342
1,54,mol14,7.68930460650517
1,54,mol15,1.6114802911249677
1,54,mol16,3.3035154814227834
1,54,mol17,6.143844891131751
1,54,mol18,4.749056626847063
1,54,mol19,9.844604670592739
1,54,mol20,6.0733297281661764
1,54,mol21,0.6453295131724788
1,54,mol22,2.8044141066658943
1,54,mol23,1.4715461342190854
1,54,mol24,1.4473536729966323
1,54,mol25,1.5890632176694544
1,54,mol26,4.152536605007345
1,54,mol27,4.097671519289949
1,54,mol28,1.901184058314645
1,54,mol29,2.170406675174269
1,54,mol30,1.2637813155723356
1,54,mol31,1.1201254362466864
1,54,mol32,1.686719545995156
1,54,mol33,3.3634863420564085
1,54,mol34,4.268528190673154
1,54,mol35,4.878578794306603
1,54,mol36,1.1049375421262506
1,54,mol37,5.016350419544738
1,54,mol38,2.4968743811013003
1,54,mol39,5.215270525978768
1,54,mol40,2.1324860028346526
1,54,mol41,1.535435013449386
1,54,mol42,1.6145177476164272
1,54,mol43,6.190550551198531
1,54,mol44,2.1465107529772727
1,54,mol45,5.517327446560647
1,54,mol46,5.0065496148860635
1,54,mol47,0.5898612630924069
1,54,mol48,1.7889453160478448
1,54,mol49,4.140618700657037
1,54,mol50,1.8365249409241255
1,54,mol51,2.282326194342288
1,54,mol52,0.7324168771949484
1,54,mol53,4.25536981591815
1,54,mol54,1.9963506417961754
1,54,mol55,5.241728023977679
1,54,mol56,2.127283541965355
1,54,mol57,2.4877129607834583
1,54,mol58,6.389125966783608
1,54,mol59,2.355708689132754
1,54,mol60,1.8777171388780483
1,54,mol61,1.2234124565249807
1,54,mol62,1.9603426260679402
1,54,mol63,0.9048494346640025
1,54,mol64,1.298173686055401
1,54,mol65,4.593969255063707
1,54,mol66,5.274569505997622
1,54,mol67,6.022053628691969
1,54,mol68,5.880064897017962
1,54,mol69,5.391675558448187
1,54,mol70,6.534253121731446
1,54,mol71,3.872464235526078
1,54,mol72,5.0028573895325055
1,54,mol73,5.6122486260243765
1,54,mol74,0.8406687101909514
1,54,mol75,2.9122349922772197
1,54,mol76,1.715205776682097
1,54,mol77,2.500949519076644
1,54,mol79,3.182840799348908
1,54,mol80,6.3373876843696415
1,54,mol81,3.0995174203644758
1,54,mol82,0.4933917713136287
1,54,mol83,1.236148701453536
1,54,mol84,6.2116018067576
1,54,mol85,0.9797823973599804
1,54,mol86,2.980589588822989
1,54,mol87,1.846191792083882
1,54,mol88,4.405164885582225
1,54,mol89,1.0097944419534106
1,54,mol90,3.9573891994819608
1,54,mol91,3.5508720313797983
1,54,mol92,3.8922115177478336
1,54,mol93,5.275819170102876
1,54,mol94,4.971551371861259
1,54,mol95,2.039194733913491
1,54,mol96,4.23828019827511
1,55,mol0,2.3624347886212234
1,55,mol1,4.713718823993076
1,55,mol2,0.5531764371392374
1,55,mol3,2.1522867284422333
1,55,mol4,0.7876727056997399
1,55,mol5,5.320441844615491
1,55,mol6,4.508463153614544
1,55,mol7,3.8796240926829904
1,55,mol8,1.8324610781391069
1,55,mol9,2.3709061292498035
1,55,mol10,0.8861188989960065
1,55,mol11,4.121977980247209
1,55,mol12,3.2820550508916413
1,55,mol13,1.8259751399126296
1,55,mol14,0.9652059333550449
1,55,mol15,1.6114802911249677
1,55,mol16,3.4918119456809245
1,55,mol17,1.7207249470582366
1,55,mol18,4.749019371056162
1,55,mol19,9.277947338039588
1,55,mol20,5.828678191726038
1,55,mol21,0.6453295131724788
1,55,mol22,5.39229678167538
1,55,mol23,7.171115870667587
1,55,mol24,6.177740616370835
1,55,mol25,6.125402263912958
1,55,mol26,4.083948175524559
1,55,mol27,3.8186768776632567
1,55,mol28,5.837879355312122
1,55,mol29,0.9159442219329231
1,55,mol30,6.564909477240259
1,55,mol31,6.188570090783217
1,55,mol32,7.0622125365251245
1,55,mol33,3.3635170719352687
1,55,mol34,0.8489848359742863
1,55,mol35,4.937849867783973
1,55,mol36,3.9929023043395393
1,55,mol37,5.008291012411319
1,55,mol38,6.256081529599817
1,55,mol39,1.711709091355354
1,55,mol40,1.0580483857420833
1,55,mol41,0.9559154865198184
1,55,mol42,0.8640598812704201
1,55,mol43,5.537098779971933
1,55,mol44,5.539295204770029
1,55,mol45,5.608466726910052
1,55,mol46,5.0065496148860635
1,55,mol47,0.5898612630924069
1,55,mol48,1.7891046686088814
1,55,mol49,3.548861012461496
1,55,mol50,3.5635861475995836
1,55,mol51,2.480856682920333
1,55,mol52,1.1302959289495826
1,55,mol53,1.7351765006503201
1,55,mol54,1.0783424363345815
1,55,mol55,5.206396413321508
1,55,mol56,1.3129791447632875
1,55,mol57,2.4876082499561702
1,55,mol58,3.9517602395460605
1,55,mol59,2.4739924683820504
1,55,mol60,1.4838913581281052
1,55,mol61,1.4312800273982964
1,55,mol62,5.881366085581782
1,55,mol63,5.295056601874886
1,55,mol64,0.9764985448302295
1,55,mol65,4.5529514944251535
1,55,mol66,4.479571912761307
1,55,mol67,5.529144624194882
1,55,mol68,6.24668586271381
1,55,mol69,5.41160353394894
1,55,mol70,6.377952841871979
1,55,mol71,1.3616361559325814
1,55,mol72,5.483431412901963
1,55,mol73,5.612197547780414
1,55,mol74,3.59697143494684
1,55,mol75,5.944230423142648
1,55,mol76,6.028061191048936
1,55,mol77,2.500949519076644
1,55,mol79,2.8138451066112364
1,55,mol80,2.1317736396182942
1,55,mol81,4.035207827432365
1,55,mol82,0.4933917713136287
1,55,mol83,1.1494045536253705
1,55,mol84,6.232437760161406
1,55,mol85,0.9797823973599804
1,55,mol86,6.138402085803763
1,55,mol87,1.0295327179688953
1,55,mol88,4.040313803441236
1,55,mol89,3.9625373064489873
1,55,mol90,0.8918734938978998
1,55,mol91,3.5726522773704135
1,55,mol92,3.433030426066203
1,55,mol93,0.5330007651260927
1,55,mol94,4.133402850725886
1,55,mol95,5.922682185939157
1,55,mol96,1.6712050614071055
1,56,mol0,1.757405576341471
1,56,mol1,2.555518502835253
1,56,mol2,4.955403973472095
1,56,mol3,2.215913930445598
1,56,mol4,2.162928669751914
1,56,mol5,5.319741065976075
1,56,mol6,3.734391490182094
1,56,mol7,1.1178063552756965
1,56,mol8,2.7860939867302994
1,56,mol9,2.8753572497542437
1,56,mol10,0.7060482635955675
1,56,mol11,3.4366129658117917
1,56,mol12,3.054500770516081
1,56,mol13,6.4318430894548735
1,56,mol14,0.9652059333550449
1,56,mol15,1.522727627871843
1,56,mol16,3.49043894775428
1,56,mol17,1.7207249470582366
1,56,mol18,4.749019371056162
1,56,mol19,9.844396283516987
1,56,mol20,5.999134879792747
1,56,mol21,0.6542435614618501
1,56,mol22,1.1246751004919895
1,56,mol23,7.171115870667587
1,56,mol24,1.429692435455962
1,56,mol25,2.4520113630956115
1,56,mol26,4.035161919326805
1,56,mol27,4.098727706984206
1,56,mol28,2.6362977367746376
1,56,mol29,0.8983953713890858
1,56,mol30,1.2637813155723356
1,56,mol31,1.1201254362466864
1,56,mol32,1.686719545995156
1,56,mol33,3.5140036250977316
1,56,mol34,0.8488174195398476
1,56,mol35,4.933827594893141
1,56,mol36,2.813674891464389
1,56,mol37,2.6686381430110258
1,56,mol38,6.477655233570246
1,56,mol39,1.5556970295382981
1,56,mol40,5.402255370623326
1,56,mol41,4.464038995007479
1,56,mol42,2.615124995402504
1,56,mol43,1.868803511831389
1,56,mol44,2.043621718981797
1,56,mol45,5.561579903331684
1,56,mol46,2.186147088757801
1,56,mol47,5.922800012023388
1,56,mol48,1.5353225102486419
1,56,mol49,3.7122402433343087
1,56,mol50,3.279104604017827
1,56,mol51,2.1253516908412844
1,56,mol52,2.0886564897081565
1,56,mol53,3.8666364467242538
1,56,mol54,6.237814998859776
1,56,mol55,5.3513823168301435
1,56,mol56,3.794836777506599
1,56,mol57,5.576974061733657
1,56,mol58,1.1385883525539107
1,56,mol59,3.3620884622590697
1,56,mol60,1.8777171388780483
1,56,mol61,1.4221715754436945
1,56,mol62,7.471750387538666
1,56,mol63,5.250632392668638
1,56,mol64,0.9652078689472946
1,56,mol65,4.5529514944251535
1,56,mol66,0.9779762336580577
1,56,mol67,2.290341467646485
1,56,mol68,2.225482995794717
1,56,mol69,3.7458300957125568
1,56,mol70,6.534253121731446
1,56,mol71,1.5289272947303378
1,56,mol72,1.6603105228306607
1,56,mol73,5.6122486260243765
1,56,mol74,0.7267165870827338
1,56,mol75,5.113163821916533
1,56,mol76,6.006996552657273
1,56,mol77,4.353766650669837
1,56,mol79,0.8537087231603058
1,56,mol80,6.336048701043892
1,56,mol81,4.035207827432365
1,56,mol82,0.5014784776332998
1,56,mol83,1.1494045536253705
1,56,mol84,0.7771165898922209
1,56,mol85,6.048587786490525
1,56,mol86,1.3715259246547258
1,56,mol87,0.6696666700287305
1,56,mol88,3.2858270322452054
1,56,mol89,1.0093784052574137
1,56,mol90,1.0598968122638444
1,56,mol91,0.6332400072363605
1,56,mol92,1.6851645844446965
1,56,mol93,0.5330007651260927
1,56,mol94,5.462416277390436
1,56,mol95,5.98147444765492
1,56,mol96,4.243022766099231
1,57,mol0,6.279544125037476
1,57,mol1,4.7304236594974585
1,57,mol2,0.5641161343467345
1,57,mol3,1.4738164499337214
1,57,mol4,2.9803915638575154
1,57,mol5,5.319741065976075
1,57,mol6,4.508463153614544
1,57,mol7,3.738882893325224
1,57,mol8,1.8335234681230277
1,57,mol9,2.3395685742705394
1,57,mol10,0.8310690502694642
1,57,mol11,3.436382837426171
1,57,mol12,4.377247937583994
1,57,mol13,1.777346964616526
1,57,mol14,0.9652059333550449
1,57,mol15,0.997988348866701
1,57,mol16,3.491862318018854
1,57,mol17,1.2418680861623634
1,57,mol18,3.6679243919415785
1,57,mol19,9.846592808200857
1,57,mol20,5.999134879792747
1,57,mol21,1.0461705777330417
1,57,mol22,2.308420895691829
1,57,mol23,1.4418949630935656
1,57,mol24,1.4473536729966323
1,57,mol25,2.1781633455161256
1,57,mol26,4.176407604406944
1,57,mol27,4.376638273378324
1,57,mol28,1.9104289887419632
1,57,mol29,2.2804019724938516
1,57,mol30,0.9367880712908443
1,57,mol31,1.1523195050450707
1,57,mol32,7.0394894110970405
1,57,mol33,4.318951519663077
1,57,mol34,6.473240623653217
1,57,mol35,4.9216904380900575
1,57,mol36,3.966321721047996
1,57,mol37,5.022192453334832
1,57,mol38,6.477655233570246
1,57,mol39,1.7123761925631709
1,57,mol40,5.424000750447695
1,57,mol41,0.9468960936160119
1,57,mol42,5.571699517675299
1,57,mol43,6.184249302708903
1,57,mol44,2.1420302713162793
1,57,mol45,5.608505536466148
1,57,mol46,1.8389542835106325
1,57,mol47,5.299805336676685
1,57,mol48,1.5348464700635915
1,57,mol49,3.4474649160372453
1,57,mol50,4.5574525464541935
1,57,mol51,6.693383442962445
1,57,mol52,2.036250068631061
1,57,mol53,1.7675287376473094
1,57,mol54,6.319223538932612
1,57,mol55,5.3513823168301435
1,57,mol56,1.3149858844299436
1,57,mol57,2.696636664485967
1,57,mol58,6.389125966783608
1,57,mol59,1.1856202058416516
1,57,mol60,3.316991422824441
1,57,mol61,1.8248897794313965
1,57,mol62,7.349218005016802
1,57,mol63,5.326231051790639
1,57,mol64,0.9941040003999135
1,57,mol65,4.038132442398706
1,57,mol66,1.138380524077955
1,57,mol67,3.567562682147664
1,57,mol68,2.225482995794717
1,57,mol69,3.417335346159067
1,57,mol70,0.935572800252032
1,57,mol71,1.5824495653439141
1,57,mol72,1.9998699732732623
1,57,mol73,1.5273854671668512
1,57,mol74,3.59697143494684
1,57,mol75,2.967548359315826
1,57,mol76,2.8923131293450606
1,57,mol77,2.0279440402296687
1,57,mol79,3.7470174090868595
1,57,mol80,6.324863841267369
1,57,mol81,6.336389226793804
1,57,mol82,0.8690063250294421
1,57,mol83,1.236148701453536
1,57,mol84,5.682134893053591
1,57,mol85,0.871616773081867
1,57,mol86,1.3214984059770942
1,57,mol87,6.06300094807149
1,57,mol88,3.0603225006615813
1,57,mol89,1.0092561889827574
1,57,mol90,0.7864395565944469
1,57,mol91,3.543809191973751
1,57,mol92,1.5994250363918396
1,57,mol93,2.659008820853176
1,57,mol94,5.34431625849681
1,57,mol95,5.9936606180068415
1,57,mol96,4.242730791172548
1,58,mol0,1.8969379970452767
1,58,mol1,4.774320008650446
1,58,mol2,5.331637750629668
1,58,mol3,2.54374241817052
1,58,mol4,2.9967076390453986
1,58,mol5,5.102917006651608
1,58,mol6,3.734391490182094
1,58,mol7,3.8796240926829904
1,58,mol8,2.7860939867302994
1,58,mol9,0.9280524304770102
1,58,mol10,0.8539922919657074
1,58,mol11,4.121977980247209
1,58,mol12,3.054500770516081
1,58,mol13,1.2596284293393827
1,58,mol14,7.68930460650517
1,58,mol15,1.1571541917225432
1,58,mol16,3.303731375278565
1,58,mol17,2.6444669245156276
1,58,mol18,4.749042703886051
1,58,mol19,6.039848611810543
1,58,mol20,5.999134879792747
1,58,mol21,4.029081058362706
1,58,mol22,1.117198862483011
1,58,mol23,1.3388274471503947
1,58,mol24,6.2016195568916554
1,58,mol25,2.63358011170156
1,58,mol26,4.001052172311123
1,58,mol27,4.027343436063034
1,58,mol28,1.901184058314645
1,58,mol29,6.404443371177185
1,58,mol30,1.2637813155723356
1,58,mol31,1.1940543713362959
1,58,mol32,7.0394894110970405
1,58,mol33,3.36320135662437
1,58,mol34,0.8328923169979933
1,58,mol35,4.881296559713512
1,58,mol36,1.1267373254540867
1,58,mol37,5.019377616630705
1,58,mol38,6.473573117683927
1,58,mol39,5.660506220345617
1,58,mol40,5.402255370623326
1,58,mol41,0.9468960936160119
1,58,mol42,0.8198255716277315
1,58,mol43,3.704549057015352
1,58,mol44,2.140598734480338
1,58,mol45,5.608466726910052
1,58,mol46,1.9156128616684203
1,58,mol47,0.5635973799324006
1,58,mol48,3.7515679199629632
1,58,mol49,3.5767284344022454
1,58,mol50,3.111102745812166
1,58,mol51,6.693383442962445
1,58,mol52,6.46389339307201
1,58,mol53,1.7675287376473094
1,58,mol54,2.119447192076274
1,58,mol55,5.203729120515969
1,58,mol56,2.12782492064471
1,58,mol57,2.4927549458881835
1,58,mol58,6.389125966783608
1,58,mol59,2.4739924683820504
1,58,mol60,1.8777171388780483
1,58,mol61,2.298936415749364
1,58,mol62,7.39900955647728
1,58,mol63,5.326231051790639
1,58,mol64,7.020494871149278
1,58,mol65,4.593969255063707
1,58,mol66,4.174279840355699
1,58,mol67,3.0409012266102953
1,58,mol68,2.2889166642759196
1,58,mol69,3.0075876987056267
1,58,mol70,6.377952841871979
1,58,mol71,1.3643895981091951
1,58,mol72,5.483431412901963
1,58,mol73,5.612906113619975
1,58,mol74,0.6210307402167123
1,58,mol75,7.322582130975251
1,58,mol76,0.844405203248255
1,58,mol77,2.6308622494835365
1,58,mol79,0.7183508641325629
1,58,mol80,6.325719189309623
1,58,mol81,0.8703132961345424
1,58,mol82,0.8398345523340403
1,58,mol83,1.1494045536253705
1,58,mol84,6.258496923611703
1,58,mol85,6.048587786490525
1,58,mol86,6.187483721352323
1,58,mol87,6.264382059792698
1,58,mol88,3.1290471867558094
1,58,mol89,1.009374506811025
1,58,mol90,0.7387518446279348
1,58,mol91,3.5508720313797983
1,58,mol92,3.915300065460193
1,58,mol93,5.275819170102876
1,58,mol94,4.046357835380411
1,58,mol95,2.039194733913491
1,58,mol96,4.505410613211227
1,59,mol0,2.3624347886212234
1,59,mol1,4.773255338340911
1,59,mol2,4.954368379857652
1,59,mol3,2.91101621505029
1,59,mol4,2.9967076390453986
1,59,mol5,4.870154868306585
1,59,mol6,5.494793845263391
1,59,mol7,3.738882893325224
1,59,mol8,4.319857762369644
1,59,mol9,2.668887902051018
1,59,mol10,0.8748567630129368
1,59,mol11,3.4356090058490985
1,59,mol12,3.570985865100841
1,59,mol13,6.4318430894548735
1,59,mol14,0.8063614954543351
1,59,mol15,1.6114802911249677
1,59,mol16,3.2982063416347986
1,59,mol17,1.5928291937842642
1,59,mol18,3.8747322815045346
1,59,mol19,9.842897735058537
1,59,mol20,5.82353538000433
1,59,mol21,1.0529534126175086
1,59,mol22,4.669165532869159
1,59,mol23,1.5844676873203072
1,59,mol24,2.958762854373607
1,59,mol25,2.431799266952353
1,59,mol26,3.7346309595559877
1,59,mol27,3.8186768776632567
1,59,mol28,2.323387148992299
1,59,mol29,6.1664918374870865
1,59,mol30,1.2637813155723356
1,59,mol31,5.791530130411428
1,59,mol32,7.6946009451945905
1,59,mol33,4.318949988735688
1,59,mol34,1.003223712552974
1,59,mol35,4.875481346029731
1,59,mol36,1.116485959479243
1,59,mol37,5.019377616630705
1,59,mol38,2.3760566502084917
1,59,mol39,1.5555164550720768
1,59,mol40,5.417289480727424
1,59,mol41,4.6726084056023
1,59,mol42,0.8591382092722791
1,59,mol43,5.537098779971933
1,59,mol44,2.1465107529772727
1,59,mol45,5.517327446560647
1,59,mol46,1.9156128616684203
1,59,mol47,5.299805336676685
1,59,mol48,1.7886227958164589
1,59,mol49,3.7122402433343087
1,59,mol50,1.2224491640294757
1,59,mol51,2.282326194342288
1,59,mol52,6.463761680476778
1,59,mol53,4.25536981591815
1,59,mol54,1.2991254616086931
1,59,mol55,5.203729120515969
1,59,mol56,1.3129791447632875
1,59,mol57,2.4877129607834583
1,59,mol58,6.763737348283967
1,59,mol59,5.901616541277295
1,59,mol60,3.8174816673965952
1,59,mol61,2.298936415749364
1,59,mol62,2.01770786081111
1,59,mol63,5.2929118978342435
1,59,mol64,0.9652078689472946
1,59,mol65,3.627603561419513
1,59,mol66,2.2601840902015042
1,59,mol67,2.3926014946299063
1,59,mol68,6.24668586271381
1,59,mol69,3.7458300957125568
1,59,mol70,2.710530858179419
1,59,mol71,1.3616361559325814
1,59,mol72,5.456058174583958
1,59,mol73,5.6122486260243765
1,59,mol74,2.3235925779984345
1,59,mol75,5.113163821916533
1,59,mol76,0.6293934371979726
1,59,mol77,4.353766650669837
1,59,mol79,1.7579701544679305
1,59,mol80,6.043941504798715
1,59,mol81,0.9669857314651249
1,59,mol82,0.5772187158108727
1,59,mol83,1.2641965251536356
1,59,mol84,5.712731465770117
1,59,mol85,0.6795488851826195
1,59,mol86,3.308088878340484
1,59,mol87,1.846191792083882
1,59,mol88,4.0591805614283505
1,59,mol89,3.9625373064489873
1,59,mol90,6.578268262620489
1,59,mol91,5.189614726235919
1,59,mol92,4.156983757262969
1,59,mol93,0.6037553907626831
1,59,mol94,1.4900457780998992
1,59,mol95,1.9947656372205471
1,59,mol96,4.23828019827511
1,60,mol0,1.8969379970452767
1,60,mol1,4.7304236594974585
1,60,mol2,4.955403973472095
1,60,mol3,2.215913930445598
1,60,mol4,0.7226275515511914
1,60,mol5,5.319741065976075
1,60,mol6,4.709341816686159
1,60,mol7,2.8642457637680394
1,60,mol8,3.8836712443863846
1,60,mol9,2.9932364165135468
1,60,mol10,5.004484259457501
1,60,mol11,3.4356090058490985
1,60,mol12,4.377859752826335
1,60,mol13,1.2596284293393827
1,60,mol14,0.9652059333550449
1,60,mol15,0.997988348866701
1,60,mol16,3.49043894775428
1,60,mol17,1.260757047174435
1,60,mol18,4.740806245074073
1,60,mol19,3.990848453232304
1,60,mol20,5.829322027984554
1,60,mol21,1.047454412509544
1,60,mol22,3.7489721922592776
1,60,mol23,1.424520216338384
1,60,mol24,1.5961537575981635
1,60,mol25,6.096334743905555
1,60,mol26,4.001052172311123
1,60,mol27,4.3560027116612305
1,60,mol28,5.85178671316806
1,60,mol29,1.5467447114206312
1,60,mol30,6.524646858171418
1,60,mol31,2.5718237692820054
1,60,mol32,1.686719545995156
1,60,mol33,3.5140036250977316
1,60,mol34,1.003223712552974
1,60,mol35,2.550159996372144
1,60,mol36,1.116485959479243
1,60,mol37,5.008291012411319
1,60,mol38,2.3760566502084917
1,60,mol39,1.7123761925631709
1,60,mol40,1.6542825266561936
1,60,mol41,3.639376908280635
1,60,mol42,5.6147946514918115
1,60,mol43,6.190550551198531
1,60,mol44,5.523456668742011
1,60,mol45,1.9915887135651273
1,60,mol46,2.1543032000845974
1,60,mol47,5.953565864558515
1,60,mol48,1.7886227958164589
1,60,mol49,3.533742250569718
1,60,mol50,3.111102745812166
1,60,mol51,1.9728320615539576
1,60,mol52,6.511409947315558
1,60,mol53,3.9264148489024717
1,60,mol54,2.119447192076274
1,60,mol55,0.8843051714066082
1,60,mol56,3.8823309376691904
1,60,mol57,5.763642575685101
1,60,mol58,3.9507794590073337
1,60,mol59,5.901616541277295
1,60,mol60,1.8779035866915774
1,60,mol61,2.7860353935997013
1,60,mol62,1.6542500498317723
1,60,mol63,5.2929118978342435
1,60,mol64,6.9491620923556905
1,60,mol65,3.6713925566065373
1,60,mol66,4.479335107981987
1,60,mol67,5.708770887300015
1,60,mol68,3.0052905472088476
1,60,mol69,4.322730943981369
1,60,mol70,6.534253121731446
1,60,mol71,6.115332386574398
1,60,mol72,1.6603105228306607
1,60,mol73,0.8419783639218412
1,60,mol74,5.891852424497649
1,60,mol75,6.371958992449922
1,60,mol76,1.142523138947436
1,60,mol77,5.266589644622836
1,60,mol79,0.8496433334052589
1,60,mol80,6.324863841267369
1,60,mol81,0.8863464748215404
1,60,mol82,0.6478580218462897
1,60,mol83,1.0437319586842912
1,60,mol84,5.712731465770117
1,60,mol85,6.0297705116071425
1,60,mol86,6.209752000845121
1,60,mol87,0.6509780467638071
1,60,mol88,2.7107213989084165
1,60,mol89,3.4043925941348188
1,60,mol90,3.9097853190274203
1,60,mol91,0.6818953393472705
1,60,mol92,3.8922115177478336
1,60,mol93,0.9456791887976594
1,60,mol94,4.795032736969698
1,60,mol95,1.9947656372205471
1,60,mol96,4.23828019827511
1,61,mol0,1.768045246565381
1,61,mol1,4.941402551064492
1,61,mol2,4.955403973472095
1,61,mol3,2.5400568196681856
1,61,mol4,2.9967076390453986
1,61,mol5,5.102917006651608
1,61,mol6,3.7532280131389717
1,61,mol7,2.8642457637680394
1,61,mol8,2.7860939867302994
1,61,mol9,0.9280524304770102
1,61,mol10,5.004484259457501
1,61,mol11,4.231063031530694
1,61,mol12,3.054500770516081
1,61,mol13,1.2596284293393827
1,61,mol14,7.264694117684069
1,61,mol15,0.8897930760339141
1,61,mol16,3.2982063416347986
1,61,mol17,6.312860680094699
1,61,mol18,3.466311798824028
1,61,mol19,9.875868333247514
1,61,mol20,5.823935594479789
1,61,mol21,6.499438972095976
1,61,mol22,1.180602832595845
1,61,mol23,1.3066917555621351
1,61,mol24,1.4460120520717807
1,61,mol25,2.431799266952353
1,61,mol26,4.087937845209526
1,61,mol27,4.03262638289242
1,61,mol28,1.9104289887419632
1,61,mol29,0.9278417151979849
1,61,mol30,1.2637813155723356
1,61,mol31,1.5154914530099937
1,61,mol32,3.6946840083529398
1,61,mol33,4.318951519663077
1,61,mol34,4.276611112985876
1,61,mol35,4.855097033082362
1,61,mol36,2.813674891464389
1,61,mol37,5.016350419544738
1,61,mol38,6.473573117683927
1,61,mol39,5.164036923819525
1,61,mol40,5.402255370623326
1,61,mol41,4.6726084056023
1,61,mol42,2.6230436237518546
1,61,mol43,5.537098779971933
1,61,mol44,5.539295204770029
1,61,mol45,5.608466726910052
1,61,mol46,5.476944467396704
1,61,mol47,5.299805336676685
1,61,mol48,1.788854502055382
1,61,mol49,4.156302908882438
1,61,mol50,1.8365249409241255
1,61,mol51,1.9728320615539576
1,61,mol52,6.46389339307201
1,61,mol53,2.0855550170921364
1,61,mol54,6.2157155481086805
1,61,mol55,0.9508105679768557
1,61,mol56,3.8823309376691904
1,61,mol57,5.763642575685101
1,61,mol58,4.1810328002266886
1,61,mol59,1.180611550685115
1,61,mol60,3.9841242688952363
1,61,mol61,2.879189974967129
1,61,mol62,7.39900955647728
1,61,mol63,5.180372093097287
1,61,mol64,1.281729180204964
1,61,mol65,4.593969255063707
1,61,mol66,4.175060444304968
1,61,mol67,5.734122773408877
1,61,mol68,2.225482995794717
1,61,mol69,2.961431392947528
1,61,mol70,0.6894510665325404
1,61,mol71,1.5289272947303378
1,61,mol72,2.274287639142322
1,61,mol73,5.612197547780414
1,61,mol74,0.8406687101909514
1,61,mol75,5.944230423142648
1,61,mol76,3.755300862982239
1,61,mol77,5.103132453343107
1,61,mol79,0.8537087231603058
1,61,mol80,2.1317736396182942
1,61,mol81,0.887150458651583
1,61,mol82,0.8398345523340403
1,61,mol83,1.0614073609079002
1,61,mol84,1.7686405998474004
1,61,mol85,0.6795488851826195
1,61,mol86,1.3214984059770942
1,61,mol87,2.4331583258023
1,61,mol88,2.7389006588714873
1,61,mol89,3.9625373064489873
1,61,mol90,3.9097853190274203
1,61,mol91,0.698368039452989
1,61,mol92,4.156983757262969
1,61,mol93,0.6037553907626831
1,61,mol94,6.0742285489828065
1,61,mol95,5.836032104685775
1,61,mol96,4.717436899708069
1,62,mol0,1.7589905028238184
1,62,mol1,4.891913145692592
1,62,mol2,4.9359547516159425
1,62,mol3,2.0103709843613213
1,62,mol4,2.9944240725199487
1,62,mol5,5.102917006651608
1,62,mol6,5.246049463035124
1,62,mol7,0.9927942732245022
1,62,mol8,1.8528592521176277
1,62,mol9,0.7111466029287796
1,62,mol10,5.004484259457501
1,62,mol11,3.436395043968939
1,62,mol12,3.054500770516081
1,62,mol13,6.310977306583387
1,62,mol14,1.381774308535851
1,62,mol15,0.8856642183308406
1,62,mol16,2.894973166024169
1,62,mol17,6.043998153587691
1,62,mol18,3.6679243919415785
1,62,mol19,9.875868333247514
1,62,mol20,4.361005245260453
1,62,mol21,6.303901900342586
1,62,mol22,1.1674014797831973
1,62,mol23,1.3388274471503947
1,62,mol24,1.4473536729966323
1,62,mol25,2.441070663612588
1,62,mol26,3.9997851243674467
1,62,mol27,4.098898221717636
1,62,mol28,1.112914200853569
1,62,mol29,0.9278417151979849
1,62,mol30,0.9377236995334325
1,62,mol31,2.5718237692820054
1,62,mol32,1.6574447344918433
1,62,mol33,4.318835526991044
1,62,mol34,4.099264309639684
1,62,mol35,4.875481346029731
1,62,mol36,1.1049375421262506
1,62,mol37,5.018222481284251
1,62,mol38,2.4968743811013003
1,62,mol39,1.7123761925631709
1,62,mol40,5.439780939733302
1,62,mol41,4.6726084056023
1,62,mol42,2.6230436237518546
1,62,mol43,1.4142432956060522
1,62,mol44,5.5337217032588155
1,62,mol45,5.583150577381403
1,62,mol46,5.766155491449995
1,62,mol47,5.953565864558515
1,62,mol48,1.7886227958164589
1,62,mol49,3.533742250569718
1,62,mol50,3.112737838229467
1,62,mol51,2.480856682920333
1,62,mol52,1.1302959289495826
1,62,mol53,7.767341697321842
1,62,mol54,1.0783424363345815
1,62,mol55,5.3513823168301435
1,62,mol56,4.5877459009027515
1,62,mol57,1.3182881192099096
1,62,mol58,4.1810328002266886
1,62,mol59,2.3706124373367223
1,62,mol60,4.78029281995836
1,62,mol61,2.298936415749364
1,62,mol62,5.881366085581782
1,62,mol63,5.1815741776254916
1,62,mol64,1.281729180204964
1,62,mol65,3.8526051131211276
1,62,mol66,5.274569505997622
1,62,mol67,2.855799446832063
1,62,mol68,5.880064897017962
1,62,mol69,3.7458300957125568
1,62,mol70,6.335006406265787
1,62,mol71,1.610023883939969
1,62,mol72,5.456058174583958
1,62,mol73,1.0933106015961336
1,62,mol74,0.8406687101909514
1,62,mol75,4.547948443569457
1,62,mol76,6.028061191048936
1,62,mol77,2.0279440402296687
1,62,mol79,0.7461722482108271
1,62,mol80,6.325719189309623
1,62,mol81,4.047500917744536
1,62,mol82,4.045582683837361
1,62,mol83,1.081034505267499
1,62,mol84,5.709990179125905
1,62,mol85,0.6696494730563937
1,62,mol86,1.3414766703152166
1,62,mol87,1.0295327179688953
1,62,mol88,2.9367344027848343
1,62,mol89,2.85867763047882
1,62,mol90,0.8918734938978998
1,62,mol91,3.5611372135630392
1,62,mol92,3.914847175816701
1,62,mol93,0.6230877371004825
1,62,mol94,5.356391036649584
1,62,mol95,5.922682185939157
1,62,mol96,4.505410613211227
1,63,mol0,2.1040927281221675
1,63,mol1,4.946098221662539
1,63,mol2,5.943070324820124
1,63,mol3,2.490163741890997
1,63,mol4,2.162928669751914
1,63,mol5,2.459667636084193
1,63,mol6,5.123961845177356
1,63,mol7,2.358571526982961
1,63,mol8,3.8836712443863846
1,63,mol9,2.3709061292498035
1,63,mol10,0.8310690502694642
1,63,mol11,3.436442628805467
1,63,mol12,3.7228566169564825
1,63,mol13,1.606021321546871
1,63,mol14,0.94421217081412
1,63,mol15,0.8856642183308406
1,63,mol16,2.894973166024169
1,63,mol17,1.5621321091014402
1,63,mol18,3.6679243919415785
1,63,mol19,9.277947338039588
1,63,mol20,5.823935594479789
1,63,mol21,1.0461705777330417
1,63,mol22,5.39229678167538
1,63,mol23,1.2637750540730326
1,63,mol24,6.177740616370835
1,63,mol25,2.5086719254916536
1,63,mol26,4.087937845209526
1,63,mol27,4.03262638289242
1,63,mol28,1.6033851219313373
1,63,mol29,0.9293704526210894
1,63,mol30,0.9392688172326606
1,63,mol31,1.1933908965427964
1,63,mol32,7.6946009451945905
1,63,mol33,3.3634032807856986
1,63,mol34,1.3591196920906459
1,63,mol35,2.550159996372144
1,63,mol36,1.1322563568884412
1,63,mol37,5.00547448550085
1,63,mol38,6.202715551675734
1,63,mol39,1.5556970295382981
1,63,mol40,5.424000750447695
1,63,mol41,4.6726084056023
1,63,mol42,2.6230436237518546
1,63,mol43,5.537098779971933
1,63,mol44,5.539295204770029
1,63,mol45,2.192766904034392
1,63,mol46,2.186147088757801
1,63,mol47,5.954153274714035
1,63,mol48,1.7892858460982748
1,63,mol49,3.4761948971098144
1,63,mol50,3.955423979630547
1,63,mol51,6.598405335508471
1,63,mol52,0.6859013901429273
1,63,mol53,7.836858932880164
1,63,mol54,6.2157155481086805
1,63,mol55,5.241728023977679
1,63,mol56,3.7822047881603833
1,63,mol57,5.576974061733657
1,63,mol58,1.1385883525539107
1,63,mol59,3.381020690766161
1,63,mol60,3.981588736010699
1,63,mol61,1.8248897794313965
1,63,mol62,1.6542500498317723
1,63,mol63,0.9199596982860655
1,63,mol64,1.2932188232167914
1,63,mol65,3.717498059495518
1,63,mol66,5.274968597593734
1,63,mol67,5.734122773408877
1,63,mol68,5.741061072061754
1,63,mol69,3.7458300957125568
1,63,mol70,6.335006406265787
1,63,mol71,2.641278752747291
1,63,mol72,5.0028573895325055
1,63,mol73,2.7714834942792828
1,63,mol74,3.597634413668483
1,63,mol75,2.9122349922772197
1,63,mol76,0.9065294034911051
1,63,mol77,6.474060606713064
1,63,mol79,2.814004067871971
1,63,mol80,6.336048701043892
1,63,mol81,6.086150259564745
1,63,mol82,0.8603426601890531
1,63,mol83,1.107363899918227
1,63,mol84,5.712731465770117
1,63,mol85,5.978949434006928
1,63,mol86,0.8470199625746732
1,63,mol87,2.535885668288612
1,63,mol88,3.0603225006615813
1,63,mol89,1.0092037331480694
1,63,mol90,1.0656060632611017
1,63,mol91,0.6332400072363605
1,63,mol92,3.915300065460193
1,63,mol93,2.659008820853176
1,63,mol94,5.462416277390436
1,63,mol95,5.883981161725322
1,63,mol96,4.330644811635498
1,64,mol0,2.1040927281221675
1,64,mol1,2.555518502835253
1,64,mol2,0.5531764371392374
1,64,mol3,2.743648701915719
1,64,mol4,2.9803915638575154
1,64,mol5,4.868744697723727
1,64,mol6,5.123961845177356
1,64,mol7,2.358571526982961
1,64,mol8,3.8836712443863846
1,64,mol9,0.7495994583776061
1,64,mol10,0.7060482635955675
1,64,mol11,4.231063031530694
1,64,mol12,3.0470047271186393
1,64,mol13,6.4252081232726175
1,64,mol14,0.46788438367452123
1,64,mol15,1.6114802911249677
1,64,mol16,3.4918119456809245
1,64,mol17,2.1062105485580362
1,64,mol18,4.744541087221538
1,64,mol19,3.357397660925757
1,64,mol20,5.581193458343785
1,64,mol21,1.0529534126175086
1,64,mol22,4.669165532869159
1,64,mol23,1.23807996216024
1,64,mol24,6.169667652654439
1,64,mol25,2.441070663612588
1,64,mol26,4.035161919326805
1,64,mol27,4.031693011130684
1,64,mol28,5.85178671316806
1,64,mol29,0.9598393894760432
1,64,mol30,1.131614874348227
1,64,mol31,2.5509536127476413
1,64,mol32,1.2401948278607806
1,64,mol33,4.318951519663077
1,64,mol34,4.276611112985876
1,64,mol35,4.918288706516237
1,64,mol36,3.966321721047996
1,64,mol37,5.008291012411319
1,64,mol38,2.936047979853191
1,64,mol39,5.6514929543819274
1,64,mol40,1.6542825266561936
1,64,mol41,1.535435013449386
1,64,mol42,5.6147946514918115
1,64,mol43,5.537098779971933
1,64,mol44,5.5116491212863385
1,64,mol45,5.601043313883584
1,64,mol46,1.9156128616684203
1,64,mol47,0.781921049645543
1,64,mol48,1.7892858460982748
1,64,mol49,4.156302908882438
1,64,mol50,3.4907813731312367
1,64,mol51,2.1086870639266104
1,64,mol52,2.1204683933037063
1,64,mol53,3.8666364467242538
1,64,mol54,1.0783424363345815
1,64,mol55,5.241728023977679
1,64,mol56,4.5877459009027515
1,64,mol57,2.0636957976528425
1,64,mol58,4.1810328002266886
1,64,mol59,1.180611550685115
1,64,mol60,3.316991422824441
1,64,mol61,2.298936415749364
1,64,mol62,2.01770786081111
1,64,mol63,0.9314602321718556
1,64,mol64,7.020494871149278
1,64,mol65,4.5529514944251535
1,64,mol66,2.2601840902015042
1,64,mol67,2.290341467646485
1,64,mol68,3.0052905472088476
1,64,mol69,2.961431392947528
1,64,mol70,0.935572800252032
1,64,mol71,6.115332386574398
1,64,mol72,1.3184955247891017
1,64,mol73,3.0014461998031057
1,64,mol74,2.3235925779984345
1,64,mol75,7.322582130975251
1,64,mol76,0.9065294034911051
1,64,mol77,5.266589644622836
1,64,mol79,3.0796910192420284
1,64,mol80,2.1317736396182942
1,64,mol81,6.086150259564745
1,64,mol82,0.5014784776332998
1,64,mol83,1.185044081569609
1,64,mol84,5.682134893053591
1,64,mol85,0.9465972273793924
1,64,mol86,3.308088878340484
1,64,mol87,0.6696666700287305
1,64,mol88,4.866330303701366
1,64,mol89,3.9625373064489873
1,64,mol90,1.0656060632611017
1,64,mol91,3.543809191973751
1,64,mol92,4.178419971933392
1,64,mol93,0.8996121195409721
1,64,mol94,4.046357835380411
1,64,mol95,2.0826002961657677
1,64,mol96,5.376279265355447
1,65,mol0,6.253898575990859
1,65,mol1,4.948725080765751
1,65,mol2,4.954368379857652
1,65,mol3,1.4738164499337214
1,65,mol4,0.7864553029119083
1,65,mol5,4.870154868306585
1,65,mol6,3.7387815159710347
1,65,mol7,2.8642457637680394
1,65,mol8,1.9761386585033904
1,65,mol9,2.3395685742705394
1,65,mol10,0.8748567630129368
1,65,mol11,3.4365511882762423
1,65,mol12,3.7072572822887997
1,65,mol13,6.310977306583387
1,65,mol14,7.68930460650517
1,65,mol15,5.261343210751014
1,65,mol16,4.264468538985837
1,65,mol17,2.10098269673979
1,65,mol18,4.748941965848814
1,65,mol19,9.875868333247514
1,65,mol20,5.82353538000433
1,65,mol21,6.387254688876233
1,65,mol22,1.1246751004919895
1,65,mol23,1.2637750540730326
1,65,mol24,1.4451993950936137
1,65,mol25,2.63358011170156
1,65,mol26,3.998470832289097
1,65,mol27,4.104185230712669
1,65,mol28,1.9030409236070247
1,65,mol29,2.2804019724938516
1,65,mol30,1.0161518300898107
1,65,mol31,3.2216076357589682
1,65,mol32,7.0394894110970405
1,65,mol33,3.363351061842936
1,65,mol34,6.473240623653217
1,65,mol35,4.937849867783973
1,65,mol36,1.1322563568884412
1,65,mol37,5.00547448550085
1,65,mol38,2.4968743811013003
1,65,mol39,1.5556970295382981
1,65,mol40,5.439780939733302
1,65,mol41,1.6411127952831597
1,65,mol42,0.6029790731290589
1,65,mol43,6.190550551198531
1,65,mol44,5.539295204770029
1,65,mol45,5.583150577381403
1,65,mol46,2.1693259950112567
1,65,mol47,5.953822717049998
1,65,mol48,1.7892858460982748
1,65,mol49,3.548861012461496
1,65,mol50,3.271079819556394
1,65,mol51,1.9728320615539576
1,65,mol52,3.152781156693246
1,65,mol53,3.8666364467242538
1,65,mol54,1.9963506417961754
1,65,mol55,5.275089674258684
1,65,mol56,1.3129791447632875
1,65,mol57,2.4041208019253113
1,65,mol58,3.9507794590073337
1,65,mol59,1.1856202058416516
1,65,mol60,3.957470618853778
1,65,mol61,2.2837187676051958
1,65,mol62,5.230676504098329
1,65,mol63,0.9199596982860655
1,65,mol64,0.9764985448302295
1,65,mol65,3.6314400423491047
1,65,mol66,4.174279840355699
1,65,mol67,2.855799446832063
1,65,mol68,2.2733110123467806
1,65,mol69,5.41160353394894
1,65,mol70,4.157473392956695
1,65,mol71,6.066223952203357
1,65,mol72,1.9572517705531225
1,65,mol73,5.612197547780414
1,65,mol74,3.59697143494684
1,65,mol75,6.371958992449922
1,65,mol76,6.006996552657273
1,65,mol77,6.455705937033884
1,65,mol79,0.8496433334052589
1,65,mol80,2.1368458101336447
1,65,mol81,6.47146506567761
1,65,mol82,0.8398345523340403
1,65,mol83,1.2765218766550566
1,65,mol84,1.711286541924359
1,65,mol85,5.927297770807835
1,65,mol86,6.189360497014211
1,65,mol87,0.8278031112847012
1,65,mol88,4.405164885582225
1,65,mol89,1.6952855791871762
1,65,mol90,0.7257283155156455
1,65,mol91,0.682158042538531
1,65,mol92,4.178419971933392
1,65,mol93,5.516831931971919
1,65,mol94,5.356391036649584
1,65,mol95,5.825728740483229
1,65,mol96,4.243022766099231
1,66,mol0,1.768045246565381
1,66,mol1,4.946098221662539
1,66,mol2,5.962369363869713
1,66,mol3,2.1522867284422333
1,66,mol4,0.7960793629870793
1,66,mol5,5.102917006651608
1,66,mol6,4.709341816686159
1,66,mol7,2.8642457637680394
1,66,mol8,5.950611360254464
1,66,mol9,2.8753572497542437
1,66,mol10,4.05097472714901
1,66,mol11,3.436442628805467
1,66,mol12,3.7228566169564825
1,66,mol13,1.606021321546871
1,66,mol14,0.8063614954543351
1,66,mol15,1.1571541917225432
1,66,mol16,3.3035154814227834
1,66,mol17,1.260757047174435
1,66,mol18,4.748461716177145
1,66,mol19,10.508840531922855
1,66,mol20,5.829322027984554
1,66,mol21,6.303901900342586
1,66,mol22,3.7997905367708538
1,66,mol23,1.424520216338384
1,66,mol24,1.440460780444924
1,66,mol25,2.431799266952353
1,66,mol26,4.152536605007345
1,66,mol27,4.03262638289242
1,66,mol28,1.112914200853569
1,66,mol29,6.1664918374870865
1,66,mol30,1.303822932468504
1,66,mol31,2.5718237692820054
1,66,mol32,3.6946840083529398
1,66,mol33,4.318860336385052
1,66,mol34,0.8488174195398476
1,66,mol35,4.926708796791941
1,66,mol36,2.3994513814620206
1,66,mol37,5.019034650043107
1,66,mol38,2.4968743811013003
1,66,mol39,1.5556970295382981
1,66,mol40,1.6542825266561936
1,66,mol41,4.6726084056023
1,66,mol42,0.8095107811121741
1,66,mol43,2.1077815349714655
1,66,mol44,2.043621718981797
1,66,mol45,1.9915887135651273
1,66,mol46,1.9924887238669236
1,66,mol47,5.953822717049998
1,66,mol48,1.621191431662294
1,66,mol49,3.698999635192446
1,66,mol50,3.111102745812166
1,66,mol51,2.1086870639266104
1,66,mol52,6.511409947315558
1,66,mol53,7.836858932880164
1,66,mol54,2.142720462402877
1,66,mol55,0.9150073807159732
1,66,mol56,3.794836777506599
1,66,mol57,2.635269071698372
1,66,mol58,3.9603057006102085
1,66,mol59,1.2086721043497834
1,66,mol60,3.857948571573899
1,66,mol61,2.412076534754276
1,66,mol62,2.01770786081111
1,66,mol63,0.9199596982860655
1,66,mol64,0.6396315755964523
1,66,mol65,4.535512866647983
1,66,mol66,4.381843436910999
1,66,mol67,6.022053628691969
1,66,mol68,5.741061072061754
1,66,mol69,2.7649085431333695
1,66,mol70,2.710530858179419
1,66,mol71,6.066223952203357
1,66,mol72,5.456058174583958
1,66,mol73,0.8419783639218412
1,66,mol74,0.6929280654032782
1,66,mol75,6.371958992449922
1,66,mol76,0.9065294034911051
1,66,mol77,4.353766650669837
1,66,mol79,0.8496433334052589
1,66,mol80,6.3373876843696415
1,66,mol81,0.8753753997979543
1,66,mol82,0.8603426601890531
1,66,mol83,1.0627200188295376
1,66,mol84,5.709990179125905
1,66,mol85,0.6696494730563937
1,66,mol86,1.3715259246547258
1,66,mol87,0.8278031112847012
1,66,mol88,3.811077204420761
1,66,mol89,1.0093640398785761
1,66,mol90,3.9573891994819608
1,66,mol91,0.7650106271849316
1,66,mol92,1.6389293170531474
1,66,mol93,5.2751266960495835
1,66,mol94,6.0742285489828065
1,66,mol95,5.98147444765492
1,66,mol96,5.376279265355447
1,67,mol0,6.279544125037476
1,67,mol1,4.946098221662539
1,67,mol2,5.988720137538369
1,67,mol3,2.5400568196681856
1,67,mol4,2.9803915638575154
1,67,mol5,4.868744697723727
1,67,mol6,3.053525802112481
1,67,mol7,1.0434215555716582
1,67,mol8,1.9761386585033904
1,67,mol9,2.668887902051018
1,67,mol10,4.048991625343928
1,67,mol11,3.3780808982848747
1,67,mol12,4.392158166218896
1,67,mol13,6.4318430894548735
1,67,mol14,0.8063614954543351
1,67,mol15,1.6114802911249677
1,67,mol16,2.894973166024169
1,67,mol17,1.2418680861623634
1,67,mol18,3.6679243919415785
1,67,mol19,3.357397660925757
1,67,mol20,5.628150380537636
1,67,mol21,6.499438972095976
1,67,mol22,4.718270369708233
1,67,mol23,1.6205116937126558
1,67,mol24,1.440460780444924
1,67,mol25,6.076417669544285
1,67,mol26,4.035161919326805
1,67,mol27,4.3560027116612305
1,67,mol28,1.112914200853569
1,67,mol29,0.9293704526210894
1,67,mol30,0.9392688172326606
1,67,mol31,2.5718237692820054
1,67,mol32,1.6574447344918433
1,67,mol33,4.318860336385052
1,67,mol34,0.8490878165924386
1,67,mol35,4.918288706516237
1,67,mol36,3.9929023043395393
1,67,mol37,5.019034650043107
1,67,mol38,6.499353704023193
1,67,mol39,5.645687367160379
1,67,mol40,5.417289480727424
1,67,mol41,1.535435013449386
1,67,mol42,6.313702805844309
1,67,mol43,1.868803511831389
1,67,mol44,2.144387075668504
1,67,mol45,2.1316890294519304
1,67,mol46,5.439274196357258
1,67,mol47,5.9059053538886745
1,67,mol48,2.5066704250858343
1,67,mol49,3.7122402433343087
1,67,mol50,3.2794667324956133
1,67,mol51,2.1086870639266104
1,67,mol52,2.0886564897081565
1,67,mol53,1.7088445158405086
1,67,mol54,2.5755987148622355
1,67,mol55,5.206396413321508
1,67,mol56,1.3127948276799897
1,67,mol57,2.4877129607834583
1,67,mol58,1.1816389305899302
1,67,mol59,5.901616541277295
1,67,mol60,4.78029281995836
1,67,mol61,2.412076534754276
1,67,mol62,1.66561342769753
1,67,mol63,0.9199596982860655
1,67,mol64,0.9848986113921688
1,67,mol65,3.7570590593300657
1,67,mol66,4.448947755323724
1,67,mol67,2.290341467646485
1,67,mol68,2.2860286734859656
1,67,mol69,3.417335346159067
1,67,mol70,3.067838151160241
1,67,mol71,1.610023883939969
1,67,mol72,5.456058174583958
1,67,mol73,2.7714834942792828
1,67,mol74,3.597634413668483
1,67,mol75,2.954205124654784
1,67,mol76,0.844405203248255
1,67,mol77,2.500949519076644
1,67,mol79,3.0731086856796983
1,67,mol80,6.324571884709443
1,67,mol81,4.035207827432365
1,67,mol82,3.7792558112753927
1,67,mol83,1.0627200188295376
1,67,mol84,5.682134893053591
1,67,mol85,6.048587786490525
1,67,mol86,0.8830174245166401
1,67,mol87,6.2404053416340455
1,67,mol88,2.9153173235420606
1,67,mol89,1.0092561889827574
1,67,mol90,6.528209230152406
1,67,mol91,0.698368039452989
1,67,mol92,1.6851645844446965
1,67,mol93,5.516831931971919
1,67,mol94,4.046357835380411
1,67,mol95,5.922682185939157
1,67,mol96,1.4211337385085447
1,68,mol0,6.253898575990859
1,68,mol1,3.768734180729651
1,68,mol2,4.949811348195735
1,68,mol3,1.8096287108001965
1,68,mol4,2.996740239863541
1,68,mol5,4.869228654818258
1,68,mol6,4.572281623696083
1,68,mol7,2.9356029803808705
1,68,mol8,4.319857762369644
1,68,mol9,0.7111466029287796
1,68,mol10,0.9207797713722978
1,68,mol11,3.436382837426171
1,68,mol12,3.6986103582404204
1,68,mol13,6.310977306583387
1,68,mol14,0.94421217081412
1,68,mol15,0.91232569337352
1,68,mol16,3.303731375278565
1,68,mol17,3.8792352722816763
1,68,mol18,4.749117293771549
1,68,mol19,9.843813965998114
1,68,mol20,3.7289968382206307
1,68,mol21,1.0529534126175086
1,68,mol22,0.8085237205343245
1,68,mol23,1.4715461342190854
1,68,mol24,1.4451993950936137
1,68,mol25,6.081028522359518
1,68,mol26,4.087491258615639
1,68,mol27,4.098898221717636
1,68,mol28,5.85178671316806
1,68,mol29,0.9278417151979849
1,68,mol30,1.0161518300898107
1,68,mol31,1.5154914530099937
1,68,mol32,4.1089565092932245
1,68,mol33,3.5136963575699025
1,68,mol34,4.099264309639684
1,68,mol35,4.933827594893141
1,68,mol36,2.813674891464389
1,68,mol37,5.008291012411319
1,68,mol38,6.314449312489569
1,68,mol39,1.5556970295382981
1,68,mol40,5.424000750447695
1,68,mol41,0.9044011810672241
1,68,mol42,0.8591382092722791
1,68,mol43,6.184249302708903
1,68,mol44,5.54964419853148
1,68,mol45,5.619538853322397
1,68,mol46,1.8389542835106325
1,68,mol47,5.299805336676685
1,68,mol48,4.712276896929269
1,68,mol49,3.696856577553422
1,68,mol50,4.5574525464541935
1,68,mol51,6.730220360097891
1,68,mol52,1.1302959289495826
1,68,mol53,1.7351765006503201
1,68,mol54,1.0783424363345815
1,68,mol55,5.241728023977679
1,68,mol56,1.3128418353264546
1,68,mol57,1.3182881192099096
1,68,mol58,3.9603057006102085
1,68,mol59,3.3303980142936536
1,68,mol60,3.857948571573899
1,68,mol61,2.298936415749364
1,68,mol62,1.66561342769753
1,68,mol63,0.9314602321718556
1,68,mol64,6.9491620923556905
1,68,mol65,4.535512866647983
1,68,mol66,4.448947755323724
1,68,mol67,2.969348410980004
1,68,mol68,5.741061072061754
1,68,mol69,2.903410158621959
1,68,mol70,0.7195820028719055
1,68,mol71,3.872464235526078
1,68,mol72,5.483431412901963
1,68,mol73,1.8239230066158223
1,68,mol74,0.6929280654032782
1,68,mol75,5.531751152763252
1,68,mol76,0.6893552028943972
1,68,mol77,6.455705937033884
1,68,mol79,3.182840799348908
1,68,mol80,6.324571884709443
1,68,mol81,4.053485692832775
1,68,mol82,4.074683721251907
1,68,mol83,1.0614073609079002
1,68,mol84,5.712731465770117
1,68,mol85,6.048587786490525
1,68,mol86,0.8470199625746732
1,68,mol87,2.0158673271141416
1,68,mol88,2.9153173235420606
1,68,mol89,1.6952855791871762
1,68,mol90,0.8918734938978998
1,68,mol91,5.965354417334461
1,68,mol92,1.68591380947039
1,68,mol93,0.5401776935648119
1,68,mol94,5.34431625849681
1,68,mol95,5.836032104685775
1,68,mol96,5.376356529286354
1,69,mol0,1.3937788601408798
1,69,mol1,4.7304236594974585
1,69,mol2,4.955403973472095
1,69,mol3,1.8154291135129665
1,69,mol4,0.7226275515511914
1,69,mol5,5.102917006651608
1,69,mol6,3.734391490182094
1,69,mol7,3.738828250936381
1,69,mol8,1.8528592521176277
1,69,mol9,0.7274497602682165
1,69,mol10,0.8884947993213311
1,69,mol11,4.231063031530694
1,69,mol12,3.2690448373722254
1,69,mol13,6.42469627797381
1,69,mol14,7.68930460650517
1,69,mol15,0.8897930760339141
1,69,mol16,3.4918119456809245
1,69,mol17,2.10098269673979
1,69,mol18,3.873178871418153
1,69,mol19,9.845188645416915
1,69,mol20,5.82353538000433
1,69,mol21,4.029081058362706
1,69,mol22,3.7997905367708538
1,69,mol23,1.5092671277719436
1,69,mol24,2.958762854373607
1,69,mol25,1.5890632176694544
1,69,mol26,4.083948175524559
1,69,mol27,4.104185230712669
1,69,mol28,1.6033851219313373
1,69,mol29,6.1664918374870865
1,69,mol30,0.9377236995334325
1,69,mol31,1.1940543713362959
1,69,mol32,1.8628961522882925
1,69,mol33,4.318860336385052
1,69,mol34,0.8415508135069956
1,69,mol35,4.937849867783973
1,69,mol36,2.654979720234628
1,69,mol37,5.008291012411319
1,69,mol38,6.473573117683927
1,69,mol39,5.6514929543819274
1,69,mol40,5.402255370623326
1,69,mol41,1.535435013449386
1,69,mol42,0.8640598812704201
1,69,mol43,5.537098779971933
1,69,mol44,5.519382876921913
1,69,mol45,5.608505536466148
1,69,mol46,5.439274196357258
1,69,mol47,5.9853225016778255
1,69,mol48,4.712276896929269
1,69,mol49,3.548861012461496
1,69,mol50,4.5574525464541935
1,69,mol51,2.1086870639266104
1,69,mol52,3.152781156693246
1,69,mol53,7.836858932880164
1,69,mol54,1.996004996236232
1,69,mol55,0.8843051714066082
1,69,mol56,1.3149858844299436
1,69,mol57,1.3182881192099096
1,69,mol58,1.1385883525539107
1,69,mol59,1.1856202058416516
1,69,mol60,3.8938323724250705
1,69,mol61,2.2837187676051958
1,69,mol62,2.733720676641038
1,69,mol63,5.326231051790639
1,69,mol64,4.767023317339192
1,69,mol65,4.593969255063707
1,69,mol66,4.174279840355699
1,69,mol67,5.708770887300015
1,69,mol68,2.270324784569065
1,69,mol69,2.903410158621959
1,69,mol70,0.9327801434421729
1,69,mol71,2.257342581380657
1,69,mol72,1.6603105228306607
1,69,mol73,0.7955995712747086
1,69,mol74,5.891852424497649
1,69,mol75,2.967548359315826
1,69,mol76,1.142523138947436
1,69,mol77,2.653085420502862
1,69,mol79,0.8467282350317602
1,69,mol80,1.2102902127766122
1,69,mol81,0.9669857314651249
1,69,mol82,0.5772187158108727
1,69,mol83,3.3993329665345255
1,69,mol84,6.2116018067576
1,69,mol85,0.7064257250412105
1,69,mol86,3.308088878340484
1,69,mol87,6.06300094807149
1,69,mol88,5.421514760885559
1,69,mol89,1.0096182025894738
1,69,mol90,0.7387518446279348
1,69,mol91,0.698368039452989
1,69,mol92,3.915300065460193
1,69,mol93,0.5970732236292298
1,69,mol94,5.356391036649584
1,69,mol95,1.9947656372205471
1,69,mol96,1.8300455217885103
1,70,mol0,2.3624347886212234
1,70,mol1,4.7304236594974585
1,70,mol2,5.962369363869713
1,70,mol3,1.8096287108001965
1,70,mol4,0.7226275515511914
1,70,mol5,4.870154868306585
1,70,mol6,2.8699595954860104
1,70,mol7,3.738828250936381
1,70,mol8,6.776249735793547
1,70,mol9,0.7384642438389089
1,70,mol10,0.8947014750595219
1,70,mol11,4.157809959023758
1,70,mol12,4.392160448695304
1,70,mol13,1.8122446930170386
1,70,mol14,0.955183170066547
1,70,mol15,4.336462024113545
1,70,mol16,4.264468538985837
1,70,mol17,6.143844891131751
1,70,mol18,4.740806245074073
1,70,mol19,9.846592808200857
1,70,mol20,5.82353538000433
1,70,mol21,6.303901900342586
1,70,mol22,1.1674014797831973
1,70,mol23,1.6205116937126558
1,70,mol24,1.6875889752761732
1,70,mol25,2.5086719254916536
1,70,mol26,4.001052172311123
1,70,mol27,4.098727706984206
1,70,mol28,5.733617301226432
1,70,mol29,0.9293704526210894
1,70,mol30,1.303822932468504
1,70,mol31,5.791530130411428
1,70,mol32,1.6634787425278705
1,70,mol33,4.318860336385052
1,70,mol34,0.8415508135069956
1,70,mol35,4.8928156496326665
1,70,mol36,2.3577927487982726
1,70,mol37,5.019034650043107
1,70,mol38,6.510603016618354
1,70,mol39,5.215270525978768
1,70,mol40,1.0580483857420833
1,70,mol41,0.9265796421020129
1,70,mol42,1.5413752453059915
1,70,mol43,1.3608477665084775
1,70,mol44,5.54964419853148
1,70,mol45,1.3139647999199109
1,70,mol46,2.1543032000845974
1,70,mol47,0.5742531228394926
1,70,mol48,1.7887759930559595
1,70,mol49,3.7122402433343087
1,70,mol50,3.5668134906129
1,70,mol51,2.1086870639266104
1,70,mol52,6.463761680476778
1,70,mol53,2.0855550170921364
1,70,mol54,1.9705444425335854
1,70,mol55,5.275089674258684
1,70,mol56,3.7822047881603833
1,70,mol57,2.4041208019253113
1,70,mol58,1.1385883525539107
1,70,mol59,1.1856202058416516
1,70,mol60,3.1674783616969164
1,70,mol61,1.4002712053515154
1,70,mol62,1.2217845279064465
1,70,mol63,0.9260618798407142
1,70,mol64,7.020494871149278
1,70,mol65,4.593969255063707
1,70,mol66,2.2601840902015042
1,70,mol67,5.529144624194882
1,70,mol68,5.677461279631442
1,70,mol69,2.7649085431333695
1,70,mol70,5.259015595174226
1,70,mol71,1.3616361559325814
1,70,mol72,5.422993642199235
1,70,mol73,0.7955995712747086
1,70,mol74,0.7267165870827338
1,70,mol75,2.9122349922772197
1,70,mol76,1.142523138947436
1,70,mol77,2.5190206815227603
1,70,mol79,3.0731086856796983
1,70,mol80,1.2463473188252372
1,70,mol81,4.047500917744536
1,70,mol82,3.7792558112753927
1,70,mol83,1.0627200188295376
1,70,mol84,5.979561346071179
1,70,mol85,0.871616773081867
1,70,mol86,6.199458029295788
1,70,mol87,2.4331583258023
1,70,mol88,3.2858270322452054
1,70,mol89,1.009374506811025
1,70,mol90,0.8610163725641515
1,70,mol91,0.6818953393472705
1,70,mol92,1.68591380947039
1,70,mol93,0.5330007651260927
1,70,mol94,4.133402850725886
1,70,mol95,2.0826002961657677
1,70,mol96,4.242730791172548
1,71,mol0,1.7350593055865382
1,71,mol1,3.635411349260677
1,71,mol2,5.962369363869713
1,71,mol3,2.215913930445598
1,71,mol4,2.164215476895677
1,71,mol5,4.868744697723727
1,71,mol6,3.7532280131389717
1,71,mol7,2.358571526982961
1,71,mol8,4.1598750003677045
1,71,mol9,0.9280524304770102
1,71,mol10,4.05097472714901
1,71,mol11,3.434843332619824
1,71,mol12,3.570985865100841
1,71,mol13,1.2596284293393827
1,71,mol14,7.68930460650517
1,71,mol15,0.91232569337352
1,71,mol16,3.303731375278565
1,71,mol17,6.312860680094699
1,71,mol18,4.749042703886051
1,71,mol19,3.990848453232304
1,71,mol20,3.9460465590875238
1,71,mol21,2.967578958006004
1,71,mol22,2.8044141066658943
1,71,mol23,1.3066917555621351
1,71,mol24,1.429692435455962
1,71,mol25,2.4520113630956115
1,71,mol26,3.7346309595559877
1,71,mol27,4.019253290848936
1,71,mol28,5.733617301226432
1,71,mol29,1.5467447114206312
1,71,mol30,6.564909477240259
1,71,mol31,5.791530130411428
1,71,mol32,1.8628961522882925
1,71,mol33,3.363314555197001
1,71,mol34,0.8328923169979933
1,71,mol35,4.925544154710218
1,71,mol36,4.006310770414953
1,71,mol37,4.966631994118348
1,71,mol38,2.3760566502084917
1,71,mol39,1.5794454548534251
1,71,mol40,2.1324860028346526
1,71,mol41,1.4938880679199777
1,71,mol42,5.571699517675299
1,71,mol43,1.415566892430183
1,71,mol44,2.1420302713162793
1,71,mol45,2.169028520789895
1,71,mol46,5.439274196357258
1,71,mol47,5.299805336676685
1,71,mol48,1.7892858460982748
1,71,mol49,3.510567785711725
1,71,mol50,3.112737838229467
1,71,mol51,6.730220360097891
1,71,mol52,2.036250068631061
1,71,mol53,3.9264148489024717
1,71,mol54,1.0783424363345815
1,71,mol55,0.9508105679768557
1,71,mol56,2.1921275722267324
1,71,mol57,5.763642575685101
1,71,mol58,3.948354320762729
1,71,mol59,2.492544831927134
1,71,mol60,3.981588736010699
1,71,mol61,6.2553762211435995
1,71,mol62,1.8983477583359025
1,71,mol63,5.295056601874886
1,71,mol64,6.9491620923556905
1,71,mol65,4.0484676191775835
1,71,mol66,5.274448596166238
1,71,mol67,2.7681939497954637
1,71,mol68,2.268814320678157
1,71,mol69,3.8010457270939884
1,71,mol70,0.9327801434421729
1,71,mol71,6.115332386574398
1,71,mol72,1.9572517705531225
1,71,mol73,1.5792324291606037
1,71,mol74,2.3235925779984345
1,71,mol75,2.954205124654784
1,71,mol76,6.2054761692126945
1,71,mol77,2.6308622494835365
1,71,mol79,0.8537087231603058
1,71,mol80,1.2102902127766122
1,71,mol81,0.8863464748215404
1,71,mol82,0.5014784776332998
1,71,mol83,1.1494045536253705
1,71,mol84,5.709990179125905
1,71,mol85,0.6696494730563937
1,71,mol86,6.138402085803763
1,71,mol87,1.846191792083882
1,71,mol88,2.7107213989084165
1,71,mol89,2.85867763047882
1,71,mol90,0.7387518446279348
1,71,mol91,3.5726522773704135
1,71,mol92,1.6389293170531474
1,71,mol93,0.6170464300804276
1,71,mol94,5.462416277390436
1,71,mol95,5.840917189018721
1,71,mol96,4.330644811635498
1,72,mol0,6.253898575990859
1,72,mol1,4.797804775623954
1,72,mol2,0.5641161343467345
1,72,mol3,2.91101621505029
1,72,mol4,0.7869480536416845
1,72,mol5,2.459667636084193
1,72,mol6,3.7387815159710347
1,72,mol7,3.738882893325224
1,72,mol8,1.8335234681230277
1,72,mol9,2.668887902051018
1,72,mol10,0.8884947993213311
1,72,mol11,3.4365511882762423
1,72,mol12,4.392158166218896
1,72,mol13,6.432601395359342
1,72,mol14,1.381774308535851
1,72,mol15,0.8923107744266539
1,72,mol16,3.3034513079505197
1,72,mol17,2.6444669245156276
1,72,mol18,4.749117293771549
1,72,mol19,6.039848611810543
1,72,mol20,3.7289968382206307
1,72,mol21,0.6453295131724788
1,72,mol22,2.308420895691829
1,72,mol23,7.194471386268615
1,72,mol24,1.429692435455962
1,72,mol25,2.4864386619721794
1,72,mol26,4.176407604406944
1,72,mol27,4.104185230712669
1,72,mol28,5.85178671316806
1,72,mol29,2.170406675174269
1,72,mol30,2.7377404005437094
1,72,mol31,1.1933908965427964
1,72,mol32,1.2401948278607806
1,72,mol33,4.318930450609271
1,72,mol34,0.8328923169979933
1,72,mol35,2.550159996372144
1,72,mol36,1.1267373254540867
1,72,mol37,5.018222481284251
1,72,mol38,2.4968743811013003
1,72,mol39,4.524173927028006
1,72,mol40,2.081858997077921
1,72,mol41,0.9559154865198184
1,72,mol42,0.8591382092722791
1,72,mol43,1.4142432956060522
1,72,mol44,5.531495250541639
1,72,mol45,1.302579756154247
1,72,mol46,5.766155491449995
1,72,mol47,5.951939940995047
1,72,mol48,1.7887759930559595
1,72,mol49,3.510567785711725
1,72,mol50,1.2224491640294757
1,72,mol51,6.693383442962445
1,72,mol52,0.7324168771949484
1,72,mol53,1.7088445158405086
1,72,mol54,2.0759613002173234
1,72,mol55,0.9969629474205206
1,72,mol56,4.5877459009027515
1,72,mol57,5.586767339906863
1,72,mol58,1.15648260909659
1,72,mol59,1.2086721043497834
1,72,mol60,3.8938323724250705
1,72,mol61,6.2553762211435995
1,72,mol62,1.66561342769753
1,72,mol63,5.1815741776254916
1,72,mol64,1.0166956838755201
1,72,mol65,3.627603561419513
1,72,mol66,5.274448596166238
1,72,mol67,3.0409012266102953
1,72,mol68,2.225482995794717
1,72,mol69,3.7458300957125568
1,72,mol70,6.67397872307067
1,72,mol71,2.257342581380657
1,72,mol72,1.6603105228306607
1,72,mol73,5.614501875973727
1,72,mol74,0.6210307402167123
1,72,mol75,2.967548359315826
1,72,mol76,0.8460060437494558
1,72,mol77,5.266589644622836
1,72,mol79,0.8520230478103276
1,72,mol80,6.325719189309623
1,72,mol81,4.035207827432365
1,72,mol82,0.4898612756809469
1,72,mol83,1.2641965251536356
1,72,mol84,6.232437760161406
1,72,mol85,0.6795488851826195
1,72,mol86,0.8470199625746732
1,72,mol87,2.4331583258023
1,72,mol88,2.7389006588714873
1,72,mol89,1.0092561889827574
1,72,mol90,3.9573891994819608
1,72,mol91,5.189614726235919
1,72,mol92,3.8922115177478336
1,72,mol93,0.5352249381101369
1,72,mol94,6.0742285489828065
1,72,mol95,5.806521810176147
1,72,mol96,1.4211337385085447
1,73,mol0,1.7350593055865382
1,73,mol1,4.946098221662539
1,73,mol2,3.2034381143428137
1,73,mol3,2.9508005071263534
1,73,mol4,0.7738912208696584
1,73,mol5,4.869460227356463
1,73,mol6,4.572281623696083
1,73,mol7,3.0830001426327702
1,73,mol8,1.8268306572485467
1,73,mol9,0.9280524304770102
1,73,mol10,0.8947014750595219
1,73,mol11,3.4365511882762423
1,73,mol12,3.7072572822887997
1,73,mol13,6.310977306583387
1,73,mol14,7.68930460650517
1,73,mol15,1.6880167239287525
1,73,mol16,3.2982063416347986
1,73,mol17,1.260757047174435
1,73,mol18,4.749106972544066
1,73,mol19,9.27743665455231
1,73,mol20,4.727146843956122
1,73,mol21,1.04897757186973
1,73,mol22,3.7997905367708538
1,73,mol23,1.5844676873203072
1,73,mol24,1.4451993950936137
1,73,mol25,2.431799266952353
1,73,mol26,4.176407604406944
1,73,mol27,4.019253290848936
1,73,mol28,1.8993524289164372
1,73,mol29,1.5467447114206312
1,73,mol30,2.7377404005437094
1,73,mol31,1.1933908965427964
1,73,mol32,1.6650889988858033
1,73,mol33,3.3634032807856986
1,73,mol34,1.341358716376794
1,73,mol35,4.918288706516237
1,73,mol36,1.116485959479243
1,73,mol37,5.019034650043107
1,73,mol38,6.473573117683927
1,73,mol39,5.660506220345617
1,73,mol40,1.0580483857420833
1,73,mol41,0.9044011810672241
1,73,mol42,2.6230436237518546
1,73,mol43,2.1077815349714655
1,73,mol44,2.1420302713162793
1,73,mol45,5.527217711186808
1,73,mol46,1.9156128616684203
1,73,mol47,0.5635973799324006
1,73,mol48,3.7515917994264525
1,73,mol49,3.4761948971098144
1,73,mol50,3.5668134906129
1,73,mol51,2.1253516908412844
1,73,mol52,1.1302959289495826
1,73,mol53,7.767341697321842
1,73,mol54,1.2991254616086931
1,73,mol55,0.8843051714066082
1,73,mol56,2.1921275722267324
1,73,mol57,5.763642575685101
1,73,mol58,3.9517602395460605
1,73,mol59,5.801148047800538
1,73,mol60,4.78029281995836
1,73,mol61,1.4221715754436945
1,73,mol62,1.9603426260679402
1,73,mol63,5.295056601874886
1,73,mol64,3.5327787091828373
1,73,mol65,4.430006838927134
1,73,mol66,5.262636346319209
1,73,mol67,2.290341467646485
1,73,mol68,4.9412038017355355
1,73,mol69,4.322730943981369
1,73,mol70,1.0680384190521561
1,73,mol71,2.641278752747291
1,73,mol72,1.8309157663129496
1,73,mol73,5.610413557868306
1,73,mol74,0.7267165870827338
1,73,mol75,7.322582130975251
1,73,mol76,0.844405203248255
1,73,mol77,2.653085420502862
1,73,mol79,2.8138451066112364
1,73,mol80,2.1368458101336447
1,73,mol81,4.053485692832775
1,73,mol82,0.5772187158108727
1,73,mol83,1.107363899918227
1,73,mol84,5.709990179125905
1,73,mol85,5.978949434006928
1,73,mol86,2.0176314856781947
1,73,mol87,0.7224089026524929
1,73,mol88,4.040313803441236
1,73,mol89,1.0092561889827574
1,73,mol90,6.528209230152406
1,73,mol91,3.543809191973751
1,73,mol92,3.915300065460193
1,73,mol93,0.6170464300804276
1,73,mol94,4.236500338821342
1,73,mol95,5.922682185939157
1,73,mol96,1.4908143086002603
1,74,mol0,2.844128909251306
1,74,mol1,2.555518502835253
1,74,mol2,0.5351269469891602
1,74,mol3,2.743648701915719
1,74,mol4,0.7876727056997399
1,74,mol5,2.267196366411822
1,74,mol6,5.123961845177356
1,74,mol7,2.3604878098660698
1,74,mol8,1.8268306572485467
1,74,mol9,6.644445899245475
1,74,mol10,0.8539922919657074
1,74,mol11,3.3780808982848747
1,74,mol12,3.0470047271186393
1,74,mol13,6.42685910485707
1,74,mol14,0.955183170066547
1,74,mol15,0.8994498711932051
1,74,mol16,3.3035154814227834
1,74,mol17,6.065380071991719
1,74,mol18,4.749019371056162
1,74,mol19,9.874401321274608
1,74,mol20,4.727146843956122
1,74,mol21,2.766725507165465
1,74,mol22,4.716751296178335
1,74,mol23,1.6205116937126558
1,74,mol24,1.4805438872607803
1,74,mol25,2.431799266952353
1,74,mol26,4.176407604406944
1,74,mol27,4.098898221717636
1,74,mol28,1.112914200853569
1,74,mol29,0.8983953713890858
1,74,mol30,0.9392688172326606
1,74,mol31,2.5718237692820054
1,74,mol32,7.239267916643738
1,74,mol33,4.318835526991044
1,74,mol34,1.3591196920906459
1,74,mol35,4.8928156496326665
1,74,mol36,2.3577927487982726
1,74,mol37,3.1900571340233603
1,74,mol38,6.256081529599817
1,74,mol39,5.653194685359017
1,74,mol40,2.1324860028346526
1,74,mol41,0.9044011810672241
1,74,mol42,2.615124995402504
1,74,mol43,2.1077815349714655
1,74,mol44,5.519382876921913
1,74,mol45,5.583150577381403
1,74,mol46,5.043470955914972
1,74,mol47,5.951939940995047
1,74,mol48,3.7515917994264525
1,74,mol49,1.1965938169204735
1,74,mol50,3.111102745812166
1,74,mol51,6.716801488325484
1,74,mol52,6.46389339307201
1,74,mol53,1.7351765006503201
1,74,mol54,1.9963506417961754
1,74,mol55,0.9969629474205206
1,74,mol56,1.3129791447632875
1,74,mol57,2.635269071698372
1,74,mol58,3.9603057006102085
1,74,mol59,2.492544831927134
1,74,mol60,1.4838913581281052
1,74,mol61,2.412076534754276
1,74,mol62,1.8983477583359025
1,74,mol63,5.250632392668638
1,74,mol64,0.9652078689472946
1,74,mol65,4.535512866647983
1,74,mol66,1.138380524077955
1,74,mol67,2.7681939497954637
1,74,mol68,2.2860286734859656
1,74,mol69,2.7649085431333695
1,74,mol70,5.259015595174226
1,74,mol71,1.5289272947303378
1,74,mol72,5.456058174583958
1,74,mol73,1.8239230066158223
1,74,mol74,0.718867011549506
1,74,mol75,5.113163821916533
1,74,mol76,6.006996552657273
1,74,mol77,5.266589644622836
1,74,mol79,3.0731086856796983
1,74,mol80,2.1317736396182942
1,74,mol81,4.047500917744536
1,74,mol82,0.5772187158108727
1,74,mol83,3.3993329665345255
1,74,mol84,1.7367404773639283
1,74,mol85,5.927297770807835
1,74,mol86,2.0176314856781947
1,74,mol87,1.846191792083882
1,74,mol88,3.0603225006615813
1,74,mol89,3.2357457540727763
1,74,mol90,0.8918734938978998
1,74,mol91,0.6332400072363605
1,74,mol92,1.68591380947039
1,74,mol93,0.9456791887976594
1,74,mol94,4.971142309899988
1,74,mol95,5.98147444765492
1,74,mol96,5.376356529286354
1,75,mol0,1.768045246565381
1,75,mol1,4.9476793804435895
1,75,mol2,5.416418675432666
1,75,mol3,2.5478173374946045
1,75,mol4,2.162928669751914
1,75,mol5,2.459667636084193
1,75,mol6,3.734391490182094
1,75,mol7,1.0434215555716582
1,75,mol8,4.319857762369644
1,75,mol9,2.668887902051018
1,75,mol10,0.7160701288796264
1,75,mol11,3.4356090058490985
1,75,mol12,3.189744222830936
1,75,mol13,1.8259751399126296
1,75,mol14,0.94421217081412
1,75,mol15,0.91232569337352
1,75,mol16,3.303210179204466
1,75,mol17,1.2418680861623634
1,75,mol18,3.873178871418153
1,75,mol19,3.357397660925757
1,75,mol20,5.829322027984554
1,75,mol21,0.6453295131724788
1,75,mol22,4.669165532869159
1,75,mol23,1.5502803123166975
1,75,mol24,6.177740616370835
1,75,mol25,2.4520113630956115
1,75,mol26,4.087937845209526
1,75,mol27,4.098603386520828
1,75,mol28,2.6362977367746376
1,75,mol29,0.9077163129920025
1,75,mol30,1.0161518300898107
1,75,mol31,6.474883109049434
1,75,mol32,6.858712554538897
1,75,mol33,3.3634863420564085
1,75,mol34,0.8490878165924386
1,75,mol35,4.875481346029731
1,75,mol36,1.1322563568884412
1,75,mol37,4.966631994118348
1,75,mol38,6.519281156308568
1,75,mol39,5.635266930602565
1,75,mol40,2.494125983357125
1,75,mol41,2.035196981672911
1,75,mol42,0.8591382092722791
1,75,mol43,6.2326153150851
1,75,mol44,5.519382876921913
1,75,mol45,5.608466726910052
1,75,mol46,5.439274196357258
1,75,mol47,5.953565864558515
1,75,mol48,4.712276896929269
1,75,mol49,1.1965938169204735
1,75,mol50,3.2794667324956133
1,75,mol51,2.9997473409875544
1,75,mol52,1.1961439052221094
1,75,mol53,4.1144163981663295
1,75,mol54,6.237814998859776
1,75,mol55,5.275089674258684
1,75,mol56,1.3129791447632875
1,75,mol57,2.4041208019253113
1,75,mol58,4.1810328002266886
1,75,mol59,5.901616541277295
1,75,mol60,1.4838913581281052
1,75,mol61,2.3008481733546144
1,75,mol62,2.01770786081111
1,75,mol63,0.9609466652886683
1,75,mol64,4.767023317339192
1,75,mol65,4.0484676191775835
1,75,mol66,5.274968597593734
1,75,mol67,2.7681939497954637
1,75,mol68,2.225482995794717
1,75,mol69,3.7458300957125568
1,75,mol70,0.9327801434421729
1,75,mol71,2.257342581380657
1,75,mol72,1.3184955247891017
1,75,mol73,1.9984640546711119
1,75,mol74,0.8406687101909514
1,75,mol75,5.944230423142648
1,75,mol76,0.6672928860384887
1,75,mol77,5.103132453343107
1,75,mol79,3.1277752163478754
1,75,mol80,2.1317736396182942
1,75,mol81,0.889051773681215
1,75,mol82,0.5014784776332998
1,75,mol83,1.0437319586842912
1,75,mol84,6.247521612379013
1,75,mol85,0.8802857853126616
1,75,mol86,0.8470199625746732
1,75,mol87,1.846191792083882
1,75,mol88,2.7389006588714873
1,75,mol89,3.9625373064489873
1,75,mol90,0.8610163725641515
1,75,mol91,0.698368039452989
1,75,mol92,1.6851645844446965
1,75,mol93,0.6230877371004825
1,75,mol94,4.046357835380411
1,75,mol95,5.840917189018721
1,75,mol96,5.376279265355447
1,76,mol0,6.253898575990859
1,76,mol1,2.5272700432812214
1,76,mol2,5.331637750629668
1,76,mol3,2.6378040099222506
1,76,mol4,2.162928669751914
1,76,mol5,4.870154868306585
1,76,mol6,1.7291228658709525
1,76,mol7,2.3604878098660698
1,76,mol8,2.7860939867302994
1,76,mol9,2.8753572497542437
1,76,mol10,0.7524332479573049
1,76,mol11,3.4365511882762423
1,76,mol12,3.2690448373722254
1,76,mol13,6.4318430894548735
1,76,mol14,1.1495340074675149
1,76,mol15,1.6412870213886868
1,76,mol16,3.49043894775428
1,76,mol17,2.1062105485580362
1,76,mol18,4.748941965848814
1,76,mol19,9.874401321274608
1,76,mol20,6.0733297281661764
1,76,mol21,1.0505606601103186
1,76,mol22,3.7997905367708538
1,76,mol23,1.4418949630935656
1,76,mol24,6.182349653991638
1,76,mol25,2.1781633455161256
1,76,mol26,4.006918212246118
1,76,mol27,4.098603386520828
1,76,mol28,1.8992324260619415
1,76,mol29,1.5467447114206312
1,76,mol30,1.131614874348227
1,76,mol31,1.5748531399590964
1,76,mol32,1.2408813232622418
1,76,mol33,4.31920971535303
1,76,mol34,6.441875972128439
1,76,mol35,4.864600508810829
1,76,mol36,1.1267373254540867
1,76,mol37,5.0045719535574005
1,76,mol38,6.519281156308568
1,76,mol39,5.645687367160379
1,76,mol40,5.439780939733302
1,76,mol41,1.6411127952831597
1,76,mol42,1.9342397403522384
1,76,mol43,1.8500315700759746
1,76,mol44,2.043621718981797
1,76,mol45,1.9915887135651273
1,76,mol46,1.8389542835106325
1,76,mol47,0.6266116486164443
1,76,mol48,1.7891046686088814
1,76,mol49,4.156302908882438
1,76,mol50,3.111102745812166
1,76,mol51,6.693383442962445
1,76,mol52,1.1961439052221094
1,76,mol53,1.7351765006503201
1,76,mol54,1.996004996236232
1,76,mol55,5.319634739313019
1,76,mol56,2.127011311186818
1,76,mol57,3.0212757487938764
1,76,mol58,1.1703150110730258
1,76,mol59,5.801148047800538
1,76,mol60,3.9841242688952363
1,76,mol61,2.412076534754276
1,76,mol62,5.230676504098329
1,76,mol63,5.180372093097287
1,76,mol64,1.281729180204964
1,76,mol65,4.535512866647983
1,76,mol66,5.274968597593734
1,76,mol67,2.290341467646485
1,76,mol68,2.270324784569065
1,76,mol69,3.8010457270939884
1,76,mol70,5.259015595174226
1,76,mol71,2.257342581380657
1,76,mol72,1.6603105228306607
1,76,mol73,5.614501875973727
1,76,mol74,0.8406687101909514
1,76,mol75,4.820762412781594
1,76,mol76,1.142523138947436
1,76,mol77,6.474060606713064
1,76,mol79,0.7183508641325629
1,76,mol80,6.3373876843696415
1,76,mol81,0.8703132961345424
1,76,mol82,3.7792558112753927
1,76,mol83,1.0627200188295376
1,76,mol84,5.979561346071179
1,76,mol85,0.8802857853126616
1,76,mol86,1.3414766703152166
1,76,mol87,6.264382059792698
1,76,mol88,4.866330303701366
1,76,mol89,1.0096182025894738
1,76,mol90,0.9411091546055395
1,76,mol91,6.278192556100091
1,76,mol92,1.68591380947039
1,76,mol93,0.8898108840506502
1,76,mol94,4.971551371861259
1,76,mol95,5.840917189018721
1,76,mol96,1.4211337385085447
1,77,mol0,1.3937788601408798
1,77,mol1,4.797804775623954
1,77,mol2,0.5531764371392374
1,77,mol3,1.8096287108001965
1,77,mol4,2.164215476895677
1,77,mol5,5.319741065976075
1,77,mol6,5.123961845177356
1,77,mol7,3.738828250936381
1,77,mol8,4.1598750003677045
1,77,mol9,6.736414283960189
1,77,mol10,0.8748567630129368
1,77,mol11,3.436395043968939
1,77,mol12,3.671852784868969
1,77,mol13,1.777346964616526
1,77,mol14,7.264694117684069
1,77,mol15,1.522727627871843
1,77,mol16,3.49043894775428
1,77,mol17,3.8792352722816763
1,77,mol18,4.749106972544066
1,77,mol19,3.990848453232304
1,77,mol20,5.628150380537636
1,77,mol21,1.0529534126175086
1,77,mol22,5.39229678167538
1,77,mol23,1.322814666289783
1,77,mol24,1.5961537575981635
1,77,mol25,2.441070663612588
1,77,mol26,4.008615250469456
1,77,mol27,4.097671519289949
1,77,mol28,5.837879355312122
1,77,mol29,2.170406675174269
1,77,mol30,6.524646858171418
1,77,mol31,1.5748531399590964
1,77,mol32,7.239267916643738
1,77,mol33,3.363314555197001
1,77,mol34,4.268528190673154
1,77,mol35,4.933827594893141
1,77,mol36,1.1049375421262506
1,77,mol37,5.022192453334832
1,77,mol38,6.473573117683927
1,77,mol39,4.524173927028006
1,77,mol40,2.494125983357125
1,77,mol41,2.035196981672911
1,77,mol42,0.8198255716277315
1,77,mol43,6.184249302708903
1,77,mol44,5.539295204770029
1,77,mol45,5.55804951281087
1,77,mol46,2.1543032000845974
1,77,mol47,5.954153274714035
1,77,mol48,2.5066704250858343
1,77,mol49,3.4761948971098144
1,77,mol50,1.8365249409241255
1,77,mol51,1.6416149816132715
1,77,mol52,0.6859013901429273
1,77,mol53,7.836858932880164
1,77,mol54,2.5755987148622355
1,77,mol55,0.9150073807159732
1,77,mol56,2.1320269544692283
1,77,mol57,2.0636957976528425
1,77,mol58,4.1810328002266886
1,77,mol59,2.492544831927134
1,77,mol60,3.857948571573899
1,77,mol61,2.412076534754276
1,77,mol62,1.66561342769753
1,77,mol63,0.9199596982860655
1,77,mol64,1.013578444724981
1,77,mol65,4.5529514944251535
1,77,mol66,5.274968597593734
1,77,mol67,2.3926014946299063
1,77,mol68,5.880064897017962
1,77,mol69,5.41160353394894
1,77,mol70,0.935572800252032
1,77,mol71,2.257342581380657
1,77,mol72,5.009369015931825
1,77,mol73,2.7714834942792828
1,77,mol74,2.3235925779984345
1,77,mol75,4.816595911748584
1,77,mol76,1.715205776682097
1,77,mol77,6.455705937033884
1,77,mol79,1.7579701544679305
1,77,mol80,1.2463473188252372
1,77,mol81,4.035207827432365
1,77,mol82,4.045582683837361
1,77,mol83,1.107363899918227
1,77,mol84,6.247521612379013
1,77,mol85,6.048587786490525
1,77,mol86,3.308088878340484
1,77,mol87,0.6509780467638071
1,77,mol88,3.1290057539185763
1,77,mol89,2.85867763047882
1,77,mol90,6.546030001616157
1,77,mol91,5.189614726235919
1,77,mol92,3.890600878422919
1,77,mol93,0.6037553907626831
1,77,mol94,4.046357835380411
1,77,mol95,5.806521810176147
1,77,mol96,5.376356529286354
1,78,mol0,2.236312722743051
1,78,mol1,4.948725080765751
1,78,mol2,5.988720137538369
1,78,mol3,1.8096287108001965
1,78,mol4,2.9803915638575154
1,78,mol5,4.869228654818258
1,78,mol6,4.504156096410662
1,78,mol7,2.358571526982961
1,78,mol8,1.9761386585033904
1,78,mol9,2.3709061292498035
1,78,mol10,0.7524332479573049
1,78,mol11,3.436382837426171
1,78,mol12,4.392160448695304
1,78,mol13,2.155961724833576
1,78,mol14,1.1672944332017452
1,78,mol15,1.6880167239287525
1,78,mol16,3.49043894775428
1,78,mol17,6.312860680094699
1,78,mol18,3.480571238317067
1,78,mol19,9.874401321274608
1,78,mol20,5.581193458343785
1,78,mol21,0.6542435614618501
1,78,mol22,4.716751296178335
1,78,mol23,1.5092671277719436
1,78,mol24,6.182349653991638
1,78,mol25,6.096334743905555
1,78,mol26,4.081247152843429
1,78,mol27,4.027343436063034
1,78,mol28,5.733617301226432
1,78,mol29,0.9598393894760432
1,78,mol30,0.9717787884028668
1,78,mol31,1.1523195050450707
1,78,mol32,7.6946009451945905
1,78,mol33,4.318951519663077
1,78,mol34,0.8488939561907265
1,78,mol35,4.930412617752222
1,78,mol36,2.3577927487982726
1,78,mol37,3.1900571340233603
1,78,mol38,2.598438829374284
1,78,mol39,4.524173927028006
1,78,mol40,1.6542825266561936
1,78,mol41,2.035196981672911
1,78,mol42,5.571699517675299
1,78,mol43,1.8500315700759746
1,78,mol44,5.523456668742011
1,78,mol45,5.608505536466148
1,78,mol46,2.1543032000845974
1,78,mol47,5.9059053538886745
1,78,mol48,3.7515679199629632
1,78,mol49,1.1965938169204735
1,78,mol50,3.5182146136538166
1,78,mol51,3.458911860996585
1,78,mol52,1.1218231598607684
1,78,mol53,2.0855550170921364
1,78,mol54,1.996004996236232
1,78,mol55,5.32060952564758
1,78,mol56,1.3127948276799897
1,78,mol57,5.576974061733657
1,78,mol58,3.948354320762729
1,78,mol59,2.3706124373367223
1,78,mol60,4.78029281995836
1,78,mol61,1.8248897794313965
1,78,mol62,7.39900955647728
1,78,mol63,0.9314602321718556
1,78,mol64,0.9848986113921688
1,78,mol65,3.6713925566065373
1,78,mol66,2.2601840902015042
1,78,mol67,5.657499051933777
1,78,mol68,2.266916160526706
1,78,mol69,3.417335346159067
1,78,mol70,5.259015595174226
1,78,mol71,1.3616361559325814
1,78,mol72,2.274287639142322
1,78,mol73,1.5273854671668512
1,78,mol74,0.6210307402167123
1,78,mol75,4.820762412781594
1,78,mol76,2.8923131293450606
1,78,mol77,2.5190206815227603
1,78,mol79,0.8537087231603058
1,78,mol80,6.336048701043892
1,78,mol81,0.889051773681215
1,78,mol82,0.4933917713136287
1,78,mol83,1.2765218766550566
1,78,mol84,6.258496923611703
1,78,mol85,3.668222055990998
1,78,mol86,2.0176314856781947
1,78,mol87,0.8278031112847012
1,78,mol88,2.9153173235420606
1,78,mol89,3.4043925941348188
1,78,mol90,3.9097853190274203
1,78,mol91,0.7650106271849316
1,78,mol92,3.8699728464450787
1,78,mol93,0.5352249381101369
1,78,mol94,4.133402850725886
1,78,mol95,5.98147444765492
1,78,mol96,1.4795210106345538
1,79,mol0,2.844128909251306
1,79,mol1,4.797804775623954
1,79,mol2,3.2034381143428137
1,79,mol3,2.1522867284422333
1,79,mol4,3.353647153538187
1,79,mol5,4.48915250669735
1,79,mol6,4.709341816686159
1,79,mol7,2.9356029803808705
1,79,mol8,3.8097610766017165
1,79,mol9,2.9932364165135468
1,79,mol10,0.8748567630129368
1,79,mol11,4.231063031530694
1,79,mol12,3.7228566169564825
1,79,mol13,1.61471737334726
1,79,mol14,1.1672944332017452
1,79,mol15,0.8897930760339141
1,79,mol16,3.303210179204466
1,79,mol17,6.043998153587691
1,79,mol18,3.480571238317067
1,79,mol19,9.845188645416915
1,79,mol20,5.823935594479789
1,79,mol21,6.387254688876233
1,79,mol22,3.7489721922592776
1,79,mol23,1.5844676873203072
1,79,mol24,1.4473536729966323
1,79,mol25,2.63358011170156
1,79,mol26,3.998470832289097
1,79,mol27,4.019253290848936
1,79,mol28,1.8992324260619415
1,79,mol29,5.9996936380973365
1,79,mol30,0.9367880712908443
1,79,mol31,2.5718237692820054
1,79,mol32,3.6946840083529398
1,79,mol33,4.318860336385052
1,79,mol34,6.473240623653217
1,79,mol35,4.8928156496326665
1,79,mol36,4.006310770414953
1,79,mol37,2.6686381430110258
1,79,mol38,6.519281156308568
1,79,mol39,5.660506220345617
1,79,mol40,1.5335106793610163
1,79,mol41,1.4938880679199777
1,79,mol42,2.8253209337031167
1,79,mol43,6.229441692858376
1,79,mol44,2.4733818502918106
1,79,mol45,5.561579903331684
1,79,mol46,1.9156128616684203
1,79,mol47,0.781921049645543
1,79,mol48,3.2923620325434038
1,79,mol49,3.698999635192446
1,79,mol50,3.2794667324956133
1,79,mol51,2.9997473409875544
1,79,mol52,2.0886564897081565
1,79,mol53,2.0855550170921364
1,79,mol54,1.996004996236232
1,79,mol55,5.3513823168301435
1,79,mol56,2.1921275722267324
1,79,mol57,5.763642575685101
1,79,mol58,6.389125966783608
1,79,mol59,3.3620884622590697
1,79,mol60,3.310722090832644
1,79,mol61,1.4221715754436945
1,79,mol62,1.9603426260679402
1,79,mol63,5.1815741776254916
1,79,mol64,0.9941040003999135
1,79,mol65,3.627603561419513
1,79,mol66,5.274448596166238
1,79,mol67,5.708770887300015
1,79,mol68,2.266916160526706
1,79,mol69,4.961936253280732
1,79,mol70,0.935572800252032
1,79,mol71,6.115332386574398
1,79,mol72,5.483431412901963
1,79,mol73,5.614501875973727
1,79,mol74,3.597634413668483
1,79,mol75,4.816595911748584
1,79,mol76,0.8460060437494558
1,79,mol77,2.4671129710901387
1,79,mol79,0.7183508641325629
1,79,mol80,6.324571884709443
1,79,mol81,4.035207827432365
1,79,mol82,0.5014784776332998
1,79,mol83,1.0437319586842912
1,79,mol84,5.709990179125905
1,79,mol85,0.6795488851826195
1,79,mol86,6.209752000845121
1,79,mol87,0.7224089026524929
1,79,mol88,5.421514760885559
1,79,mol89,3.2357457540727763
1,79,mol90,1.0656060632611017
1,79,mol91,0.6332400072363605
1,79,mol92,3.914847175816701
1,79,mol93,0.6230877371004825
1,79,mol94,6.0742285489828065
1,79,mol95,5.883981161725322
1,79,mol96,5.376279265355447
1,80,mol0,1.768045246565381
1,80,mol1,3.635411349260677
1,80,mol2,0.7976211949328208
1,80,mol3,2.1522867284422333
1,80,mol4,0.7226275515511914
1,80,mol5,4.869460227356463
1,80,mol6,3.053525802112481
1,80,mol7,3.738882893325224
1,80,mol8,1.8335234681230277
1,80,mol9,0.7111466029287796
1,80,mol10,0.8884947993213311
1,80,mol11,3.436382837426171
1,80,mol12,3.700162785664526
1,80,mol13,6.310977306583387
1,80,mol14,7.264694117684069
1,80,mol15,1.6412870213886868
1,80,mol16,3.303210179204466
1,80,mol17,3.82562909866749
1,80,mol18,3.873178871418153
1,80,mol19,9.844396283516987
1,80,mol20,5.8313318721577865
1,80,mol21,0.6542435614618501
1,80,mol22,4.669165532869159
1,80,mol23,1.23807996216024
1,80,mol24,1.4805438872607803
1,80,mol25,2.4391764644547553
1,80,mol26,3.998470832289097
1,80,mol27,4.098898221717636
1,80,mol28,2.6362977367746376
1,80,mol29,2.2804019724938516
1,80,mol30,0.9377236995334325
1,80,mol31,6.384310781431497
1,80,mol32,4.85819035243848
1,80,mol33,4.31920971535303
1,80,mol34,0.8488174195398476
1,80,mol35,4.864600508810829
1,80,mol36,3.966321721047996
1,80,mol37,5.00547448550085
1,80,mol38,6.262745260666444
1,80,mol39,1.711709091355354
1,80,mol40,5.411251526561511
1,80,mol41,1.6411127952831597
1,80,mol42,0.6029790731290589
1,80,mol43,6.2326153150851
1,80,mol44,2.1465107529772727
1,80,mol45,5.619538853322397
1,80,mol46,5.439274196357258
1,80,mol47,0.781921049645543
1,80,mol48,1.7891046686088814
1,80,mol49,3.6989941804911903
1,80,mol50,1.2234079318556315
1,80,mol51,3.458911860996585
1,80,mol52,0.716681314811542
1,80,mol53,1.7351765006503201
1,80,mol54,1.2991254616086931
1,80,mol55,5.319634739313019
1,80,mol56,2.1921275722267324
1,80,mol57,1.3182881192099096
1,80,mol58,0.828432079809288
1,80,mol59,2.4739924683820504
1,80,mol60,1.8777171388780483
1,80,mol61,2.879189974967129
1,80,mol62,0.7242248603997606
1,80,mol63,5.250632392668638
1,80,mol64,1.2932188232167914
1,80,mol65,4.511666623583012
1,80,mol66,1.0124429868392588
1,80,mol67,3.567562682147664
1,80,mol68,2.2889166642759196
1,80,mol69,2.7649085431333695
1,80,mol70,0.6894510665325404
1,80,mol71,1.610023883939969
1,80,mol72,2.274287639142322
1,80,mol73,5.612906113619975
1,80,mol74,2.3235925779984345
1,80,mol75,5.933250192790111
1,80,mol76,3.755300862982239
1,80,mol77,2.500949519076644
1,80,mol79,2.8138451066112364
1,80,mol80,6.324571884709443
1,80,mol81,3.0995174203644758
1,80,mol82,0.5772187158108727
1,80,mol83,3.3993329665345255
1,80,mol84,6.26214721367314
1,80,mol85,6.048587786490525
1,80,mol86,1.3214984059770942
1,80,mol87,1.008050445949481
1,80,mol88,2.7107213989084165
1,80,mol89,3.2357457540727763
1,80,mol90,6.546030001616157
1,80,mol91,5.218063516258295
1,80,mol92,3.915300065460193
1,80,mol93,5.2751266960495835
1,80,mol94,5.34431625849681
1,80,mol95,5.840917189018721
1,80,mol96,5.376279265355447
1,81,mol0,1.8969379970452767
1,81,mol1,4.797804775623954
1,81,mol2,5.988720137538369
1,81,mol3,2.0103709843613213
1,81,mol4,0.7876727056997399
1,81,mol5,5.102917006651608
1,81,mol6,2.8699595954860104
1,81,mol7,3.965820640568342
1,81,mol8,3.673174120387463
1,81,mol9,0.7384642438389089
1,81,mol10,0.8861188989960065
1,81,mol11,3.4356090058490985
1,81,mol12,3.054500770516081
1,81,mol13,1.606021321546871
1,81,mol14,0.9619121900419766
1,81,mol15,1.4049323517147494
1,81,mol16,3.4918119456809245
1,81,mol17,2.088132003353373
1,81,mol18,4.744541087221538
1,81,mol19,3.357397660925757
1,81,mol20,5.581193458343785
1,81,mol21,0.6542435614618501
1,81,mol22,2.8044141066658943
1,81,mol23,1.424520216338384
1,81,mol24,6.18187956658729
1,81,mol25,2.5100800624183286
1,81,mol26,4.008615250469456
1,81,mol27,4.019253290848936
1,81,mol28,1.8822944531090582
1,81,mol29,0.8983953713890858
1,81,mol30,0.9039916911633136
1,81,mol31,5.791530130411428
1,81,mol32,7.239267916643738
1,81,mol33,4.31920971535303
1,81,mol34,1.341358716376794
1,81,mol35,4.925231194900987
1,81,mol36,3.9929023043395393
1,81,mol37,3.1900571340233603
1,81,mol38,6.510603016618354
1,81,mol39,1.5556970295382981
1,81,mol40,5.424000750447695
1,81,mol41,3.639376908280635
1,81,mol42,5.571699517675299
1,81,mol43,1.7311806229179745
1,81,mol44,2.1465107529772727
1,81,mol45,5.583150577381403
1,81,mol46,1.8389542835106325
1,81,mol47,3.102754638391602
1,81,mol48,1.788854502055382
1,81,mol49,4.137977393467267
1,81,mol50,1.2234079318556315
1,81,mol51,3.458911860996585
1,81,mol52,6.511409947315558
1,81,mol53,7.9833131651560905
1,81,mol54,6.2157155481086805
1,81,mol55,5.203729120515969
1,81,mol56,1.3149858844299436
1,81,mol57,5.586767339906863
1,81,mol58,6.763737348283967
1,81,mol59,5.801148047800538
1,81,mol60,3.310722090832644
1,81,mol61,2.298936415749364
1,81,mol62,7.481640224119166
1,81,mol63,5.250632392668638
1,81,mol64,0.842472734309874
1,81,mol65,4.535512866647983
1,81,mol66,1.138380524077955
1,81,mol67,5.454568452368982
1,81,mol68,2.270324784569065
1,81,mol69,4.961936253280732
1,81,mol70,6.377952841871979
1,81,mol71,2.1288514994844387
1,81,mol72,5.450232218702041
1,81,mol73,5.614501875973727
1,81,mol74,5.964626322623188
1,81,mol75,4.816595911748584
1,81,mol76,6.006996552657273
1,81,mol77,2.7622036810774064
1,81,mol79,1.7579701544679305
1,81,mol80,1.2102902127766122
1,81,mol81,3.0995174203644758
1,81,mol82,0.8690063250294421
1,81,mol83,1.107363899918227
1,81,mol84,6.247521612379013
1,81,mol85,0.7064257250412105
1,81,mol86,2.0176314856781947
1,81,mol87,6.264382059792698
1,81,mol88,3.1290057539185763
1,81,mol89,1.0096243088396792
1,81,mol90,6.578268262620489
1,81,mol91,0.698368039452989
1,81,mol92,1.6389293170531474
1,81,mol93,5.2751266960495835
1,81,mol94,5.915261182713932
1,81,mol95,5.83757537161027
1,81,mol96,4.717436899708069
1,82,mol0,2.236312722743051
1,82,mol1,3.635411349260677
1,82,mol2,5.962369363869713
1,82,mol3,2.490163741890997
1,82,mol4,2.997400026254639
1,82,mol5,1.2305537893107703
1,82,mol6,4.572281623696083
1,82,mol7,3.738882893325224
1,82,mol8,4.317921631836804
1,82,mol9,0.9280524304770102
1,82,mol10,0.8947014750595219
1,82,mol11,3.4366217545619673
1,82,mol12,3.054500770516081
1,82,mol13,1.606021321546871
1,82,mol14,0.955183170066547
1,82,mol15,1.2853338056093075
1,82,mol16,3.3032232052950947
1,82,mol17,6.043998153587691
1,82,mol18,4.748461716177145
1,82,mol19,9.843813965998114
1,82,mol20,6.0733297281661764
1,82,mol21,0.6453295131724788
1,82,mol22,1.1674014797831973
1,82,mol23,7.194471386268615
1,82,mol24,1.429692435455962
1,82,mol25,2.5100800624183286
1,82,mol26,4.008615250469456
1,82,mol27,4.098603386520828
1,82,mol28,1.9030409236070247
1,82,mol29,2.2198140883693567
1,82,mol30,0.9392688172326606
1,82,mol31,3.2216076357589682
1,82,mol32,1.2408813232622418
1,82,mol33,2.362825303148754
1,82,mol34,4.099264309639684
1,82,mol35,4.930412617752222
1,82,mol36,1.116485959479243
1,82,mol37,5.018222481284251
1,82,mol38,2.598438829374284
1,82,mol39,5.164036923819525
1,82,mol40,1.0580483857420833
1,82,mol41,0.9468960936160119
1,82,mol42,1.6145177476164272
1,82,mol43,5.537098779971933
1,82,mol44,5.54964419853148
1,82,mol45,1.302579756154247
1,82,mol46,2.1693259950112567
1,82,mol47,5.9853225016778255
1,82,mol48,3.7515917994264525
1,82,mol49,3.533742250569718
1,82,mol50,3.112737838229467
1,82,mol51,2.2304966349074222
1,82,mol52,0.7324168771949484
1,82,mol53,7.836858932880164
1,82,mol54,6.319223538932612
1,82,mol55,0.9031965526102603
1,82,mol56,1.3128418353264546
1,82,mol57,2.4927549458881835
1,82,mol58,1.1703150110730258
1,82,mol59,1.2086721043497834
1,82,mol60,3.3122973967543214
1,82,mol61,2.879189974967129
1,82,mol62,1.66561342769753
1,82,mol63,5.250632392668638
1,82,mol64,1.2932188232167914
1,82,mol65,3.8396809869019677
1,82,mol66,5.274569505997622
1,82,mol67,2.290341467646485
1,82,mol68,5.741061072061754
1,82,mol69,2.903410158621959
1,82,mol70,1.0680384190521561
1,82,mol71,1.3616361559325814
1,82,mol72,5.009369015931825
1,82,mol73,0.7955995712747086
1,82,mol74,0.8406687101909514
1,82,mol75,2.967548359315826
1,82,mol76,6.2054761692126945
1,82,mol77,2.0279440402296687
1,82,mol79,3.078716907089705
1,82,mol80,1.3469306225637607
1,82,mol81,0.887150458651583
1,82,mol82,0.5014784776332998
1,82,mol83,1.0627200188295376
1,82,mol84,5.712731465770117
1,82,mol85,0.8802857853126616
1,82,mol86,6.189360497014211
1,82,mol87,6.264382059792698
1,82,mol88,2.9367344027848343
1,82,mol89,1.7830444371916254
1,82,mol90,0.8610163725641515
1,82,mol91,5.965354417334461
1,82,mol92,1.5994250363918396
1,82,mol93,5.2751266960495835
1,82,mol94,4.971551371861259
1,82,mol95,5.83757537161027
1,82,mol96,1.4211337385085447
1,83,mol0,2.3624347886212234
1,83,mol1,4.941402551064492
1,83,mol2,5.416418675432666
1,83,mol3,2.9469388475081018
1,83,mol4,0.7876727056997399
1,83,mol5,4.868744697723727
1,83,mol6,3.734391490182094
1,83,mol7,3.8796240926829904
1,83,mol8,2.7860939867302994
1,83,mol9,0.7274497602682165
1,83,mol10,0.8539922919657074
1,83,mol11,4.121977980247209
1,83,mol12,3.2690448373722254
1,83,mol13,6.432601395359342
1,83,mol14,0.9760112990872319
1,83,mol15,0.91232569337352
1,83,mol16,3.49043894775428
1,83,mol17,1.5621321091014402
1,83,mol18,4.749019371056162
1,83,mol19,9.845188645416915
1,83,mol20,4.122931106791787
1,83,mol21,1.047454412509544
1,83,mol22,1.1246751004919895
1,83,mol23,1.23807996216024
1,83,mol24,1.4451993950936137
1,83,mol25,2.5086719254916536
1,83,mol26,2.994860238561813
1,83,mol27,4.019253290848936
1,83,mol28,6.370192582766902
1,83,mol29,5.9996936380973365
1,83,mol30,0.9039916911633136
1,83,mol31,1.5748531399590964
1,83,mol32,1.8628961522882925
1,83,mol33,4.318949988735688
1,83,mol34,4.099264309639684
1,83,mol35,4.926708796791941
1,83,mol36,2.3577927487982726
1,83,mol37,5.018222481284251
1,83,mol38,2.4968743811013003
1,83,mol39,1.5556970295382981
1,83,mol40,5.418274937204908
1,83,mol41,1.4938880679199777
1,83,mol42,2.8253209337031167
1,83,mol43,6.229441692858376
1,83,mol44,5.5337217032588155
1,83,mol45,5.517327446560647
1,83,mol46,1.9924887238669236
1,83,mol47,0.5635973799324006
1,83,mol48,1.7892858460982748
1,83,mol49,4.137977393467267
1,83,mol50,3.112737838229467
1,83,mol51,1.9728320615539576
1,83,mol52,1.1302959289495826
1,83,mol53,4.1144163981663295
1,83,mol54,6.2157155481086805
1,83,mol55,0.9150073807159732
1,83,mol56,2.1921275722267324
1,83,mol57,3.0212757487938764
1,83,mol58,1.1816389305899302
1,83,mol59,1.180611550685115
1,83,mol60,3.1714034588949587
1,83,mol61,2.7860353935997013
1,83,mol62,2.733720676641038
1,83,mol63,5.180372093097287
1,83,mol64,1.2932188232167914
1,83,mol65,3.6713925566065373
1,83,mol66,4.175060444304968
1,83,mol67,5.529144624194882
1,83,mol68,5.742250961724729
1,83,mol69,2.7649085431333695
1,83,mol70,3.067838151160241
1,83,mol71,1.5341597787900527
1,83,mol72,5.453582623071432
1,83,mol73,0.8419783639218412
1,83,mol74,0.6210307402167123
1,83,mol75,6.371958992449922
1,83,mol76,6.2054761692126945
1,83,mol77,5.266589644622836
1,83,mol79,0.7183508641325629
1,83,mol80,2.586761445569675
1,83,mol81,4.047500917744536
1,83,mol82,0.5772187158108727
1,83,mol83,1.0614073609079002
1,83,mol84,6.232437760161406
1,83,mol85,0.9797823973599804
1,83,mol86,6.199458029295788
1,83,mol87,2.0158673271141416
1,83,mol88,4.0591805614283505
1,83,mol89,3.9625373064489873
1,83,mol90,6.520037190416307
1,83,mol91,0.698368039452989
1,83,mol92,3.915416062608587
1,83,mol93,0.6170464300804276
1,83,mol94,5.915261182713932
1,83,mol95,5.821145838719473
1,83,mol96,4.23828019827511
1,84,mol0,6.288231587753389
1,84,mol1,2.5272700432812214
1,84,mol2,5.988720137538369
1,84,mol3,1.8096287108001965
1,84,mol4,2.162928669751914
1,84,mol5,4.868744697723727
1,84,mol6,5.123961845177356
1,84,mol7,3.0830001426327702
1,84,mol8,6.776249735793547
1,84,mol9,6.332480170810983
1,84,mol10,0.8947014750595219
1,84,mol11,4.231063031530694
1,84,mol12,3.570985865100841
1,84,mol13,2.710443584981695
1,84,mol14,0.9760112990872319
1,84,mol15,1.6880167239287525
1,84,mol16,3.3006976365610954
1,84,mol17,3.82562909866749
1,84,mol18,3.8747322815045346
1,84,mol19,9.842897735058537
1,84,mol20,5.82353538000433
1,84,mol21,6.303901900342586
1,84,mol22,4.669165532869159
1,84,mol23,1.23807996216024
1,84,mol24,6.177740616370835
1,84,mol25,6.076417669544285
1,84,mol26,4.008615250469456
1,84,mol27,4.099239895395242
1,84,mol28,2.323387148992299
1,84,mol29,0.9278417151979849
1,84,mol30,1.0161518300898107
1,84,mol31,1.1523195050450707
1,84,mol32,7.0622125365251245
1,84,mol33,3.5136963575699025
1,84,mol34,6.473240623653217
1,84,mol35,4.875481346029731
1,84,mol36,1.116485959479243
1,84,mol37,5.015749730432464
1,84,mol38,6.462733831746439
1,84,mol39,1.7097887895459902
1,84,mol40,2.081858997077921
1,84,mol41,2.035196981672911
1,84,mol42,0.7900409479727514
1,84,mol43,1.8500315700759746
1,84,mol44,2.1465107529772727
1,84,mol45,5.608505536466148
1,84,mol46,2.1693259950112567
1,84,mol47,5.922800012023388
1,84,mol48,3.7515679199629632
1,84,mol49,3.5767284344022454
1,84,mol50,1.8365249409241255
1,84,mol51,1.9728320615539576
1,84,mol52,3.152781156693246
1,84,mol53,1.5520381298766177
1,84,mol54,3.0598966935176097
1,84,mol55,5.203729120515969
1,84,mol56,1.3129791447632875
1,84,mol57,2.635269071698372
1,84,mol58,3.948354320762729
1,84,mol59,5.801148047800538
1,84,mol60,3.3122973967543214
1,84,mol61,6.2553762211435995
1,84,mol62,1.9603426260679402
1,84,mol63,5.217561059650043
1,84,mol64,4.767023317339192
1,84,mol65,3.7570590593300657
1,84,mol66,4.479571912761307
1,84,mol67,3.0409012266102953
1,84,mol68,5.741061072061754
1,84,mol69,3.8010457270939884
1,84,mol70,5.259015595174226
1,84,mol71,2.257342581380657
1,84,mol72,5.483431412901963
1,84,mol73,1.5792324291606037
1,84,mol74,0.7267165870827338
1,84,mol75,4.820762412781594
1,84,mol76,0.650879913981252
1,84,mol77,2.652065261549035
1,84,mol79,3.0796910192420284
1,84,mol80,1.349061029753658
1,84,mol81,3.0995174203644758
1,84,mol82,0.8603426601890531
1,84,mol83,1.06479771812599
1,84,mol84,1.7367404773639283
1,84,mol85,0.8802857853126616
1,84,mol86,2.980589588822989
1,84,mol87,2.4331583258023
1,84,mol88,3.0603225006615813
1,84,mol89,1.0093784052574137
1,84,mol90,6.528209230152406
1,84,mol91,5.218063516258295
1,84,mol92,1.5994250363918396
1,84,mol93,0.5401776935648119
1,84,mol94,5.362053653918432
1,84,mol95,5.836032104685775
1,84,mol96,1.4908143086002603
1,85,mol0,1.3937788601408798
1,85,mol1,4.773255338340911
1,85,mol2,0.7976211949328208
1,85,mol3,2.5478173374946045
1,85,mol4,0.7960793629870793
1,85,mol5,4.870154868306585
1,85,mol6,3.734391490182094
1,85,mol7,3.738828250936381
1,85,mol8,6.776249735793547
1,85,mol9,0.7111466029287796
1,85,mol10,4.05097472714901
1,85,mol11,3.3780808982848747
1,85,mol12,3.700162785664526
1,85,mol13,1.2596284293393827
1,85,mol14,0.46788438367452123
1,85,mol15,0.91232569337352
1,85,mol16,3.49043894775428
1,85,mol17,3.82562909866749
1,85,mol18,4.748941965848814
1,85,mol19,9.277947338039588
1,85,mol20,4.727146843956122
1,85,mol21,1.0461705777330417
1,85,mol22,1.1946726846016584
1,85,mol23,7.194471386268615
1,85,mol24,1.5961537575981635
1,85,mol25,2.441070663612588
1,85,mol26,4.035161919326805
1,85,mol27,4.376638273378324
1,85,mol28,1.8993524289164372
1,85,mol29,0.9159442219329231
1,85,mol30,6.427059536474251
1,85,mol31,6.384310781431497
1,85,mol32,3.6946840083529398
1,85,mol33,3.363351061842936
1,85,mol34,4.268528190673154
1,85,mol35,4.937849867783973
1,85,mol36,1.094310408039171
1,85,mol37,5.018222481284251
1,85,mol38,6.477655233570246
1,85,mol39,1.5794454548534251
1,85,mol40,2.112392688939657
1,85,mol41,4.464038995007479
1,85,mol42,2.6230436237518546
1,85,mol43,6.190550551198531
1,85,mol44,2.1869249283088847
1,85,mol45,2.1316890294519304
1,85,mol46,5.043470955914972
1,85,mol47,0.6266116486164443
1,85,mol48,1.5348464700635915
1,85,mol49,4.137977393467267
1,85,mol50,4.5574525464541935
1,85,mol51,6.693383442962445
1,85,mol52,0.6859013901429273
1,85,mol53,7.9833131651560905
1,85,mol54,6.319223538932612
1,85,mol55,0.909581859815752
1,85,mol56,1.3128418353264546
1,85,mol57,2.4927549458881835
1,85,mol58,3.9517602395460605
1,85,mol59,5.901616541277295
1,85,mol60,3.8938323724250705
1,85,mol61,3.146768981693181
1,85,mol62,5.881366085581782
1,85,mol63,5.1815741776254916
1,85,mol64,0.9941040003999135
1,85,mol65,4.593969255063707
1,85,mol66,1.0124429868392588
1,85,mol67,2.819742836631887
1,85,mol68,2.266916160526706
1,85,mol69,2.7665172882065896
1,85,mol70,2.710530858179419
1,85,mol71,3.872464235526078
1,85,mol72,1.9998699732732623
1,85,mol73,1.0933106015961336
1,85,mol74,5.870164438347131
1,85,mol75,2.954205124654784
1,85,mol76,1.715205776682097
1,85,mol77,2.500949519076644
1,85,mol79,3.1826969293352456
1,85,mol80,2.1317736396182942
1,85,mol81,6.336389226793804
1,85,mol82,3.7792558112753927
1,85,mol83,7.564841961788898
1,85,mol84,5.712731465770117
1,85,mol85,0.6795488851826195
1,85,mol86,6.187483721352323
1,85,mol87,0.7224089026524929
1,85,mol88,4.0591805614283505
1,85,mol89,1.009374506811025
1,85,mol90,6.528209230152406
1,85,mol91,0.7650106271849316
1,85,mol92,3.891770031794064
1,85,mol93,0.8996121195409721
1,85,mol94,4.971142309899988
1,85,mol95,5.840917189018721
1,85,mol96,1.4211337385085447
1,86,mol0,2.3624347886212234
1,86,mol1,3.768734180729651
1,86,mol2,4.9359547516159425
1,86,mol3,1.8096287108001965
1,86,mol4,0.737906118100694
1,86,mol5,4.870154868306585
1,86,mol6,4.1728873093325785
1,86,mol7,2.3604878098660698
1,86,mol8,1.8335234681230277
1,86,mol9,0.7111466029287796
1,86,mol10,5.004484259457501
1,86,mol11,4.157809959023758
1,86,mol12,4.392160448695304
1,86,mol13,6.42685910485707
1,86,mol14,0.9619121900419766
1,86,mol15,1.1571541917225432
1,86,mol16,2.894973166024169
1,86,mol17,6.065380071991719
1,86,mol18,3.8728052294170436
1,86,mol19,9.844464760085442
1,86,mol20,3.7289968382206307
1,86,mol21,2.766725507165465
1,86,mol22,1.1946726846016584
1,86,mol23,1.2183157041033594
1,86,mol24,3.3264289255659896
1,86,mol25,2.4864386619721794
1,86,mol26,4.081247152843429
1,86,mol27,4.099239895395242
1,86,mol28,1.9104289887419632
1,86,mol29,6.404443371177185
1,86,mol30,0.9717787884028668
1,86,mol31,1.1940543713362959
1,86,mol32,6.858712554538897
1,86,mol33,3.3634032807856986
1,86,mol34,0.8415508135069956
1,86,mol35,4.930412617752222
1,86,mol36,1.1267373254540867
1,86,mol37,3.1900571340233603
1,86,mol38,6.477655233570246
1,86,mol39,1.711709091355354
1,86,mol40,2.131666088365088
1,86,mol41,1.4972592615561904
1,86,mol42,2.8253209337031167
1,86,mol43,1.4142432956060522
1,86,mol44,5.523456668742011
1,86,mol45,2.192766904034392
1,86,mol46,5.0065496148860635
1,86,mol47,0.5742531228394926
1,86,mol48,1.7889364627115878
1,86,mol49,3.5767284344022454
1,86,mol50,3.4907813731312367
1,86,mol51,3.458911860996585
1,86,mol52,1.1302959289495826
1,86,mol53,3.9264148489024717
1,86,mol54,2.5755987148622355
1,86,mol55,0.909581859815752
1,86,mol56,3.7822047881603833
1,86,mol57,2.4041208019253113
1,86,mol58,1.1385883525539107
1,86,mol59,1.2086721043497834
1,86,mol60,4.78029281995836
1,86,mol61,1.8248897794313965
1,86,mol62,7.39900955647728
1,86,mol63,0.9609466652886683
1,86,mol64,1.013578444724981
1,86,mol65,4.0484676191775835
1,86,mol66,2.2601840902015042
1,86,mol67,3.0409012266102953
1,86,mol68,2.2733110123467806
1,86,mol69,4.322730943981369
1,86,mol70,0.7010036653664106
1,86,mol71,1.5341597787900527
1,86,mol72,1.8309157663129496
1,86,mol73,5.612197547780414
1,86,mol74,5.870164438347131
1,86,mol75,2.9122349922772197
1,86,mol76,6.006996552657273
1,86,mol77,2.652065261549035
1,86,mol79,3.1277752163478754
1,86,mol80,6.184304572914519
1,86,mol81,6.086150259564745
1,86,mol82,0.8690063250294421
1,86,mol83,7.564841961788898
1,86,mol84,1.7367404773639283
1,86,mol85,5.978949434006928
1,86,mol86,1.3715259246547258
1,86,mol87,6.2404053416340455
1,86,mol88,4.040313803441236
1,86,mol89,1.0092561889827574
1,86,mol90,1.0598968122638444
1,86,mol91,5.189614726235919
1,86,mol92,1.5994250363918396
1,86,mol93,0.5401776935648119
1,86,mol94,6.0742285489828065
1,86,mol95,5.883981161725322
1,86,mol96,4.23828019827511
1,87,mol0,6.253898575990859
1,87,mol1,4.946098221662539
1,87,mol2,5.416418675432666
1,87,mol3,2.215913930445598
1,87,mol4,2.9944240725199487
1,87,mol5,1.1003301070661158
1,87,mol6,1.7291228658709525
1,87,mol7,2.3604878098660698
1,87,mol8,3.673174120387463
1,87,mol9,6.736414283960189
1,87,mol10,0.7060482635955675
1,87,mol11,3.3780808982848747
1,87,mol12,3.6986103582404204
1,87,mol13,6.432601395359342
1,87,mol14,1.2923492234707328
1,87,mol15,1.6412870213886868
1,87,mol16,3.3006976365610954
1,87,mol17,1.7207249470582366
1,87,mol18,3.480571238317067
1,87,mol19,9.874401321274608
1,87,mol20,6.0733297281661764
1,87,mol21,6.303901900342586
1,87,mol22,3.7997905367708538
1,87,mol23,1.3066917555621351
1,87,mol24,2.958762854373607
1,87,mol25,2.431799266952353
1,87,mol26,3.7346309595559877
1,87,mol27,4.098898221717636
1,87,mol28,1.156937809644328
1,87,mol29,0.8983953713890858
1,87,mol30,0.9717787884028668
1,87,mol31,1.1201254362466864
1,87,mol32,7.239267916643738
1,87,mol33,4.318951519663077
1,87,mol34,0.8415508135069956
1,87,mol35,4.918288706516237
1,87,mol36,1.1267373254540867
1,87,mol37,5.016350419544738
1,87,mol38,6.510603016618354
1,87,mol39,1.7175300593751313
1,87,mol40,5.424000750447695
1,87,mol41,3.639376908280635
1,87,mol42,1.9342397403522384
1,87,mol43,1.868803511831389
1,87,mol44,2.1869249283088847
1,87,mol45,2.1316890294519304
1,87,mol46,5.043470955914972
1,87,mol47,3.102754638391602
1,87,mol48,1.7889453160478448
1,87,mol49,4.137977393467267
1,87,mol50,1.2234079318556315
1,87,mol51,2.480856682920333
1,87,mol52,2.036250068631061
1,87,mol53,3.8666364467242538
1,87,mol54,2.5755987148622355
1,87,mol55,5.241728023977679
1,87,mol56,3.794836777506599
1,87,mol57,5.576974061733657
1,87,mol58,1.1385883525539107
1,87,mol59,2.3971307641173394
1,87,mol60,3.857948571573899
1,87,mol61,1.2234124565249807
1,87,mol62,7.349218005016802
1,87,mol63,0.9048494346640025
1,87,mol64,1.2932188232167914
1,87,mol65,3.6713925566065373
1,87,mol66,5.274816914509925
1,87,mol67,3.567562682147664
1,87,mol68,5.677461279631442
1,87,mol69,2.961431392947528
1,87,mol70,6.67397872307067
1,87,mol71,1.3643895981091951
1,87,mol72,5.453582623071432
1,87,mol73,1.5913249755510344
1,87,mol74,3.597634413668483
1,87,mol75,5.113163821916533
1,87,mol76,0.650879913981252
1,87,mol77,6.455705937033884
1,87,mol79,0.8467282350317602
1,87,mol80,1.3469306225637607
1,87,mol81,4.035207827432365
1,87,mol82,0.5948624003028918
1,87,mol83,1.06479771812599
1,87,mol84,5.682134893053591
1,87,mol85,0.7064257250412105
1,87,mol86,6.199458029295788
1,87,mol87,0.6509780467638071
1,87,mol88,3.0603225006615813
1,87,mol89,1.0093640398785761
1,87,mol90,0.7387518446279348
1,87,mol91,3.543809191973751
1,87,mol92,3.8699728464450787
1,87,mol93,0.6230877371004825
1,87,mol94,5.462416277390436
1,87,mol95,5.821145838719473
1,87,mol96,5.376279265355447
1,88,mol0,2.3624347886212234
1,88,mol1,3.768734180729651
1,88,mol2,0.5531764371392374
1,88,mol3,2.5478173374946045
1,88,mol4,0.7738912208696584
1,88,mol5,5.319741065976075
1,88,mol6,3.734391490182094
1,88,mol7,3.0830001426327702
1,88,mol8,1.8324610781391069
1,88,mol9,0.9280524304770102
1,88,mol10,0.8310690502694642
1,88,mol11,3.43663665184228
1,88,mol12,3.0470047271186393
1,88,mol13,6.42469627797381
1,88,mol14,1.2923492234707328
1,88,mol15,1.6880167239287525
1,88,mol16,2.894973166024169
1,88,mol17,1.7207249470582366
1,88,mol18,4.749056626847063
1,88,mol19,9.844396283516987
1,88,mol20,3.7289968382206307
1,88,mol21,6.387254688876233
1,88,mol22,1.1594158759191342
1,88,mol23,1.4418949630935656
1,88,mol24,6.2016195568916554
1,88,mol25,2.431799266952353
1,88,mol26,3.7346309595559877
1,88,mol27,4.019253290848936
1,88,mol28,2.6362977367746376
1,88,mol29,1.5467447114206312
1,88,mol30,0.9717787884028668
1,88,mol31,3.2216076357589682
1,88,mol32,1.6634787425278705
1,88,mol33,4.318860336385052
1,88,mol34,0.8415508135069956
1,88,mol35,2.550159996372144
1,88,mol36,1.1322563568884412
1,88,mol37,5.019034650043107
1,88,mol38,2.3760566502084917
1,88,mol39,4.524173927028006
1,88,mol40,5.424000750447695
1,88,mol41,1.535435013449386
1,88,mol42,1.5413752453059915
1,88,mol43,1.4142432956060522
1,88,mol44,5.523456668742011
1,88,mol45,5.601043313883584
1,88,mol46,2.1693259950112567
1,88,mol47,5.948331687731672
1,88,mol48,4.712276896929269
1,88,mol49,3.533742250569718
1,88,mol50,3.5191685051624444
1,88,mol51,2.154512720348352
1,88,mol52,0.6859013901429273
1,88,mol53,1.684120229526384
1,88,mol54,1.2991254616086931
1,88,mol55,5.319634739313019
1,88,mol56,3.7947948002823555
1,88,mol57,2.4428359134927584
1,88,mol58,6.763737348283967
1,88,mol59,1.2086721043497834
1,88,mol60,1.4838913581281052
1,88,mol61,1.4221715754436945
1,88,mol62,1.2217845279064465
1,88,mol63,5.250632392668638
1,88,mol64,0.9652078689472946
1,88,mol65,3.8396809869019677
1,88,mol66,4.175060444304968
1,88,mol67,5.529144624194882
1,88,mol68,2.266916160526706
1,88,mol69,4.961936253280732
1,88,mol70,1.0680384190521561
1,88,mol71,6.066223952203357
1,88,mol72,1.9572517705531225
1,88,mol73,3.0014461998031057
1,88,mol74,3.59697143494684
1,88,mol75,5.944230423142648
1,88,mol76,0.650879913981252
1,88,mol77,2.7545516524582734
1,88,mol79,0.8537087231603058
1,88,mol80,6.336048701043892
1,88,mol81,4.047500917744536
1,88,mol82,0.5772187158108727
1,88,mol83,3.3993329665345255
1,88,mol84,6.232437760161406
1,88,mol85,0.7064257250412105
1,88,mol86,6.187483721352323
1,88,mol87,2.0158673271141416
1,88,mol88,2.861207393207358
1,88,mol89,1.0097944419534106
1,88,mol90,0.8918734938978998
1,88,mol91,0.682158042538531
1,88,mol92,3.8699728464450787
1,88,mol93,0.5352249381101369
1,88,mol94,4.046357835380411
1,88,mol95,2.0826002961657677
1,88,mol96,4.505410613211227
1,89,mol0,6.149066675461268
1,89,mol1,4.797804775623954
1,89,mol2,4.949811348195735
1,89,mol3,2.1522867284422333
1,89,mol4,3.353647153538187
1,89,mol5,4.870154868306585
1,89,mol6,3.7387815159710347
1,89,mol7,2.3607375175656666
1,89,mol8,1.8335234681230277
1,89,mol9,2.3709061292498035
1,89,mol10,5.004484259457501
1,89,mol11,3.4356090058490985
1,89,mol12,3.7228566169564825
1,89,mol13,6.42469627797381
1,89,mol14,0.9652059333550449
1,89,mol15,0.8856642183308406
1,89,mol16,3.3001269030144886
1,89,mol17,6.043998153587691
1,89,mol18,4.740806245074073
1,89,mol19,10.01082132915971
1,89,mol20,5.82353538000433
1,89,mol21,1.0505606601103186
1,89,mol22,4.718270369708233
1,89,mol23,1.322814666289783
1,89,mol24,1.4460120520717807
1,89,mol25,2.4214440949049387
1,89,mol26,4.083948175524559
1,89,mol27,3.8186768776632567
1,89,mol28,1.112914200853569
1,89,mol29,0.9598393894760432
1,89,mol30,0.9392688172326606
1,89,mol31,6.474883109049434
1,89,mol32,1.686719545995156
1,89,mol33,3.3635170719352687
1,89,mol34,0.8490878165924386
1,89,mol35,4.864600508810829
1,89,mol36,1.1049375421262506
1,89,mol37,5.015749730432464
1,89,mol38,1.6778090594581967
1,89,mol39,1.7123761925631709
1,89,mol40,5.417289480727424
1,89,mol41,0.9559154865198184
1,89,mol42,6.313702805844309
1,89,mol43,1.4142432956060522
1,89,mol44,2.1869249283088847
1,89,mol45,5.608505536466148
1,89,mol46,5.766155491449995
1,89,mol47,5.953565864558515
1,89,mol48,1.5353225102486419
1,89,mol49,3.5767284344022454
1,89,mol50,3.5635861475995836
1,89,mol51,6.730220360097891
1,89,mol52,1.1218231598607684
1,89,mol53,1.684120229526384
1,89,mol54,6.214656076566104
1,89,mol55,0.9508105679768557
1,89,mol56,4.5877459009027515
1,89,mol57,2.4876082499561702
1,89,mol58,1.15648260909659
1,89,mol59,2.3706124373367223
1,89,mol60,3.8938323724250705
1,89,mol61,2.879189974967129
1,89,mol62,2.01770786081111
1,89,mol63,5.217561059650043
1,89,mol64,1.2932188232167914
1,89,mol65,4.535512866647983
1,89,mol66,1.138380524077955
1,89,mol67,3.567562682147664
1,89,mol68,5.741061072061754
1,89,mol69,2.961431392947528
1,89,mol70,0.6894510665325404
1,89,mol71,6.127569185108049
1,89,mol72,5.4620425345184636
1,89,mol73,5.614501875973727
1,89,mol74,0.7267165870827338
1,89,mol75,5.531751152763252
1,89,mol76,2.8923131293450606
1,89,mol77,2.0279440402296687
1,89,mol79,3.078716907089705
1,89,mol80,6.324571884709443
1,89,mol81,0.8863464748215404
1,89,mol82,0.5772187158108727
1,89,mol83,1.185044081569609
1,89,mol84,6.26214721367314
1,89,mol85,0.6696494730563937
1,89,mol86,2.980589588822989
1,89,mol87,1.0295327179688953
1,89,mol88,3.811077204420761
1,89,mol89,3.2357457540727763
1,89,mol90,0.8610163725641515
1,89,mol91,6.278192556100091
1,89,mol92,3.914847175816701
1,89,mol93,5.2751266960495835
1,89,mol94,1.60148878608139
1,89,mol95,5.883981161725322
1,89,mol96,1.4211337385085447
1,90,mol0,1.7350593055865382
1,90,mol1,4.891913145692592
1,90,mol2,5.943070324820124
1,90,mol3,1.8154291135129665
1,90,mol4,0.7738912208696584
1,90,mol5,1.2305537893107703
1,90,mol6,3.7387815159710347
1,90,mol7,2.9356029803808705
1,90,mol8,1.8335234681230277
1,90,mol9,6.332480170810983
1,90,mol10,0.8748567630129368
1,90,mol11,3.436382837426171
1,90,mol12,3.700162785664526
1,90,mol13,6.4318430894548735
1,90,mol14,7.68930460650517
1,90,mol15,1.2853338056093075
1,90,mol16,3.49043894775428
1,90,mol17,2.088132003353373
1,90,mol18,4.749106972544066
1,90,mol19,9.842897735058537
1,90,mol20,5.828678191726038
1,90,mol21,1.0529534126175086
1,90,mol22,5.39229678167538
1,90,mol23,1.4715461342190854
1,90,mol24,1.4473536729966323
1,90,mol25,2.1781633455161256
1,90,mol26,3.998470832289097
1,90,mol27,4.019253290848936
1,90,mol28,2.2790543558509255
1,90,mol29,2.170406675174269
1,90,mol30,2.703172227312352
1,90,mol31,6.188570090783217
1,90,mol32,1.2408813232622418
1,90,mol33,3.3634863420564085
1,90,mol34,1.003223712552974
1,90,mol35,4.9216904380900575
1,90,mol36,3.966321721047996
1,90,mol37,5.019411797378919
1,90,mol38,2.598438829374284
1,90,mol39,5.635266930602565
1,90,mol40,5.411251526561511
1,90,mol41,0.9265796421020129
1,90,mol42,0.6029790731290589
1,90,mol43,5.537098779971933
1,90,mol44,2.140598734480338
1,90,mol45,2.192766904034392
1,90,mol46,1.9156128616684203
1,90,mol47,5.9853225016778255
1,90,mol48,1.7891046686088814
1,90,mol49,3.710739455802058
1,90,mol50,4.5574525464541935
1,90,mol51,6.693383442962445
1,90,mol52,2.0886564897081565
1,90,mol53,3.8666364467242538
1,90,mol54,1.2991254616086931
1,90,mol55,0.8843051714066082
1,90,mol56,1.3127948276799897
1,90,mol57,5.586767339906863
1,90,mol58,3.9603057006102085
1,90,mol59,5.801148047800538
1,90,mol60,1.8777171388780483
1,90,mol61,2.2837187676051958
1,90,mol62,1.6542500498317723
1,90,mol63,0.9920567728654623
1,90,mol64,0.9652078689472946
1,90,mol65,3.6314400423491047
1,90,mol66,0.9779762336580577
1,90,mol67,5.734122773408877
1,90,mol68,2.225482995794717
1,90,mol69,3.8010457270939884
1,90,mol70,4.157473392956695
1,90,mol71,3.2982852927803905
1,90,mol72,1.8309157663129496
1,90,mol73,5.610413557868306
1,90,mol74,3.59697143494684
1,90,mol75,2.954205124654784
1,90,mol76,6.028061191048936
1,90,mol77,4.353766650669837
1,90,mol79,3.1826969293352456
1,90,mol80,6.324863841267369
1,90,mol81,6.086150259564745
1,90,mol82,0.6478580218462897
1,90,mol83,1.06479771812599
1,90,mol84,5.682134893053591
1,90,mol85,6.0297705116071425
1,90,mol86,1.3414766703152166
1,90,mol87,0.6455235504693273
1,90,mol88,3.1290057539185763
1,90,mol89,1.009374506811025
1,90,mol90,6.520037190416307
1,90,mol91,0.682158042538531
1,90,mol92,3.8922115177478336
1,90,mol93,0.5970732236292298
1,90,mol94,5.462416277390436
1,90,mol95,5.922682185939157
1,90,mol96,4.23828019827511
1,91,mol0,6.279544125037476
1,91,mol1,4.797804775623954
1,91,mol2,0.5531764371392374
1,91,mol3,2.91101621505029
1,91,mol4,2.9803915638575154
1,91,mol5,2.267196366411822
1,91,mol6,1.7291228658709525
1,91,mol7,3.738882893325224
1,91,mol8,4.1598750003677045
1,91,mol9,6.736414283960189
1,91,mol10,0.7060482635955675
1,91,mol11,3.4365502685417377
1,91,mol12,3.189744222830936
1,91,mol13,6.4252081232726175
1,91,mol14,7.68930460650517
1,91,mol15,1.6880167239287525
1,91,mol16,3.491915641592735
1,91,mol17,1.2418680861623634
1,91,mol18,3.480571238317067
1,91,mol19,9.842897735058537
1,91,mol20,5.8313318721577865
1,91,mol21,1.0505606601103186
1,91,mol22,1.1674014797831973
1,91,mol23,1.5092671277719436
1,91,mol24,6.169667652654439
1,91,mol25,2.4391764644547553
1,91,mol26,3.960965436514091
1,91,mol27,4.031693011130684
1,91,mol28,2.2790543558509255
1,91,mol29,0.8740050326968876
1,91,mol30,0.9717787884028668
1,91,mol31,1.1201254362466864
1,91,mol32,7.0622125365251245
1,91,mol33,3.363314555197001
1,91,mol34,4.268528190673154
1,91,mol35,4.925544154710218
1,91,mol36,1.116485959479243
1,91,mol37,5.0045719535574005
1,91,mol38,2.936047979853191
1,91,mol39,5.215270525978768
1,91,mol40,2.1324860028346526
1,91,mol41,0.9183960110746859
1,91,mol42,1.9342397403522384
1,91,mol43,1.415566892430183
1,91,mol44,2.140598734480338
1,91,mol45,1.3139647999199109
1,91,mol46,5.043470955914972
1,91,mol47,5.9059053538886745
1,91,mol48,3.2923620325434038
1,91,mol49,3.5767284344022454
1,91,mol50,3.5635861475995836
1,91,mol51,2.1086870639266104
1,91,mol52,0.7324168771949484
1,91,mol53,7.9833131651560905
1,91,mol54,6.319223538932612
1,91,mol55,5.3513823168301435
1,91,mol56,1.3127948276799897
1,91,mol57,2.635269071698372
1,91,mol58,1.1703150110730258
1,91,mol59,2.355708689132754
1,91,mol60,3.857948571573899
1,91,mol61,2.3008481733546144
1,91,mol62,5.023512988777978
1,91,mol63,5.250632392668638
1,91,mol64,0.9941040003999135
1,91,mol65,3.7570590593300657
1,91,mol66,1.0124429868392588
1,91,mol67,5.657499051933777
1,91,mol68,2.2889166642759196
1,91,mol69,2.769442429589539
1,91,mol70,6.534253121731446
1,91,mol71,1.3616361559325814
1,91,mol72,1.3184955247891017
1,91,mol73,5.612906113619975
1,91,mol74,3.59697143494684
1,91,mol75,4.547948443569457
1,91,mol76,0.650879913981252
1,91,mol77,2.7622036810774064
1,91,mol79,0.8520230478103276
1,91,mol80,6.324571884709443
1,91,mol81,6.47146506567761
1,91,mol82,0.5329932115228221
1,91,mol83,1.2951594908898694
1,91,mol84,6.247521612379013
1,91,mol85,0.708664692345026
1,91,mol86,1.3715259246547258
1,91,mol87,2.535885668288612
1,91,mol88,3.811077204420761
1,91,mol89,1.6952855791871762
1,91,mol90,3.9573891994819608
1,91,mol91,3.5508720313797983
1,91,mol92,3.890600878422919
1,91,mol93,5.275819170102876
1,91,mol94,4.971142309899988
1,91,mol95,5.98147444765492
1,91,mol96,1.6712050614071055
1,92,mol0,1.7589905028238184
1,92,mol1,3.768734180729651
1,92,mol2,0.7976211949328208
1,92,mol3,1.8154291135129665
1,92,mol4,2.9967076390453986
1,92,mol5,5.000389224463335
1,92,mol6,2.8699595954860104
1,92,mol7,3.0830001426327702
1,92,mol8,1.9761386585033904
1,92,mol9,0.7111466029287796
1,92,mol10,3.2787556590235494
1,92,mol11,4.121977980247209
1,92,mol12,3.054500770516081
1,92,mol13,6.432601395359342
1,92,mol14,1.3748761444954605
1,92,mol15,1.2853338056093075
1,92,mol16,3.3001269030144886
1,92,mol17,6.143844891131751
1,92,mol18,4.749042703886051
1,92,mol19,9.842897735058537
1,92,mol20,5.581193458343785
1,92,mol21,6.303901900342586
1,92,mol22,1.1594158759191342
1,92,mol23,7.194471386268615
1,92,mol24,1.6875889752761732
1,92,mol25,6.076417669544285
1,92,mol26,4.001052172311123
1,92,mol27,4.3560027116612305
1,92,mol28,1.9104289887419632
1,92,mol29,0.9077163129920025
1,92,mol30,1.303822932468504
1,92,mol31,2.5718237692820054
1,92,mol32,1.2401948278607806
1,92,mol33,3.363351061842936
1,92,mol34,0.8488174195398476
1,92,mol35,4.855097033082362
1,92,mol36,6.835120607191737
1,92,mol37,5.030952706164775
1,92,mol38,6.510603016618354
1,92,mol39,1.7123761925631709
1,92,mol40,5.424000750447695
1,92,mol41,0.9559154865198184
1,92,mol42,0.8198255716277315
1,92,mol43,6.184249302708903
1,92,mol44,5.5337217032588155
1,92,mol45,5.608505536466148
1,92,mol46,2.1543032000845974
1,92,mol47,5.913174243239337
1,92,mol48,1.7889364627115878
1,92,mol49,3.4761948971098144
1,92,mol50,3.112737838229467
1,92,mol51,3.458911860996585
1,92,mol52,2.036250068631061
1,92,mol53,1.7675287376473094
1,92,mol54,3.0598966935176097
1,92,mol55,0.909581859815752
1,92,mol56,1.3126921578382347
1,92,mol57,2.696636664485967
1,92,mol58,3.9507794590073337
1,92,mol59,3.3563200930400616
1,92,mol60,3.1674783616969164
1,92,mol61,3.146768981693181
1,92,mol62,1.6542500498317723
1,92,mol63,0.9260618798407142
1,92,mol64,1.298173686055401
1,92,mol65,4.511666623583012
1,92,mol66,1.0124429868392588
1,92,mol67,2.969348410980004
1,92,mol68,2.266916160526706
1,92,mol69,3.0075876987056267
1,92,mol70,0.935572800252032
1,92,mol71,2.1288514994844387
1,92,mol72,5.02997329725627
1,92,mol73,5.6122486260243765
1,92,mol74,0.7267165870827338
1,92,mol75,5.933250192790111
1,92,mol76,6.028061191048936
1,92,mol77,2.0279440402296687
1,92,mol79,3.7470174090868595
1,92,mol80,6.325719189309623
1,92,mol81,4.035207827432365
1,92,mol82,0.8398345523340403
1,92,mol83,1.0627200188295376
1,92,mol84,6.247521612379013
1,92,mol85,0.7064257250412105
1,92,mol86,0.8470199625746732
1,92,mol87,0.8278031112847012
1,92,mol88,3.2858270322452054
1,92,mol89,1.0093640398785761
1,92,mol90,0.9411091546055395
1,92,mol91,5.218063516258295
1,92,mol92,3.433030426066203
1,92,mol93,0.5352249381101369
1,92,mol94,1.60148878608139
1,92,mol95,5.821145838719473
1,92,mol96,4.505410613211227
1,93,mol0,1.8969379970452767
1,93,mol1,4.7304236594974585
1,93,mol2,4.949811348195735
1,93,mol3,2.6378040099222506
1,93,mol4,2.9944240725199487
1,93,mol5,5.319741065976075
1,93,mol6,3.7532280131389717
1,93,mol7,1.1178063552756965
1,93,mol8,3.8097610766017165
1,93,mol9,6.736414283960189
1,93,mol10,0.8539922919657074
1,93,mol11,3.4366129658117917
1,93,mol12,3.671852784868969
1,93,mol13,6.310977306583387
1,93,mol14,0.46788438367452123
1,93,mol15,1.4049323517147494
1,93,mol16,3.491862318018854
1,93,mol17,2.6444669245156276
1,93,mol18,3.873178871418153
1,93,mol19,9.875868333247514
1,93,mol20,4.122931106791787
1,93,mol21,1.0529534126175086
1,93,mol22,3.7489721922592776
1,93,mol23,1.5844676873203072
1,93,mol24,6.2016195568916554
1,93,mol25,6.125402263912958
1,93,mol26,3.998470832289097
1,93,mol27,4.3560027116612305
1,93,mol28,5.733617301226432
1,93,mol29,0.8740050326968876
1,93,mol30,1.0161518300898107
1,93,mol31,2.5718237692820054
1,93,mol32,1.2401948278607806
1,93,mol33,4.318860336385052
1,93,mol34,4.099264309639684
1,93,mol35,2.550159996372144
1,93,mol36,2.3577927487982726
1,93,mol37,5.022192453334832
1,93,mol38,6.314449312489569
1,93,mol39,1.7097887895459902
1,93,mol40,1.5335106793610163
1,93,mol41,0.9183960110746859
1,93,mol42,0.6029790731290589
1,93,mol43,1.4125986609594547
1,93,mol44,2.140598734480338
1,93,mol45,1.9915887135651273
1,93,mol46,2.1543032000845974
1,93,mol47,5.954153274714035
1,93,mol48,1.621191431662294
1,93,mol49,3.696856577553422
1,93,mol50,3.5182146136538166
1,93,mol51,2.2304966349074222
1,93,mol52,3.152781156693246
1,93,mol53,4.418585100279171
1,93,mol54,1.0783424363345815
1,93,mol55,5.3513823168301435
1,93,mol56,3.7822047881603833
1,93,mol57,5.763642575685101
1,93,mol58,3.9603057006102085
1,93,mol59,3.381020690766161
1,93,mol60,3.1616108881679006
1,93,mol61,6.2553762211435995
1,93,mol62,1.66561342769753
1,93,mol63,0.9609466652886683
1,93,mol64,0.9848986113921688
1,93,mol65,4.5529514944251535
1,93,mol66,5.262636346319209
1,93,mol67,5.708770887300015
1,93,mol68,2.225482995794717
1,93,mol69,5.391675558448187
1,93,mol70,6.534253121731446
1,93,mol71,1.610023883939969
1,93,mol72,5.455360105641261
1,93,mol73,1.5913249755510344
1,93,mol74,0.718867011549506
1,93,mol75,7.322582130975251
1,93,mol76,0.661977644500312
1,93,mol77,2.0279440402296687
1,93,mol79,2.8138451066112364
1,93,mol80,6.324863841267369
1,93,mol81,4.053485692832775
1,93,mol82,3.7792558112753927
1,93,mol83,1.185044081569609
1,93,mol84,6.26214721367314
1,93,mol85,3.668222055990998
1,93,mol86,2.1428357232881847
1,93,mol87,6.2404053416340455
1,93,mol88,3.1290057539185763
1,93,mol89,2.85867763047882
1,93,mol90,3.9573891994819608
1,93,mol91,3.5611372135630392
1,93,mol92,1.68591380947039
1,93,mol93,0.5352249381101369
1,93,mol94,5.915261182713932
1,93,mol95,5.806521810176147
1,93,mol96,1.4908143086002603
1,94,mol0,1.8969379970452767
1,94,mol1,3.635411349260677
1,94,mol2,5.962369363869713
1,94,mol3,2.215913930445598
1,94,mol4,2.9803915638575154
1,94,mol5,4.869228654818258
1,94,mol6,4.1728873093325785
1,94,mol7,1.0434215555716582
1,94,mol8,1.8324610781391069
1,94,mol9,6.644445899245475
1,94,mol10,0.9207797713722978
1,94,mol11,3.434843332619824
1,94,mol12,4.392158166218896
1,94,mol13,1.2596284293393827
1,94,mol14,1.381774308535851
1,94,mol15,0.8897930760339141
1,94,mol16,3.303731375278565
1,94,mol17,2.088132003353373
1,94,mol18,3.6679243919415785
1,94,mol19,9.844464760085442
1,94,mol20,5.581193458343785
1,94,mol21,6.387254688876233
1,94,mol22,4.669165532869159
1,94,mol23,1.4715461342190854
1,94,mol24,1.4460120520717807
1,94,mol25,2.4391764644547553
1,94,mol26,3.7346309595559877
1,94,mol27,4.098898221717636
1,94,mol28,2.323387148992299
1,94,mol29,2.170406675174269
1,94,mol30,6.564909477240259
1,94,mol31,2.5718237692820054
1,94,mol32,1.8628961522882925
1,94,mol33,4.318949988735688
1,94,mol34,4.099264309639684
1,94,mol35,4.881296559713512
1,94,mol36,6.835120607191737
1,94,mol37,5.0045719535574005
1,94,mol38,6.499353704023193
1,94,mol39,5.164036923819525
1,94,mol40,5.417289480727424
1,94,mol41,4.464038995007479
1,94,mol42,0.8591382092722791
1,94,mol43,1.3608477665084775
1,94,mol44,5.54964419853148
1,94,mol45,2.169028520789895
1,94,mol46,5.476944467396704
1,94,mol47,5.948331687731672
1,94,mol48,4.712276896929269
1,94,mol49,3.698999635192446
1,94,mol50,3.5191685051624444
1,94,mol51,6.693383442962445
1,94,mol52,6.443530315518039
1,94,mol53,4.25536981591815
1,94,mol54,6.214656076566104
1,94,mol55,0.909581859815752
1,94,mol56,1.3149858844299436
1,94,mol57,1.3182881192099096
1,94,mol58,6.763737348283967
1,94,mol59,2.4739924683820504
1,94,mol60,3.9841242688952363
1,94,mol61,2.412076534754276
1,94,mol62,5.881366085581782
1,94,mol63,5.2929118978342435
1,94,mol64,1.0166956838755201
1,94,mol65,3.6713925566065373
1,94,mol66,5.274816914509925
1,94,mol67,6.022053628691969
1,94,mol68,2.2733110123467806
1,94,mol69,4.242286626273556
1,94,mol70,5.259015595174226
1,94,mol71,3.872464235526078
1,94,mol72,5.450232218702041
1,94,mol73,5.612197547780414
1,94,mol74,5.870164438347131
1,94,mol75,2.967548359315826
1,94,mol76,0.661977644500312
1,94,mol77,2.7545516524582734
1,94,mol79,3.182840799348908
1,94,mol80,6.043941504798715
1,94,mol81,6.336389226793804
1,94,mol82,0.5772187158108727
1,94,mol83,1.2641965251536356
1,94,mol84,6.247521612379013
1,94,mol85,0.871616773081867
1,94,mol86,0.8470199625746732
1,94,mol87,6.2404053416340455
1,94,mol88,2.7107213989084165
1,94,mol89,1.0093784052574137
1,94,mol90,0.7387518446279348
1,94,mol91,5.965354417334461
1,94,mol92,1.68591380947039
1,94,mol93,0.5330007651260927
1,94,mol94,4.971142309899988
1,94,mol95,1.9947656372205471
1,94,mol96,4.330644811635498
1,95,mol0,6.149066675461268
1,95,mol1,4.773255338340911
1,95,mol2,0.7976211949328208
1,95,mol3,2.1522867284422333
1,95,mol4,0.737906118100694
1,95,mol5,4.869228654818258
1,95,mol6,3.053525802112481
1,95,mol7,1.1178063552756965
1,95,mol8,3.8836712443863846
1,95,mol9,2.3395685742705394
1,95,mol10,0.8539922919657074
1,95,mol11,3.436442628805467
1,95,mol12,3.6986103582404204
1,95,mol13,2.789004821758018
1,95,mol14,0.46788438367452123
1,95,mol15,5.261343210751014
1,95,mol16,3.3034513079505197
1,95,mol17,6.312860680094699
1,95,mol18,4.744541087221538
1,95,mol19,9.845188645416915
1,95,mol20,5.8313318721577865
1,95,mol21,1.04897757186973
1,95,mol22,1.1946726846016584
1,95,mol23,1.5844676873203072
1,95,mol24,1.440460780444924
1,95,mol25,1.5890632176694544
1,95,mol26,4.087937845209526
1,95,mol27,4.455482069540848
1,95,mol28,1.8822944531090582
1,95,mol29,0.9278417151979849
1,95,mol30,2.7377404005437094
1,95,mol31,5.791530130411428
1,95,mol32,3.6946840083529398
1,95,mol33,4.318951519663077
1,95,mol34,1.3591196920906459
1,95,mol35,4.925231194900987
1,95,mol36,2.813674891464389
1,95,mol37,5.008291012411319
1,95,mol38,6.262745260666444
1,95,mol39,1.5556970295382981
1,95,mol40,5.424000750447695
1,95,mol41,0.9265796421020129
1,95,mol42,1.6145177476164272
1,95,mol43,1.4142432956060522
1,95,mol44,5.54964419853148
1,95,mol45,1.3139647999199109
1,95,mol46,5.043470955914972
1,95,mol47,0.5898612630924069
1,95,mol48,1.788854502055382
1,95,mol49,3.533742250569718
1,95,mol50,3.2794667324956133
1,95,mol51,2.9997473409875544
1,95,mol52,6.443530315518039
1,95,mol53,3.9264148489024717
1,95,mol54,6.319223538932612
1,95,mol55,0.9969629474205206
1,95,mol56,2.1921275722267324
1,95,mol57,1.3182881192099096
1,95,mol58,3.9507794590073337
1,95,mol59,2.4739924683820504
1,95,mol60,1.8777171388780483
1,95,mol61,6.2553762211435995
1,95,mol62,5.023512988777978
1,95,mol63,5.326231051790639
1,95,mol64,0.9764985448302295
1,95,mol65,3.8526051131211276
1,95,mol66,4.448947755323724
1,95,mol67,2.855799446832063
1,95,mol68,2.270324784569065
1,95,mol69,2.7665172882065896
1,95,mol70,6.534253121731446
1,95,mol71,6.115332386574398
1,95,mol72,5.009369015931825
1,95,mol73,5.6122486260243765
1,95,mol74,0.718867011549506
1,95,mol75,4.820762412781594
1,95,mol76,6.006996552657273
1,95,mol77,2.4671129710901387
1,95,mol79,1.7579701544679305
1,95,mol80,1.3469306225637607
1,95,mol81,0.8753753997979543
1,95,mol82,3.7792558112753927
1,95,mol83,1.185044081569609
1,95,mol84,5.979561346071179
1,95,mol85,5.927297770807835
1,95,mol86,6.209752000845121
1,95,mol87,2.535885668288612
1,95,mol88,3.1290471867558094
1,95,mol89,3.4043925941348188
1,95,mol90,6.520037190416307
1,95,mol91,0.7650106271849316
1,95,mol92,3.433030426066203
1,95,mol93,0.6230877371004825
1,95,mol94,4.046357835380411
1,95,mol95,1.9947656372205471
1,95,mol96,1.8300455217885103
1,96,mol0,1.3937788601408798
1,96,mol1,4.7304236594974585
1,96,mol2,4.955403973472095
1,96,mol3,1.8096287108001965
1,96,mol4,0.7960793629870793
1,96,mol5,5.000389224463335
1,96,mol6,5.123961845177356
1,96,mol7,1.0434215555716582
1,96,mol8,6.776249735793547
1,96,mol9,2.3395685742705394
1,96,mol10,5.004484259457501
1,96,mol11,3.4366217545619673
1,96,mol12,3.2690448373722254
1,96,mol13,1.2596284293393827
1,96,mol14,7.264694117684069
1,96,mol15,1.2853338056093075
1,96,mol16,3.3035154814227834
1,96,mol17,2.088132003353373
1,96,mol18,4.748941965848814
1,96,mol19,9.846592808200857
1,96,mol20,3.9460465590875238
1,96,mol21,1.0505606601103186
1,96,mol22,1.1246751004919895
1,96,mol23,1.2637750540730326
1,96,mol24,1.4451993950936137
1,96,mol25,2.431799266952353
1,96,mol26,4.087937845209526
1,96,mol27,4.104185230712669
1,96,mol28,1.8993524289164372
1,96,mol29,0.8740050326968876
1,96,mol30,1.2637813155723356
1,96,mol31,3.2216076357589682
1,96,mol32,1.8628961522882925
1,96,mol33,3.36320135662437
1,96,mol34,4.099264309639684
1,96,mol35,4.918288706516237
1,96,mol36,2.3994513814620206
1,96,mol37,5.016350419544738
1,96,mol38,6.473573117683927
1,96,mol39,5.624389700657053
1,96,mol40,2.131666088365088
1,96,mol41,0.9265796421020129
1,96,mol42,0.8591382092722791
1,96,mol43,1.3608477665084775
1,96,mol44,5.519382876921913
1,96,mol45,5.601043313883584
1,96,mol46,1.9924887238669236
1,96,mol47,5.954153274714035
1,96,mol48,1.7889453160478448
1,96,mol49,3.698999635192446
1,96,mol50,1.8365249409241255
1,96,mol51,2.1086870639266104
1,96,mol52,1.1302959289495826
1,96,mol53,7.767341697321842
1,96,mol54,3.0598966935176097
1,96,mol55,5.203729120515969
1,96,mol56,1.3128418353264546
1,96,mol57,5.576974061733657
1,96,mol58,3.948354320762729
1,96,mol59,3.3303980142936536
1,96,mol60,4.78029281995836
1,96,mol61,2.412076534754276
1,96,mol62,1.4717146644931582
1,96,mol63,5.2929118978342435
1,96,mol64,1.298173686055401
1,96,mol65,3.8396809869019677
1,96,mol66,4.174279840355699
1,96,mol67,2.7681939497954637
1,96,mol68,5.741061072061754
1,96,mol69,3.751720990029379
1,96,mol70,6.534253121731446
1,96,mol71,1.610023883939969
1,96,mol72,2.274287639142322
1,96,mol73,1.5913249755510344
1,96,mol74,6.250917709401227
1,96,mol75,2.954205124654784
1,96,mol76,6.2054761692126945
1,96,mol77,2.4671129710901387
1,96,mol79,0.7461722482108271
1,96,mol80,5.310442365135749
1,96,mol81,6.086150259564745
1,96,mol82,0.5329932115228221
1,96,mol83,1.2641965251536356
1,96,mol84,0.6532314531837635
1,96,mol85,3.668222055990998
1,96,mol86,2.980589588822989
1,96,mol87,1.008050445949481
1,96,mol88,2.3877999397981404
1,96,mol89,3.2357457540727763
1,96,mol90,6.142623949262956
1,96,mol91,0.698368039452989
1,96,mol92,3.915416062608587
1,96,mol93,0.5970732236292298
1,96,mol94,4.795032736969698
1,96,mol95,5.806521810176147
1,96,mol96,4.243022766099231
1,97,mol0,1.768045246565381
1,97,mol1,4.891913145692592
1,97,mol2,4.949811348195735
1,97,mol3,2.5478173374946045
1,97,mol4,0.737906118100694
1,97,mol5,5.102917006651608
1,97,mol6,2.8699595954860104
1,97,mol7,2.3607375175656666
1,97,mol8,5.950611360254464
1,97,mol9,0.7111466029287796
1,97,mol10,5.004484259457501
1,97,mol11,3.4365511882762423
1,97,mol12,3.7072572822887997
1,97,mol13,6.4252081232726175
1,97,mol14,1.1495340074675149
1,97,mol15,0.8897930760339141
1,97,mol16,2.894973166024169
1,97,mol17,1.260757047174435
1,97,mol18,4.749056626847063
1,97,mol19,3.357397660925757
1,97,mol20,5.626249563358276
1,97,mol21,1.0529534126175086
1,97,mol22,1.1946726846016584
1,97,mol23,1.23807996216024
1,97,mol24,6.182349653991638
1,97,mol25,6.081028522359518
1,97,mol26,4.008615250469456
1,97,mol27,3.8186768776632567
1,97,mol28,1.9030409236070247
1,97,mol29,2.288579009857203
1,97,mol30,0.9392688172326606
1,97,mol31,1.1940543713362959
1,97,mol32,4.1089565092932245
1,97,mol33,3.363351061842936
1,97,mol34,4.276611112985876
1,97,mol35,4.930412617752222
1,97,mol36,1.094310408039171
1,97,mol37,5.015749730432464
1,97,mol38,6.473573117683927
1,97,mol39,5.653194685359017
1,97,mol40,2.494125983357125
1,97,mol41,0.9183960110746859
1,97,mol42,0.8640598812704201
1,97,mol43,1.415566892430183
1,97,mol44,5.531495250541639
1,97,mol45,1.3139647999199109
1,97,mol46,5.0065496148860635
1,97,mol47,3.102754638391602
1,97,mol48,4.712276896929269
1,97,mol49,4.137977393467267
1,97,mol50,3.112737838229467
1,97,mol51,2.154512720348352
1,97,mol52,6.463761680476778
1,97,mol53,1.7675287376473094
1,97,mol54,1.9963506417961754
1,97,mol55,0.9969629474205206
1,97,mol56,2.127011311186818
1,97,mol57,2.635269071698372
1,97,mol58,1.1385883525539107
1,97,mol59,1.180611550685115
1,97,mol60,3.316991422824441
1,97,mol61,2.7860353935997013
1,97,mol62,1.2217845279064465
1,97,mol63,0.9609466652886683
1,97,mol64,0.842472734309874
1,97,mol65,3.627603561419513
1,97,mol66,1.138380524077955
1,97,mol67,5.734122773408877
1,97,mol68,2.2733110123467806
1,97,mol69,4.242286626273556
1,97,mol70,4.157473392956695
1,97,mol71,2.257342581380657
1,97,mol72,5.02997329725627
1,97,mol73,5.614501875973727
1,97,mol74,6.250917709401227
1,97,mol75,2.954205124654784
1,97,mol76,0.661977644500312
1,97,mol77,4.353766650669837
1,97,mol79,1.7579701544679305
1,97,mol80,6.324863841267369
1,97,mol81,0.8863464748215404
1,97,mol82,3.7792558112753927
1,97,mol83,4.163303717444142
1,97,mol84,1.711286541924359
1,97,mol85,5.978949434006928
1,97,mol86,6.187483721352323
1,97,mol87,0.8278031112847012
1,97,mol88,2.861207393207358
1,97,mol89,2.85867763047882
1,97,mol90,6.578268262620489
1,97,mol91,5.218063516258295
1,97,mol92,1.5994250363918396
1,97,mol93,0.6230877371004825
1,97,mol94,4.795032736969698
1,97,mol95,5.806521810176147
1,97,mol96,5.376279265355447
1,98,mol0,2.236312722743051
1,98,mol1,4.938509573916676
1,98,mol2,3.2034381143428137
1,98,mol3,2.6378040099222506
1,98,mol4,0.7738912208696584
1,98,mol5,4.48915250669735
1,98,mol6,5.494793845263391
1,98,mol7,3.738828250936381
1,98,mol8,3.8097610766017165
1,98,mol9,2.3395685742705394
1,98,mol10,0.8748567630129368
1,98,mol11,4.231063031530694
1,98,mol12,3.671852784868969
1,98,mol13,1.8122446930170386
1,98,mol14,7.68930460650517
1,98,mol15,0.8897930760339141
1,98,mol16,3.303731375278565
1,98,mol17,6.046569263923847
1,98,mol18,3.8747322815045346
1,98,mol19,6.039848611810543
1,98,mol20,5.829322027984554
1,98,mol21,6.303901900342586
1,98,mol22,1.1594158759191342
1,98,mol23,1.6205116937126558
1,98,mol24,6.182349653991638
1,98,mol25,2.5100800624183286
1,98,mol26,4.008615250469456
1,98,mol27,4.03262638289242
1,98,mol28,2.323387148992299
1,98,mol29,5.9996936380973365
1,98,mol30,1.0161518300898107
1,98,mol31,3.2216076357589682
1,98,mol32,1.6650889988858033
1,98,mol33,3.3634032807856986
1,98,mol34,4.099264309639684
1,98,mol35,4.925231194900987
1,98,mol36,3.9929023043395393
1,98,mol37,5.01844461478521
1,98,mol38,6.477655233570246
1,98,mol39,4.524173927028006
1,98,mol40,1.6542825266561936
1,98,mol41,2.035196981672911
1,98,mol42,0.8640598812704201
1,98,mol43,1.7746095374131678
1,98,mol44,5.531495250541639
1,98,mol45,1.3139647999199109
1,98,mol46,1.9924887238669236
1,98,mol47,0.5742531228394926
1,98,mol48,1.5348464700635915
1,98,mol49,1.1965938169204735
1,98,mol50,3.111102745812166
1,98,mol51,2.282326194342288
1,98,mol52,0.716681314811542
1,98,mol53,7.767341697321842
1,98,mol54,1.0783424363345815
1,98,mol55,0.909581859815752
1,98,mol56,3.7822047881603833
1,98,mol57,2.4428359134927584
1,98,mol58,0.828432079809288
1,98,mol59,2.492544831927134
1,98,mol60,3.1674783616969164
1,98,mol61,2.7860353935997013
1,98,mol62,7.39900955647728
1,98,mol63,0.9260618798407142
1,98,mol64,0.9941040003999135
1,98,mol65,3.8396809869019677
1,98,mol66,5.274968597593734
1,98,mol67,5.734122773408877
1,98,mol68,2.268814320678157
1,98,mol69,2.7649085431333695
1,98,mol70,6.335006406265787
1,98,mol71,2.641278752747291
1,98,mol72,5.453582623071432
1,98,mol73,5.612197547780414
1,98,mol74,0.7267165870827338
1,98,mol75,2.988264270074666
1,98,mol76,0.6893552028943972
1,98,mol77,5.103132453343107
1,98,mol79,0.8496433334052589
1,98,mol80,6.3373876843696415
1,98,mol81,4.035207827432365
1,98,mol82,0.4933917713136287
1,98,mol83,1.1494045536253705
1,98,mol84,1.9312087288239232
1,98,mol85,0.6795488851826195
1,98,mol86,6.199458029295788
1,98,mol87,6.264382059792698
1,98,mol88,2.861207393207358
1,98,mol89,1.0092561889827574
1,98,mol90,0.8918734938978998
1,98,mol91,3.5726522773704135
1,98,mol92,1.5994250363918396
1,98,mol93,0.9456791887976594
1,98,mol94,6.0742285489828065
1,98,mol95,5.883981161725322
1,98,mol96,4.717436899708069
1,99,mol0,6.253898575990859
1,99,mol1,4.953765445766147
1,99,mol2,0.5351269469891602
1,99,mol3,2.9469388475081018
1,99,mol4,0.7226275515511914
1,99,mol5,5.000389224463335
1,99,mol6,3.7532280131389717
1,99,mol7,2.358571526982961
1,99,mol8,5.950611360254464
1,99,mol9,0.7274497602682165
1,99,mol10,0.8748567630129368
1,99,mol11,3.436395043968939
1,99,mol12,4.377247937583994
1,99,mol13,6.42469627797381
1,99,mol14,1.1672944332017452
1,99,mol15,0.997988348866701
1,99,mol16,3.2982063416347986
1,99,mol17,6.046569263923847
1,99,mol18,4.748461716177145
1,99,mol19,3.357397660925757
1,99,mol20,5.823935594479789
1,99,mol21,6.499438972095976
1,99,mol22,5.39229678167538
1,99,mol23,1.5696979407309977
1,99,mol24,6.182349653991638
1,99,mol25,2.4864386619721794
1,99,mol26,3.9997851243674467
1,99,mol27,4.376638273378324
1,99,mol28,5.733617301226432
1,99,mol29,2.288579009857203
1,99,mol30,1.0161518300898107
1,99,mol31,1.5748531399590964
1,99,mol32,4.85819035243848
1,99,mol33,3.3634863420564085
1,99,mol34,1.003223712552974
1,99,mol35,4.926708796791941
1,99,mol36,3.966321721047996
1,99,mol37,5.008291012411319
1,99,mol38,6.202715551675734
1,99,mol39,1.5555164550720768
1,99,mol40,5.411251526561511
1,99,mol41,0.9044011810672241
1,99,mol42,1.6145177476164272
1,99,mol43,2.6945853235392883
1,99,mol44,2.1465107529772727
1,99,mol45,5.561579903331684
1,99,mol46,1.9924887238669236
1,99,mol47,5.299805336676685
1,99,mol48,3.7515679199629632
1,99,mol49,3.4761948971098144
1,99,mol50,1.8365249409241255
1,99,mol51,3.458911860996585
1,99,mol52,0.7324168771949484
1,99,mol53,7.767341697321842
1,99,mol54,2.5755987148622355
1,99,mol55,5.3513823168301435
1,99,mol56,1.3126921578382347
1,99,mol57,2.4927549458881835
1,99,mol58,3.9507794590073337
1,99,mol59,3.3620884622590697
1,99,mol60,1.8777171388780483
1,99,mol61,1.8248897794313965
1,99,mol62,1.66561342769753
1,99,mol63,5.180372093097287
1,99,mol64,3.5327787091828373
1,99,mol65,4.038132442398706
1,99,mol66,4.448947755323724
1,99,mol67,5.734122773408877
1,99,mol68,5.677461279631442
1,99,mol69,3.751720990029379
1,99,mol70,6.67397872307067
1,99,mol71,2.1224381770568894
1,99,mol72,5.0028573895325055
1,99,mol73,5.610413557868306
1,99,mol74,0.8406687101909514
1,99,mol75,2.988264270074666
1,99,mol76,5.956024641410654
1,99,mol77,2.0279440402296687
1,99,mol79,3.1277752163478754
1,99,mol80,6.324863841267369
1,99,mol81,4.035207827432365
1,99,mol82,0.4933917713136287
1,99,mol83,3.3993329665345255
1,99,mol84,6.258496923611703
1,99,mol85,0.708664692345026
1,99,mol86,2.1428357232881847
1,99,mol87,0.6696666700287305
1,99,mol88,2.8831955973363996
1,99,mol89,3.9625373064489873
1,99,mol90,6.142623949262956
1,99,mol91,0.6818953393472705
1,99,mol92,3.890600878422919
1,99,mol93,5.2751266960495835
1,99,mol94,4.971551371861259
1,99,mol95,5.98147444765492
1,99,mol96,4.330644811635498
