N,Iteration,Molecule,LowestRMSD
1,0,mol0,2.1190172490449437
1,0,mol1,2.468923867649629
1,0,mol2,3.138291313446787
1,0,mol3,0.8061638623586226
1,0,mol4,1.9312180635916956
1,0,mol5,1.000216747343628
1,0,mol6,0.8748568462489001
1,0,mol7,2.6184132221486887
1,0,mol8,1.436022810801714
1,0,mol9,1.501653991120331
1,0,mol10,5.254866156268313
1,0,mol11,2.6657593540427964
1,0,mol12,1.988426839968465
1,0,mol13,2.224031472294423
1,0,mol14,1.1305889922956087
1,0,mol15,0.9637758990990644
1,0,mol16,0.84403620307737
1,0,mol17,2.1680418837156847
1,0,mol18,5.245086065379224
1,0,mol19,1.436995118829031
1,0,mol20,1.6837865106162755
1,0,mol21,5.0634430164497095
1,0,mol23,6.001519746905779
1,0,mol24,7.464973197801107
1,0,mol25,9.903480093492142
1,0,mol26,5.226723632927228
1,0,mol27,0.7128925780315712
1,0,mol28,1.2376246611320032
1,0,mol29,5.1547496129069845
1,0,mol30,1.4246283998916272
1,0,mol31,1.150201507888944
1,0,mol32,1.5622355812836208
1,0,mol34,0.822006326831705
1,0,mol35,4.912981274842855
1,0,mol36,3.24153597919258
1,0,mol37,0.6579668216844217
1,0,mol38,3.0788504376264734
1,0,mol39,1.933285524385883
1,0,mol40,3.132692180138356
1,0,mol41,1.8117407411318325
1,0,mol43,2.599787686523651
1,0,mol44,5.1686313823183125
1,0,mol45,0.7886441220741149
1,0,mol46,1.5173691285438968
1,0,mol57,4.2957981418787865
1,1,mol0,6.253637200201975
1,1,mol1,2.474279003922153
1,1,mol2,2.6099724075276267
1,1,mol3,1.2711882608782206
1,1,mol4,3.5932408353144702
1,1,mol5,1.612527843859517
1,1,mol6,3.2660233904769966
1,1,mol7,2.696985683841528
1,1,mol8,5.095047871806506
1,1,mol9,1.50120451146341
1,1,mol10,5.223012831493063
1,1,mol11,2.1955702722375645
1,1,mol12,1.538691529673304
1,1,mol13,2.254510720701079
1,1,mol14,1.327481623036643
1,1,mol15,0.8690064044945995
1,1,mol16,1.832165513811457
1,1,mol17,2.168887714621567
1,1,mol18,5.135983656659217
1,1,mol19,4.141655414389089
1,1,mol20,2.9243714666354883
1,1,mol21,5.01452854522071
1,1,mol23,2.521520649826212
1,1,mol24,7.294702262563184
1,1,mol25,9.91849411471613
1,1,mol26,5.182689805808881
1,1,mol27,0.6869072556120658
1,1,mol28,5.711167609144111
1,1,mol29,5.05291906851289
1,1,mol30,1.1800098398836436
1,1,mol31,1.1629916073428903
1,1,mol32,5.342424523967158
1,1,mol34,0.7398967175915179
1,1,mol35,4.848758305237403
1,1,mol36,3.741687448251123
1,1,mol37,1.8433139859876015
1,1,mol38,3.078637238218471
1,1,mol39,0.8260486273821895
1,1,mol40,3.0693311413889512
1,1,mol41,1.8194509640308585
1,1,mol43,2.4204537477506154
1,1,mol44,1.5304782036997455
1,1,mol45,1.713769974541807
1,1,mol46,4.541819905379695
1,1,mol57,4.326556878387604
1,2,mol0,3.0922626734722907
1,2,mol1,1.7608726499238951
1,2,mol2,4.418742273449161
1,2,mol3,1.280832678905153
1,2,mol4,6.214101286406128
1,2,mol5,1.5359772739565878
1,2,mol6,3.27866238353968
1,2,mol7,1.3250009325105572
1,2,mol8,1.436022810801714
1,2,mol9,1.5010961818427415
1,2,mol10,0.7046906724397092
1,2,mol11,2.153071763860493
1,2,mol12,2.589065009513738
1,2,mol13,2.090711615227882
1,2,mol14,1.376450592829252
1,2,mol15,5.607211692332614
1,2,mol16,1.832165513811457
1,2,mol17,2.1751497274482463
1,2,mol18,5.216766528195974
1,2,mol19,1.436995118829031
1,2,mol20,0.7038895586448424
1,2,mol21,5.384434829802371
1,2,mol23,5.971939605563673
1,2,mol24,7.29149157195487
1,2,mol25,9.916977335333192
1,2,mol26,5.213124676604572
1,2,mol27,0.688681972366418
1,2,mol28,1.952085278214313
1,2,mol29,0.9025008984841544
1,2,mol30,5.570218897553906
1,2,mol31,1.1673439719080234
1,2,mol32,1.6126675345969042
1,2,mol34,1.3428115930108455
1,2,mol35,4.778607382909796
1,2,mol36,2.160446403963774
1,2,mol37,4.852246694927773
1,2,mol38,3.078787094265887
1,2,mol39,1.0579464782303496
1,2,mol40,3.069552189733871
1,2,mol41,1.8020498001741496
1,2,mol43,2.0057859307513355
1,2,mol44,1.0299756560229951
1,2,mol45,0.7309606061152047
1,2,mol46,4.568102588532229
1,2,mol57,0.6307182099675065
1,3,mol0,2.057506953025919
1,3,mol1,1.5224400987395204
1,3,mol2,3.9257778424225127
1,3,mol3,1.1596725586316348
1,3,mol4,3.5932408353144702
1,3,mol5,1.592591859377523
1,3,mol6,3.304139089154116
1,3,mol7,3.1610130377776047
1,3,mol8,2.382516875431166
1,3,mol9,1.4947416959525304
1,3,mol10,2.3068018942071404
1,3,mol11,3.0238481532091965
1,3,mol12,4.032559555378497
1,3,mol13,2.254510720701079
1,3,mol14,1.1305889922956087
1,3,mol15,0.6454697999376725
1,3,mol16,0.7902953322051592
1,3,mol17,2.1745760235670604
1,3,mol18,5.11705998691689
1,3,mol19,2.812032873070791
1,3,mol20,1.5025944496104062
1,3,mol21,5.021283416921968
1,3,mol23,2.521520649826212
1,3,mol24,7.180202395746856
1,3,mol25,9.91679205266772
1,3,mol26,5.195618214899936
1,3,mol27,4.8619600050095535
1,3,mol28,1.313214788520703
1,3,mol29,0.8988402992353044
1,3,mol30,4.364569607774759
1,3,mol31,2.120091145151548
1,3,mol32,6.006345310467207
1,3,mol34,0.9848791509073038
1,3,mol35,4.824047512023578
1,3,mol36,2.1606372486838232
1,3,mol37,0.6579668216844217
1,3,mol38,3.083637988568933
1,3,mol39,2.682449231355553
1,3,mol40,3.0693311413889512
1,3,mol41,1.8194509640308585
1,3,mol43,2.6295630045693903
1,3,mol44,1.1783353975599888
1,3,mol45,0.7275857707831797
1,3,mol46,4.5936741617703065
1,3,mol57,4.305570330174264
1,4,mol0,2.0453316544634026
1,4,mol1,1.5224400987395204
1,4,mol2,2.614172189187664
1,4,mol3,1.8095610532406483
1,4,mol4,1.9312180635916956
1,4,mol5,2.2266081510524773
1,4,mol6,3.2660233904769966
1,4,mol7,1.0600750889586874
1,4,mol8,0.6899963842555367
1,4,mol9,1.5016494722867413
1,4,mol10,5.172667756612068
1,4,mol11,2.2524225240837925
1,4,mol12,2.8415944067240813
1,4,mol13,2.1965238422917466
1,4,mol14,1.118870629027324
1,4,mol15,0.900406264737728
1,4,mol16,2.6903244798429244
1,4,mol17,2.1680418837156847
1,4,mol18,5.630810011550423
1,4,mol19,3.1533601922881718
1,4,mol20,0.6920965532166442
1,4,mol21,1.3211447257544833
1,4,mol23,0.8066164562541484
1,4,mol24,3.770002846963263
1,4,mol25,8.720029898765592
1,4,mol26,0.8719536649521749
1,4,mol27,5.688448985911053
1,4,mol28,5.698892941131081
1,4,mol29,5.161904334072615
1,4,mol30,1.197081624897261
1,4,mol31,6.325128270932535
1,4,mol32,1.931205922289416
1,4,mol34,0.9484135409169324
1,4,mol35,4.908992247418751
1,4,mol36,3.727012618223877
1,4,mol37,0.6629060837988286
1,4,mol38,3.0780222397152714
1,4,mol39,0.8260486273821895
1,4,mol40,3.0687333568591466
1,4,mol41,1.4999041320646516
1,4,mol43,2.3862664603937254
1,4,mol44,0.8568791016573707
1,4,mol45,0.7195129388904478
1,4,mol46,4.544041337698161
1,4,mol57,4.343571996773376
1,5,mol0,0.904948074062816
1,5,mol1,1.018896208772022
1,5,mol2,2.6460194110420114
1,5,mol3,0.8141628763270825
1,5,mol4,1.9472797797367047
1,5,mol5,0.999296567869397
1,5,mol6,3.1291055479162084
1,5,mol7,3.1641549038833783
1,5,mol8,1.452205396334436
1,5,mol9,1.4947416959525304
1,5,mol10,5.196874541179987
1,5,mol11,2.643849520490907
1,5,mol12,1.976647247175743
1,5,mol13,2.254510720701079
1,5,mol14,1.118870629027324
1,5,mol15,0.9136781533421584
1,5,mol16,0.5644759670423718
1,5,mol17,1.9044905476029776
1,5,mol18,5.626526813779214
1,5,mol19,1.4371005165315978
1,5,mol20,0.7265572580538776
1,5,mol21,6.828372205385247
1,5,mol23,5.971939605563673
1,5,mol24,7.318709570492753
1,5,mol25,9.903480093492142
1,5,mol26,3.7469911874101616
1,5,mol27,0.7115154181832604
1,5,mol28,1.313214788520703
1,5,mol29,2.422014449852461
1,5,mol30,5.572698918238212
1,5,mol31,3.271671554228816
1,5,mol32,6.146853962335996
1,5,mol34,1.670378463750704
1,5,mol35,4.8658900010798325
1,5,mol36,3.727827842645097
1,5,mol37,4.888473831466985
1,5,mol38,3.0786705925241056
1,5,mol39,1.0591314738029456
1,5,mol40,3.069677601231113
1,5,mol41,1.7966420231172289
1,5,mol43,2.6295630045693903
1,5,mol44,0.8176890959981585
1,5,mol45,2.98298541604006
1,5,mol46,1.130839038202423
1,5,mol57,4.275158804832688
1,6,mol0,6.222609327424469
1,6,mol1,1.018896208772022
1,6,mol2,2.614172189187664
1,6,mol3,1.6722948579397985
1,6,mol4,1.9224829593894603
1,6,mol5,2.0684980373584003
1,6,mol6,3.1973473345288976
1,6,mol7,1.3250009325105572
1,6,mol8,0.6899963842555367
1,6,mol9,1.4947416959525304
1,6,mol10,5.262016287368314
1,6,mol11,2.2524225240837925
1,6,mol12,1.5966959082706926
1,6,mol13,6.475446147130731
1,6,mol14,5.803461627296247
1,6,mol15,0.9755260035920162
1,6,mol16,0.5121339786669725
1,6,mol17,2.211971186007465
1,6,mol18,5.11705998691689
1,6,mol19,4.142357096834157
1,6,mol20,1.5025944496104062
1,6,mol21,1.239670517494243
1,6,mol23,0.9496693358743348
1,6,mol24,7.423404150949437
1,6,mol25,9.02589763882714
1,6,mol26,5.20193526145912
1,6,mol27,4.908990851265921
1,6,mol28,0.9645497923083624
1,6,mol29,0.9025008984841544
1,6,mol30,4.358876912564623
1,6,mol31,1.8281138172307545
1,6,mol32,6.208113890247643
1,6,mol34,0.8753599884958527
1,6,mol35,3.614909996834968
1,6,mol36,3.7282705943104495
1,6,mol37,3.345823363865388
1,6,mol38,3.078766114858354
1,6,mol39,1.8573052971442248
1,6,mol40,0.7911771075429322
1,6,mol41,1.5725188353199138
1,6,mol43,2.6039418695508547
1,6,mol44,5.819449873901926
1,6,mol45,0.729072288983817
1,6,mol46,4.5936741617703065
1,6,mol57,1.664727145233393
1,7,mol0,6.253637200201975
1,7,mol1,3.1293411725553355
1,7,mol2,2.6164140974178127
1,7,mol3,1.149914676035645
1,7,mol4,1.9286226967153823
1,7,mol5,1.000216747343628
1,7,mol6,3.1974497421866577
1,7,mol7,3.157625428716478
1,7,mol8,0.6935865866226489
1,7,mol9,1.504974394498205
1,7,mol10,5.225915734248935
1,7,mol11,2.667172537913512
1,7,mol12,2.997948355086766
1,7,mol13,1.2907468019829715
1,7,mol14,1.1305889922956087
1,7,mol15,0.900406264737728
1,7,mol16,0.508409275144181
1,7,mol17,1.4940362872859794
1,7,mol18,5.673891803510283
1,7,mol19,1.4370931004046916
1,7,mol20,1.114478906864618
1,7,mol21,5.01452854522071
1,7,mol23,5.968821198737652
1,7,mol24,7.44970609781949
1,7,mol25,9.903480093492142
1,7,mol26,5.247771912048232
1,7,mol27,5.686934890853991
1,7,mol28,1.0006956563206155
1,7,mol29,5.145165523090584
1,7,mol30,5.5065020561554725
1,7,mol31,1.8281138172307545
1,7,mol32,6.146853962335996
1,7,mol34,0.7398967175915179
1,7,mol35,3.614909996834968
1,7,mol36,3.741687448251123
1,7,mol37,4.856304515878046
1,7,mol38,3.0787025483000288
1,7,mol39,1.0579464782303496
1,7,mol40,3.132130968765515
1,7,mol41,1.8230023925747691
1,7,mol43,2.424948873687856
1,7,mol44,2.4306076431331207
1,7,mol45,0.7309606061152047
1,7,mol46,4.561594801198653
1,7,mol57,4.275831590597768
1,8,mol0,0.8360886745734568
1,8,mol1,3.1293411725553355
1,8,mol2,3.207620790355715
1,8,mol3,0.8023550302668977
1,8,mol4,3.590274255819464
1,8,mol5,2.0684980373584003
1,8,mol6,3.304139089154116
1,8,mol7,3.202729008505571
1,8,mol8,0.7364187349211433
1,8,mol9,2.86675116506141
1,8,mol10,5.172667756612068
1,8,mol11,2.2258867671859086
1,8,mol12,1.4091692589013425
1,8,mol13,2.090711615227882
1,8,mol14,1.24948711858106
1,8,mol15,0.9755260035920162
1,8,mol16,0.8278738598933637
1,8,mol17,2.182370589831992
1,8,mol18,0.8999015849786348
1,8,mol19,4.141655414389089
1,8,mol20,0.7270390375016201
1,8,mol21,1.239670517494243
1,8,mol23,2.680863992726972
1,8,mol24,7.464973197801107
1,8,mol25,9.034445074067442
1,8,mol26,5.119205708695557
1,8,mol27,0.6864439136320606
1,8,mol28,0.9702850730041856
1,8,mol29,3.681818533407259
1,8,mol30,1.1770085480667598
1,8,mol31,2.1336137006848266
1,8,mol32,1.931205922289416
1,8,mol34,0.8699705066451575
1,8,mol35,4.912981274842855
1,8,mol36,3.7289316765529503
1,8,mol37,1.035004973267037
1,8,mol38,3.078637238218471
1,8,mol39,1.8573052971442248
1,8,mol40,3.1320067441657917
1,8,mol41,1.5725188353199138
1,8,mol43,2.4204537477506154
1,8,mol44,5.1686313823183125
1,8,mol45,0.7347670710626251
1,8,mol46,5.12524363304463
1,8,mol57,4.326556878387604
1,9,mol0,6.253637200201975
1,9,mol1,2.5202125335475176
1,9,mol2,2.6111454428298537
1,9,mol3,1.1596725586316348
1,9,mol4,2.1855770517515185
1,9,mol5,0.999296567869397
1,9,mol6,3.11855650009515
1,9,mol7,3.1680022026143275
1,9,mol8,2.6684363102225777
1,9,mol9,3.072354813416544
1,9,mol10,5.225915734248935
1,9,mol11,2.6838718313287617
1,9,mol12,1.5172712686128802
1,9,mol13,1.9896148847845143
1,9,mol14,1.1154339063790375
1,9,mol15,0.9562058353062296
1,9,mol16,2.5016465864874298
1,9,mol17,1.8983396502542091
1,9,mol18,0.9138070289598734
1,9,mol19,3.1533601922881718
1,9,mol20,0.7008269167058919
1,9,mol21,5.021283416921968
1,9,mol23,2.521520649826212
1,9,mol24,2.7310458008080185
1,9,mol25,9.91849411471613
1,9,mol26,5.226723632927228
1,9,mol27,4.908990851265921
1,9,mol28,1.0038018370962942
1,9,mol29,5.104474510719808
1,9,mol30,5.570218897553906
1,9,mol31,1.150201507888944
1,9,mol32,1.1906908606831104
1,9,mol34,3.166442671285956
1,9,mol35,3.3838492884519136
1,9,mol36,3.7289316765529503
1,9,mol37,4.867410306794313
1,9,mol38,3.0801477014466814
1,9,mol39,1.8573052971442248
1,9,mol40,3.132692180138356
1,9,mol41,1.7957462602009344
1,9,mol43,3.2067289065338844
1,9,mol44,0.8020170397192318
1,9,mol45,2.931462902934651
1,9,mol46,5.020696804357969
1,9,mol57,4.283139522368717
1,10,mol0,6.222609327424469
1,10,mol1,2.468923867649629
1,10,mol2,2.6099724075276267
1,10,mol3,2.7584691426243677
1,10,mol4,2.1855770517515185
1,10,mol5,1.540875929643771
1,10,mol6,3.1341725932510025
1,10,mol7,3.157625428716478
1,10,mol8,1.436022810801714
1,10,mol9,1.5010961818427415
1,10,mol10,5.233157053797056
1,10,mol11,1.9924278105701432
1,10,mol12,4.032559555378497
1,10,mol13,2.276677912350661
1,10,mol14,1.2582404001223295
1,10,mol15,0.9847246499990692
1,10,mol16,0.7905262747389438
1,10,mol17,2.150741020396966
1,10,mol18,5.630810011550423
1,10,mol19,1.416337821772975
1,10,mol20,2.959002571553721
1,10,mol21,1.2505546781550796
1,10,mol23,2.571646582930866
1,10,mol24,7.44970609781949
1,10,mol25,9.91679205266772
1,10,mol26,5.189764913609229
1,10,mol27,4.8619600050095535
1,10,mol28,1.0038018370962942
1,10,mol29,2.422014449852461
1,10,mol30,5.4571799147748665
1,10,mol31,3.271671554228816
1,10,mol32,1.5863443420104513
1,10,mol34,1.670378463750704
1,10,mol35,4.907323305463767
1,10,mol36,3.2415791004385497
1,10,mol37,4.776278126814591
1,10,mol38,3.0790394294620227
1,10,mol39,1.0613410869272897
1,10,mol40,3.1320317503978155
1,10,mol41,3.134094242074596
1,10,mol43,5.775437254442299
1,10,mol44,5.1686313823183125
1,10,mol45,0.7256212386991455
1,10,mol46,5.12524363304463
1,10,mol57,1.664727145233393
1,11,mol0,2.0831984415196745
1,11,mol1,2.438855142120991
1,11,mol2,4.357429884213094
1,11,mol3,3.332119590826172
1,11,mol4,3.596820617950565
1,11,mol5,0.999296567869397
1,11,mol6,3.1974826208991938
1,11,mol7,3.279973447652845
1,11,mol8,5.095047871806506
1,11,mol9,1.504974394498205
1,11,mol10,5.203371556557174
1,11,mol11,2.1955702722375645
1,11,mol12,1.538691529673304
1,11,mol13,6.504038627109069
1,11,mol14,5.803461627296247
1,11,mol15,0.8902527787095077
1,11,mol16,5.440929773146847
1,11,mol17,1.9044905476029776
1,11,mol18,5.673891803510283
1,11,mol19,3.1533601922881718
1,11,mol20,2.959002571553721
1,11,mol21,5.021283416921968
1,11,mol23,2.370282274856731
1,11,mol24,3.8420998959625656
1,11,mol25,9.883253375243816
1,11,mol26,5.421299922771941
1,11,mol27,5.684679698788006
1,11,mol28,1.1071240513149374
1,11,mol29,5.11923310157247
1,11,mol30,5.239266282388955
1,11,mol31,3.271671554228816
1,11,mol32,6.006345310467207
1,11,mol34,0.9484135409169324
1,11,mol35,4.929109526952678
1,11,mol36,3.07686976916476
1,11,mol37,0.7352522192673066
1,11,mol38,3.0790859445030696
1,11,mol39,0.8260486273821895
1,11,mol40,3.1320317503978155
1,11,mol41,1.8020498001741496
1,11,mol43,2.006682670478817
1,11,mol44,1.5304782036997455
1,11,mol45,0.729072288983817
1,11,mol46,1.130839038202423
1,11,mol57,0.9150678615020016
1,12,mol0,2.057506953025919
1,12,mol1,3.005021790145621
1,12,mol2,3.158854926367042
1,12,mol3,1.2711882608782206
1,12,mol4,1.9321963396241968
1,12,mol5,1.6033035418230142
1,12,mol6,3.304139089154116
1,12,mol7,3.1610130377776047
1,12,mol8,0.6935865866226489
1,12,mol9,3.072354813416544
1,12,mol10,5.233157053797056
1,12,mol11,2.2524225240837925
1,12,mol12,2.739205794802404
1,12,mol13,3.1248192196685167
1,12,mol14,5.803461627296247
1,12,mol15,0.6454697999376725
1,12,mol16,5.440929773146847
1,12,mol17,2.182370589831992
1,12,mol18,5.20756460503259
1,12,mol19,1.4368600362756814
1,12,mol20,0.9251598353936692
1,12,mol21,6.6598033369153535
1,12,mol23,5.968821198737652
1,12,mol24,7.180202395746856
1,12,mol25,9.0181781828596
1,12,mol26,2.5463854624222333
1,12,mol27,0.9321930843781774
1,12,mol28,1.1480057109476511
1,12,mol29,5.123084494371588
1,12,mol30,5.4571799147748665
1,12,mol31,3.3217857462139246
1,12,mol32,2.8351849947200467
1,12,mol34,1.019033199071949
1,12,mol35,4.912981274842855
1,12,mol36,2.1634160192621303
1,12,mol37,3.345823363865388
1,12,mol38,3.083637988568933
1,12,mol39,2.701650739603475
1,12,mol40,3.070667164558868
1,12,mol41,1.8194509640308585
1,12,mol43,2.424948873687856
1,12,mol44,5.1893831288231445
1,12,mol45,0.8845616109631615
1,12,mol46,4.564254522178383
1,12,mol57,0.9150678615020016
1,13,mol0,2.2113836509638034
1,13,mol1,2.5202125335475176
1,13,mol2,3.2145846770357958
1,13,mol3,0.8061638623586226
1,13,mol4,6.38827744437307
1,13,mol5,1.540875929643771
1,13,mol6,0.8973876035205643
1,13,mol7,0.8858235683423473
1,13,mol8,5.188486804344514
1,13,mol9,1.501653991120331
1,13,mol10,2.3068018942071404
1,13,mol11,2.712886009461757
1,13,mol12,1.5875148621168438
1,13,mol13,2.2484040029513834
1,13,mol14,1.1384316885522818
1,13,mol15,0.8997027196158797
1,13,mol16,0.5121339786669725
1,13,mol17,2.1751497274482463
1,13,mol18,5.635547464219479
1,13,mol19,1.436995118829031
1,13,mol20,0.7008269167058919
1,13,mol21,1.2505546781550796
1,13,mol23,2.342494386866273
1,13,mol24,7.354206444802714
1,13,mol25,9.916977335333192
1,13,mol26,5.171517139981037
1,13,mol27,2.697395542984473
1,13,mol28,5.698892941131081
1,13,mol29,6.0259161457237465
1,13,mol30,4.358876912564623
1,13,mol31,1.1832152546134622
1,13,mol32,1.646757022583651
1,13,mol34,0.822006326831705
1,13,mol35,4.908992247418751
1,13,mol36,3.7840342525405344
1,13,mol37,4.856304515878046
1,13,mol38,3.078766114858354
1,13,mol39,1.0595144089628985
1,13,mol40,3.069677601231113
1,13,mol41,1.533552749713503
1,13,mol43,2.4204537477506154
1,13,mol44,0.806594963322449
1,13,mol45,2.931462902934651
1,13,mol46,4.559808281340416
1,13,mol57,4.305570330174264
1,14,mol0,6.253637200201975
1,14,mol1,2.4970889590180803
1,14,mol2,2.6111454428298537
1,14,mol3,0.8277055652239526
1,14,mol4,1.9268833363750908
1,14,mol5,1.592591859377523
1,14,mol6,3.1973473345288976
1,14,mol7,3.1641549038833783
1,14,mol8,0.6935865866226489
1,14,mol9,3.072354813416544
1,14,mol10,5.172667756612068
1,14,mol11,2.2258867671859086
1,14,mol12,1.4202367540103518
1,14,mol13,2.2415802057977743
1,14,mol14,1.1179875332489178
1,14,mol15,0.8762077676585976
1,14,mol16,3.421674030354148
1,14,mol17,2.168887714621567
1,14,mol18,5.245086065379224
1,14,mol19,4.141655414389089
1,14,mol20,0.7270390375016201
1,14,mol21,5.022927050341818
1,14,mol23,5.971939605563673
1,14,mol24,7.323247293114655
1,14,mol25,9.903480093492142
1,14,mol26,0.8741108825543819
1,14,mol27,1.975790154359137
1,14,mol28,1.2376246611320032
1,14,mol29,5.110579385940501
1,14,mol30,5.5065020561554725
1,14,mol31,1.1629916073428903
1,14,mol32,1.931205922289416
1,14,mol34,0.8733694560475289
1,14,mol35,4.848758305237403
1,14,mol36,3.7289316765529503
1,14,mol37,4.776278126814591
1,14,mol38,3.078780983529919
1,14,mol39,1.0578450466868954
1,14,mol40,3.0693311413889512
1,14,mol41,1.5691665794626666
1,14,mol43,2.425070348464143
1,14,mol44,5.8174090855932485
1,14,mol45,0.8845616109631615
1,14,mol46,4.536280716977931
1,14,mol57,4.287441934883783
1,15,mol0,3.0922626734722907
1,15,mol1,1.7885651327950016
1,15,mol2,2.6164140974178127
1,15,mol3,1.295317024745137
1,15,mol4,1.9268833363750908
1,15,mol5,2.0684980373584003
1,15,mol6,0.8431187096556622
1,15,mol7,3.1680022026143275
1,15,mol8,5.188486804344514
1,15,mol9,2.7958140401576883
1,15,mol10,2.443333990858056
1,15,mol11,2.197429266286706
1,15,mol12,2.589065009513738
1,15,mol13,2.2886140879175403
1,15,mol14,1.1179875332489178
1,15,mol15,0.956562133508931
1,15,mol16,0.5130039924949797
1,15,mol17,1.9049858864903095
1,15,mol18,5.626526813779214
1,15,mol19,3.1533601922881718
1,15,mol20,0.7669035228327834
1,15,mol21,5.384434829802371
1,15,mol23,0.8991863113393127
1,15,mol24,7.310329142498761
1,15,mol25,9.883253375243816
1,15,mol26,5.213124676604572
1,15,mol27,0.6869072556120658
1,15,mol28,5.698892941131081
1,15,mol29,5.123084494371588
1,15,mol30,1.1770085480667598
1,15,mol31,2.673781085607047
1,15,mol32,6.167749151374894
1,15,mol34,0.8733694560475289
1,15,mol35,4.848758305237403
1,15,mol36,2.160811977104903
1,15,mol37,1.8433139859876015
1,15,mol38,3.0782903547556746
1,15,mol39,1.0613410869272897
1,15,mol40,2.960897439206566
1,15,mol41,1.8020498001741496
1,15,mol43,3.2067289065338844
1,15,mol44,0.806594963322449
1,15,mol45,0.7270328299997432
1,15,mol46,2.0495211465907297
1,15,mol57,4.275831590597768
1,16,mol0,2.0453316544634026
1,16,mol1,1.5224400987395204
1,16,mol2,3.2145846770357958
1,16,mol3,1.2711882608782206
1,16,mol4,6.299800572625862
1,16,mol5,1.5347947157338155
1,16,mol6,3.11855650009515
1,16,mol7,1.3250009325105572
1,16,mol8,1.452205396334436
1,16,mol9,3.072354813416544
1,16,mol10,5.257631613104672
1,16,mol11,2.6657593540427964
1,16,mol12,3.355160227726976
1,16,mol13,2.224031472294423
1,16,mol14,1.118870629027324
1,16,mol15,0.8731265444547993
1,16,mol16,2.4790648866266616
1,16,mol17,2.213241649810193
1,16,mol18,5.216766528195974
1,16,mol19,2.812032873070791
1,16,mol20,1.114478906864618
1,16,mol21,6.677799897400506
1,16,mol23,0.8833154094093458
1,16,mol24,7.464973197801107
1,16,mol25,8.720029898765592
1,16,mol26,5.195618214899936
1,16,mol27,0.9321930843781774
1,16,mol28,0.9702850730041856
1,16,mol29,5.123084494371588
1,16,mol30,1.481561891683533
1,16,mol31,1.9533569396682215
1,16,mol32,6.178945352913047
1,16,mol34,0.7553048292809564
1,16,mol35,4.522136441800587
1,16,mol36,3.07686976916476
1,16,mol37,4.852246694927773
1,16,mol38,3.0808190954827106
1,16,mol39,1.0590682503030673
1,16,mol40,3.1320067441657917
1,16,mol41,1.5296094105929
1,16,mol43,1.5018659943550223
1,16,mol44,2.829267137920046
1,16,mol45,0.729072288983817
1,16,mol46,4.564254522178383
1,16,mol57,4.2957981418787865
1,17,mol0,6.222609327424469
1,17,mol1,1.7885651327950016
1,17,mol2,3.106031878324281
1,17,mol3,1.2469993736316942
1,17,mol4,3.5961305757319613
1,17,mol5,1.7315083108537352
1,17,mol6,3.3006727866127097
1,17,mol7,3.166523665630813
1,17,mol8,2.6684363102225777
1,17,mol9,1.5016494722867413
1,17,mol10,5.163204601937695
1,17,mol11,2.2565392662954777
1,17,mol12,1.988426839968465
1,17,mol13,1.3149528469706044
1,17,mol14,1.1190872751934942
1,17,mol15,0.8997027196158797
1,17,mol16,0.5130039924949797
1,17,mol17,2.174347854268869
1,17,mol18,5.630810011550423
1,17,mol19,1.432979916387257
1,17,mol20,0.7118341804892631
1,17,mol21,1.239670517494243
1,17,mol23,0.8448280609094376
1,17,mol24,7.296465891824313
1,17,mol25,9.002467212841859
1,17,mol26,5.189764913609229
1,17,mol27,4.902156713153151
1,17,mol28,5.698892941131081
1,17,mol29,0.8988402992353044
1,17,mol30,1.5377095087607848
1,17,mol31,3.271671554228816
1,17,mol32,6.006345310467207
1,17,mol34,0.9484135409169324
1,17,mol35,4.877833655648162
1,17,mol36,3.2414340394954824
1,17,mol37,4.776278126814591
1,17,mol38,3.0786705925241056
1,17,mol39,1.0581342064218506
1,17,mol40,4.728079587475237
1,17,mol41,1.7966420231172289
1,17,mol43,2.0057859307513355
1,17,mol44,5.819449873901926
1,17,mol45,2.98298541604006
1,17,mol46,2.0495211465907297
1,17,mol57,4.326556878387604
1,18,mol0,0.7536878145160636
1,18,mol1,1.7595670630157865
1,18,mol2,3.207620790355715
1,18,mol3,0.8023550302668977
1,18,mol4,1.9268833363750908
1,18,mol5,2.1522678626922294
1,18,mol6,0.8942588186659968
1,18,mol7,3.1641549038833783
1,18,mol8,5.744621818113258
1,18,mol9,1.5010961818427415
1,18,mol10,5.264265692857836
1,18,mol11,2.712886009461757
1,18,mol12,2.264791590647971
1,18,mol13,3.1248192196685167
1,18,mol14,1.118115166027185
1,18,mol15,0.956562133508931
1,18,mol16,0.5243877497665854
1,18,mol17,1.9044905476029776
1,18,mol18,5.635547464219479
1,18,mol19,1.4370791164452557
1,18,mol20,0.6935961715802427
1,18,mol21,1.239670517494243
1,18,mol23,2.5084416950569133
1,18,mol24,3.8420998959625656
1,18,mol25,8.985609742262563
1,18,mol26,6.029514871203058
1,18,mol27,0.7128925780315712
1,18,mol28,1.2376246611320032
1,18,mol29,5.099304078931925
1,18,mol30,5.527300515521921
1,18,mol31,2.111272752097653
1,18,mol32,1.1906908606831104
1,18,mol34,0.9848791509073038
1,18,mol35,4.88227004561002
1,18,mol36,2.1606372486838232
1,18,mol37,4.856304515878046
1,18,mol38,3.078865468288308
1,18,mol39,1.933285524385883
1,18,mol40,3.1320067441657917
1,18,mol41,3.2346709911162885
1,18,mol43,2.006682670478817
1,18,mol44,0.8568791016573707
1,18,mol45,1.713769974541807
1,18,mol46,4.600727238586414
1,18,mol57,4.332080038547835
1,19,mol0,0.8929485605285448
1,19,mol1,2.4490579626154214
1,19,mol2,2.616405535006206
1,19,mol3,0.8050488620389886
1,19,mol4,3.590274255819464
1,19,mol5,1.6033035418230142
1,19,mol6,0.8942588186659968
1,19,mol7,2.696985683841528
1,19,mol8,1.436022810801714
1,19,mol9,1.50173699888147
1,19,mol10,2.3068018942071404
1,19,mol11,2.639894572452973
1,19,mol12,1.6113470806086585
1,19,mol13,1.6274313966283516
1,19,mol14,7.224108777177985
1,19,mol15,0.9562058353062296
1,19,mol16,5.467760319555464
1,19,mol17,2.211971186007465
1,19,mol18,0.8999015849786348
1,19,mol19,1.432979916387257
1,19,mol20,2.9243714666354883
1,19,mol21,5.01452854522071
1,19,mol23,0.8557173613407641
1,19,mol24,2.7310458008080185
1,19,mol25,9.90110711923598
1,19,mol26,0.8743393033330601
1,19,mol27,0.688681972366418
1,19,mol28,5.484680361242576
1,19,mol29,0.8988402992353044
1,19,mol30,5.570218897553906
1,19,mol31,1.1832152546134622
1,19,mol32,1.6734515008551292
1,19,mol34,1.670378463750704
1,19,mol35,4.862772611157762
1,19,mol36,3.741687448251123
1,19,mol37,4.848414107436318
1,19,mol38,3.0790394294620227
1,19,mol39,1.0589442321482276
1,19,mol40,3.1320067441657917
1,19,mol41,3.134094242074596
1,19,mol43,2.425070348464143
1,19,mol44,5.142961622645069
1,19,mol45,0.7886441220741149
1,19,mol46,4.608599796593461
1,19,mol57,0.6307182099675065
1,20,mol0,0.8929485605285448
1,20,mol1,2.4970359186944027
1,20,mol2,2.616165212301309
1,20,mol3,2.7584691426243677
1,20,mol4,6.116004570492546
1,20,mol5,1.592591859377523
1,20,mol6,0.8942588186659968
1,20,mol7,3.166523665630813
1,20,mol8,5.745535815769118
1,20,mol9,2.7958140401576883
1,20,mol10,5.254866156268313
1,20,mol11,2.6489493980947745
1,20,mol12,1.4091692589013425
1,20,mol13,2.278568609199484
1,20,mol14,7.224108777177985
1,20,mol15,0.9637758990990644
1,20,mol16,0.7905262747389438
1,20,mol17,1.8983396502542091
1,20,mol18,5.14773130191978
1,20,mol19,1.4370931004046916
1,20,mol20,1.6837865106162755
1,20,mol21,5.021283416921968
1,20,mol23,2.680863992726972
1,20,mol24,7.318709570492753
1,20,mol25,8.716478046654215
1,20,mol26,5.20193526145912
1,20,mol27,4.908990851265921
1,20,mol28,1.1532872727213517
1,20,mol29,5.05291906851289
1,20,mol30,1.504964143168276
1,20,mol31,3.280765911147882
1,20,mol32,1.6401317682256074
1,20,mol34,1.670378463750704
1,20,mol35,4.88227004561002
1,20,mol36,3.2414340394954824
1,20,mol37,3.345823363865388
1,20,mol38,3.0782903547556746
1,20,mol39,1.0581342064218506
1,20,mol40,3.069552189733871
1,20,mol41,1.8117407411318325
1,20,mol43,2.6039418695508547
1,20,mol44,2.829267137920046
1,20,mol45,1.5328337014856688
1,20,mol46,4.5936741617703065
1,20,mol57,4.305570330174264
1,21,mol0,2.6323916115863155
1,21,mol1,2.4970889590180803
1,21,mol2,2.616165212301309
1,21,mol3,1.2469993736316942
1,21,mol4,1.9321963396241968
1,21,mol5,1.5479589294365086
1,21,mol6,3.1291055479162084
1,21,mol7,3.202729008505571
1,21,mol8,5.120272147789468
1,21,mol9,1.501801221549516
1,21,mol10,5.254866156268313
1,21,mol11,2.6489493980947745
1,21,mol12,2.8415944067240813
1,21,mol13,2.1965238422917466
1,21,mol14,1.1164829777027503
1,21,mol15,0.8299072519517497
1,21,mol16,0.508409275144181
1,21,mol17,2.211971186007465
1,21,mol18,0.9116068445978496
1,21,mol19,1.4371839513437377
1,21,mol20,0.6984985384416549
1,21,mol21,6.6598033369153535
1,21,mol23,2.571646582930866
1,21,mol24,7.296465891824313
1,21,mol25,9.02589763882714
1,21,mol26,5.119205708695557
1,21,mol27,0.7649872688891625
1,21,mol28,1.2376246611320032
1,21,mol29,5.175663148871672
1,21,mol30,4.364569607774759
1,21,mol31,2.1336137006848266
1,21,mol32,5.342424523967158
1,21,mol34,0.9484135409169324
1,21,mol35,4.848758305237403
1,21,mol36,3.7282705943104495
1,21,mol37,0.6629060837988286
1,21,mol38,3.163959349095255
1,21,mol39,1.933285524385883
1,21,mol40,0.7992620130470363
1,21,mol41,1.8194509640308585
1,21,mol43,2.424948873687856
1,21,mol44,5.819449873901926
1,21,mol45,0.7386091103883826
1,21,mol46,4.559808281340416
1,21,mol57,4.285914506891687
1,22,mol0,3.0922626734722907
1,22,mol1,3.1293411725553355
1,22,mol2,3.207620790355715
1,22,mol3,0.8061638623586226
1,22,mol4,3.596820617950565
1,22,mol5,2.610637534417812
1,22,mol6,0.7816132806421537
1,22,mol7,1.0600750889586874
1,22,mol8,5.141523018828455
1,22,mol9,2.644684066917923
1,22,mol10,0.7046906724397092
1,22,mol11,2.197429266286706
1,22,mol12,1.535411121446131
1,22,mol13,1.9896148847845143
1,22,mol14,5.9897051475427405
1,22,mol15,0.8690064044945995
1,22,mol16,0.5121339786669725
1,22,mol17,2.168887714621567
1,22,mol18,5.630810011550423
1,22,mol19,2.812032873070791
1,22,mol20,0.6920965532166442
1,22,mol21,1.239670517494243
1,22,mol23,0.8833154094093458
1,22,mol24,7.44970609781949
1,22,mol25,9.0181781828596
1,22,mol26,5.182689805808881
1,22,mol27,0.7649872688891625
1,22,mol28,0.9702850730041856
1,22,mol29,3.681818533407259
1,22,mol30,1.1800098398836436
1,22,mol31,2.1336137006848266
1,22,mol32,5.283166966345632
1,22,mol34,0.8699705066451575
1,22,mol35,4.908992247418751
1,22,mol36,3.7840342525405344
1,22,mol37,0.6579668216844217
1,22,mol38,3.0782903547556746
1,22,mol39,1.058883592657852
1,22,mol40,3.069552189733871
1,22,mol41,0.909375361978957
1,22,mol43,1.0333890579060725
1,22,mol44,5.192733143318101
1,22,mol45,1.713769974541807
1,22,mol46,4.608599796593461
1,22,mol57,4.285914506891687
1,23,mol0,2.6323916115863155
1,23,mol1,2.475564607165404
1,23,mol2,2.97262905172621
1,23,mol3,0.8023550302668977
1,23,mol4,3.590274255819464
1,23,mol5,1.5347947157338155
1,23,mol6,3.27866238353968
1,23,mol7,3.2213621835036945
1,23,mol8,5.095047871806506
1,23,mol9,1.5014194028762695
1,23,mol10,5.257631613104672
1,23,mol11,3.0238481532091965
1,23,mol12,2.8415944067240813
1,23,mol13,2.224031472294423
1,23,mol14,1.1154339063790375
1,23,mol15,0.9560525417735046
1,23,mol16,0.5243877497665854
1,23,mol17,1.898873692601629
1,23,mol18,5.630810011550423
1,23,mol19,4.142357096834157
1,23,mol20,0.7118341804892631
1,23,mol21,6.809121241862924
1,23,mol23,5.968821198737652
1,23,mol24,7.472092937464785
1,23,mol25,9.91849411471613
1,23,mol26,0.8741108825543819
1,23,mol27,0.8148930698640774
1,23,mol28,1.1573256452747112
1,23,mol29,0.8988402992353044
1,23,mol30,1.1770085480667598
1,23,mol31,1.6595206050995577
1,23,mol32,6.208113890247643
1,23,mol34,1.018088015230882
1,23,mol35,4.921073551838938
1,23,mol36,3.241469595168216
1,23,mol37,4.852246694927773
1,23,mol38,3.078637238218471
1,23,mol39,1.0591314738029456
1,23,mol40,3.0687333568591466
1,23,mol41,1.800260454162262
1,23,mol43,5.811624854547994
1,23,mol44,5.8174090855932485
1,23,mol45,2.98298541604006
1,23,mol46,2.0495211465907297
1,23,mol57,4.307032116515074
1,24,mol0,1.3790784030467602
1,24,mol1,2.4490579626154214
1,24,mol2,2.614172189187664
1,24,mol3,1.280832678905153
1,24,mol4,2.1855770517515185
1,24,mol5,1.5347947157338155
1,24,mol6,3.3006727866127097
1,24,mol7,2.6321524728603047
1,24,mol8,2.6684363102225777
1,24,mol9,1.4999158593861508
1,24,mol10,5.262016287368314
1,24,mol11,3.0238481532091965
1,24,mol12,1.5460483085355323
1,24,mol13,2.224031472294423
1,24,mol14,1.1164829777027503
1,24,mol15,0.9136781533421584
1,24,mol16,5.467760319555464
1,24,mol17,1.9041339383037104
1,24,mol18,0.9116068445978496
1,24,mol19,1.416337821772975
1,24,mol20,0.6984985384416549
1,24,mol21,1.2505546781550796
1,24,mol23,5.971939605563673
1,24,mol24,7.294702262563184
1,24,mol25,9.91679205266772
1,24,mol26,5.195618214899936
1,24,mol27,1.975790154359137
1,24,mol28,5.711167609144111
1,24,mol29,0.8988402992353044
1,24,mol30,5.454667074065005
1,24,mol31,1.1709743330876217
1,24,mol32,5.3063396843506245
1,24,mol34,0.8733694560475289
1,24,mol35,4.835215583341792
1,24,mol36,3.741687448251123
1,24,mol37,4.856304515878046
1,24,mol38,3.0790829315058907
1,24,mol39,1.0589442321482276
1,24,mol40,2.960897439206566
1,24,mol41,1.8069917912347429
1,24,mol43,2.0191021989983566
1,24,mol44,5.1686313823183125
1,24,mol45,2.931462902934651
1,24,mol46,5.300810089155273
1,24,mol57,4.307032116515074
1,25,mol0,2.1190172490449437
1,25,mol1,2.477389227442875
1,25,mol2,2.6164140974178127
1,25,mol3,0.843623077741059
1,25,mol4,1.9472797797367047
1,25,mol5,1.5479589294365086
1,25,mol6,3.11855650009515
1,25,mol7,3.1680022026143275
1,25,mol8,5.095047871806506
1,25,mol9,2.644684066917923
1,25,mol10,5.254866156268313
1,25,mol11,2.285651767075058
1,25,mol12,1.4091692589013425
1,25,mol13,2.2484040029513834
1,25,mol14,1.118870629027324
1,25,mol15,0.9562058353062296
1,25,mol16,0.5121339786669725
1,25,mol17,2.1751497274482463
1,25,mol18,5.18648893684917
1,25,mol19,1.4370791164452557
1,25,mol20,1.6837865106162755
1,25,mol21,1.2505546781550796
1,25,mol23,2.250850254348343
1,25,mol24,7.296465891824313
1,25,mol25,9.034445074067442
1,25,mol26,0.8743393033330601
1,25,mol27,0.8148930698640774
1,25,mol28,0.964801690422496
1,25,mol29,6.0259161457237465
1,25,mol30,5.527300515521921
1,25,mol31,1.1629916073428903
1,25,mol32,1.6204576126161754
1,25,mol34,0.7882391571844921
1,25,mol35,4.912981274842855
1,25,mol36,3.729314136459947
1,25,mol37,0.7650584134152763
1,25,mol38,3.0788504376264734
1,25,mol39,2.701650739603475
1,25,mol40,4.728079587475237
1,25,mol41,1.8194509640308585
1,25,mol43,2.424948873687856
1,25,mol44,1.5095027035417985
1,25,mol45,1.1360828235878235
1,25,mol46,4.602770135893271
1,25,mol57,0.9150678615020016
1,26,mol0,3.120534938395979
1,26,mol1,2.5202125335475176
1,26,mol2,2.614172189187664
1,26,mol3,1.2869498803739772
1,26,mol4,1.9286226967153823
1,26,mol5,1.540875929643771
1,26,mol6,0.7816132806421537
1,26,mol7,2.696985683841528
1,26,mol8,5.744621818113258
1,26,mol9,3.2609298753430385
1,26,mol10,2.3068018942071404
1,26,mol11,2.2258867671859086
1,26,mol12,4.032559555378497
1,26,mol13,2.090711615227882
1,26,mol14,1.327481623036643
1,26,mol15,0.8997027196158797
1,26,mol16,1.832165513811457
1,26,mol17,1.90531462696513
1,26,mol18,0.9119215996035676
1,26,mol19,2.812032873070791
1,26,mol20,0.7148034788201112
1,26,mol21,5.384434829802371
1,26,mol23,0.8833154094093458
1,26,mol24,2.7310458008080185
1,26,mol25,9.889562601551193
1,26,mol26,5.247771912048232
1,26,mol27,0.7649872688891625
1,26,mol28,0.9645497923083624
1,26,mol29,5.1547496129069845
1,26,mol30,5.527300515521921
1,26,mol31,1.1832152546134622
1,26,mol32,5.3442904722169216
1,26,mol34,0.8733694560475289
1,26,mol35,4.522136441800587
1,26,mol36,3.2415079269377083
1,26,mol37,4.852246694927773
1,26,mol38,3.076863247618499
1,26,mol39,1.0595144089628985
1,26,mol40,3.0693311413889512
1,26,mol41,1.5691665794626666
1,26,mol43,1.5018659943550223
1,26,mol44,5.192733143318101
1,26,mol45,0.7195129388904478
1,26,mol46,1.5173691285438968
1,26,mol57,4.309010461856019
1,27,mol0,2.0831984415196745
1,27,mol1,2.474279003922153
1,27,mol2,3.2145846770357958
1,27,mol3,1.8095610532406483
1,27,mol4,1.9472797797367047
1,27,mol5,1.612527843859517
1,27,mol6,3.1974826208991938
1,27,mol7,2.6184132221486887
1,27,mol8,0.6922139875583477
1,27,mol9,2.644684066917923
1,27,mol10,6.444081681690116
1,27,mol11,2.667172537913512
1,27,mol12,1.4091692589013425
1,27,mol13,2.2484040029513834
1,27,mol14,1.24948711858106
1,27,mol15,0.8696063413679592
1,27,mol16,1.832165513811457
1,27,mol17,1.9044905476029776
1,27,mol18,5.635547464219479
1,27,mol19,3.1533601922881718
1,27,mol20,0.6991107487189415
1,27,mol21,1.371795432493894
1,27,mol23,2.680863992726972
1,27,mol24,7.354206444802714
1,27,mol25,9.903480093492142
1,27,mol26,0.8743393033330601
1,27,mol27,4.8619600050095535
1,27,mol28,0.9795222367911928
1,27,mol29,0.8988402992353044
1,27,mol30,3.929674901735935
1,27,mol31,1.9533569396682215
1,27,mol32,1.5622355812836208
1,27,mol34,1.3428115930108455
1,27,mol35,4.900478192993005
1,27,mol36,3.7840342525405344
1,27,mol37,1.8433139859876015
1,27,mol38,3.0790859445030696
1,27,mol39,1.056304883449849
1,27,mol40,3.132692180138356
1,27,mol41,3.2346709911162885
1,27,mol43,2.4303910014645798
1,27,mol44,1.0299756560229951
1,27,mol45,0.729072288983817
1,27,mol46,5.027365695868961
1,27,mol57,4.275831590597768
1,28,mol0,0.8929485605285448
1,28,mol1,1.5224400987395204
1,28,mol2,2.6164140974178127
1,28,mol3,1.8095610532406483
1,28,mol4,6.38827744437307
1,28,mol5,2.1522678626922294
1,28,mol6,3.1341725932510025
1,28,mol7,2.696985683841528
1,28,mol8,0.6935865866226489
1,28,mol9,1.5514192318187705
1,28,mol10,5.163204601937695
1,28,mol11,2.2524225240837925
1,28,mol12,1.4091692589013425
1,28,mol13,2.278568609199484
1,28,mol14,1.327481623036643
1,28,mol15,0.9560525417735046
1,28,mol16,2.4790648866266616
1,28,mol17,1.918544801405482
1,28,mol18,5.216766528195974
1,28,mol19,1.4371839513437377
1,28,mol20,0.7265572580538776
1,28,mol21,5.01452854522071
1,28,mol23,3.6961123126198414
1,28,mol24,7.464973197801107
1,28,mol25,9.91849411471613
1,28,mol26,5.233965168212225
1,28,mol27,0.6869072556120658
1,28,mol28,1.0038018370962942
1,28,mol29,5.145165523090584
1,28,mol30,1.197081624897261
1,28,mol31,1.1709743330876217
1,28,mol32,6.146853962335996
1,28,mol34,1.018088015230882
1,28,mol35,4.835215583341792
1,28,mol36,3.2415791004385497
1,28,mol37,4.776278126814591
1,28,mol38,3.0790394294620227
1,28,mol39,1.0579464782303496
1,28,mol40,3.0795257614606832
1,28,mol41,1.4999041320646516
1,28,mol43,2.6039418695508547
1,28,mol44,5.142961622645069
1,28,mol45,0.7309606061152047
1,28,mol46,4.561594801198653
1,28,mol57,4.332080038547835
1,29,mol0,1.847173830950948
1,29,mol1,2.474279003922153
1,29,mol2,2.6099724075276267
1,29,mol3,0.8277055652239526
1,29,mol4,6.107375386998434
1,29,mol5,1.5479589294365086
1,29,mol6,0.8942588186659968
1,29,mol7,2.6446311888427845
1,29,mol8,5.141523018828455
1,29,mol9,2.86675116506141
1,29,mol10,5.163204601937695
1,29,mol11,2.1876946085624778
1,29,mol12,1.535411121446131
1,29,mol13,1.3149528469706044
1,29,mol14,1.24948711858106
1,29,mol15,0.9847246499990692
1,29,mol16,3.421674030354148
1,29,mol17,2.174347854268869
1,29,mol18,5.11705998691689
1,29,mol19,3.1533601922881718
1,29,mol20,0.6920965532166442
1,29,mol21,6.677799897400506
1,29,mol23,2.680863992726972
1,29,mol24,7.472209555672866
1,29,mol25,9.02589763882714
1,29,mol26,6.029514871203058
1,29,mol27,0.7115154181832604
1,29,mol28,1.1573256452747112
1,29,mol29,5.175663148871672
1,29,mol30,5.239266282388955
1,29,mol31,1.1709743330876217
1,29,mol32,1.1906908606831104
1,29,mol34,2.559607409983657
1,29,mol35,3.3838492884519136
1,29,mol36,2.160446403963774
1,29,mol37,0.6579668216844217
1,29,mol38,3.078766114858354
1,29,mol39,1.056304883449849
1,29,mol40,3.1320067441657917
1,29,mol41,1.8194509640308585
1,29,mol43,2.4303910014645798
1,29,mol44,0.8568791016573707
1,29,mol45,0.9174164602504477
1,29,mol46,5.027365695868961
1,29,mol57,4.287441934883783
1,30,mol0,2.1190172490449437
1,30,mol1,1.749316630644664
1,30,mol2,2.6111454428298537
1,30,mol3,1.295317024745137
1,30,mol4,1.9314244744673372
1,30,mol5,2.0684980373584003
1,30,mol6,3.11855650009515
1,30,mol7,3.2213621835036945
1,30,mol8,1.047704625223295
1,30,mol9,1.504974394498205
1,30,mol10,5.254866156268313
1,30,mol11,3.0238481532091965
1,30,mol12,3.019838675076596
1,30,mol13,2.1965238422917466
1,30,mol14,1.1368899878616223
1,30,mol15,0.8926212608173512
1,30,mol16,3.421674030354148
1,30,mol17,1.9004712502907843
1,30,mol18,0.937886411816798
1,30,mol19,4.141655414389089
1,30,mol20,0.7008269167058919
1,30,mol21,1.3211447257544833
1,30,mol23,3.3700441974104725
1,30,mol24,7.294702262563184
1,30,mol25,9.883253375243816
1,30,mol26,5.213124676604572
1,30,mol27,0.6895736656170244
1,30,mol28,1.2376246611320032
1,30,mol29,5.145165523090584
1,30,mol30,1.1800098398836436
1,30,mol31,2.244262592423177
1,30,mol32,5.3063396843506245
1,30,mol34,0.7882391571844921
1,30,mol35,3.614909996834968
1,30,mol36,3.7840342525405344
1,30,mol37,4.852246694927773
1,30,mol38,3.078637238218471
1,30,mol39,0.8263554917830462
1,30,mol40,3.719444841034748
1,30,mol41,1.7966420231172289
1,30,mol43,2.424948873687856
1,30,mol44,5.8174090855932485
1,30,mol45,0.7542204924834987
1,30,mol46,5.020696804357969
1,30,mol57,1.7416763561624713
1,31,mol0,2.2113836509638034
1,31,mol1,1.5224400987395204
1,31,mol2,3.207620790355715
1,31,mol3,2.7584691426243677
1,31,mol4,1.9286226967153823
1,31,mol5,1.5479589294365086
1,31,mol6,3.199123251395457
1,31,mol7,3.1610130377776047
1,31,mol8,5.745535815769118
1,31,mol9,1.501566653135825
1,31,mol10,5.203371556557174
1,31,mol11,2.285651767075058
1,31,mol12,1.535411121446131
1,31,mol13,2.090711615227882
1,31,mol14,1.1164829777027503
1,31,mol15,0.9562058353062296
1,31,mol16,0.5130039924949797
1,31,mol17,2.182370589831992
1,31,mol18,5.673891803510283
1,31,mol19,4.141655414389089
1,31,mol20,0.7270390375016201
1,31,mol21,5.01452854522071
1,31,mol23,3.6961123126198414
1,31,mol24,2.7310458008080185
1,31,mol25,9.02589763882714
1,31,mol26,5.124614910611219
1,31,mol27,2.697395542984473
1,31,mol28,1.1071240513149374
1,31,mol29,5.161904334072615
1,31,mol30,5.502814906431476
1,31,mol31,3.271671554228816
1,31,mol32,3.6770770200566334
1,31,mol34,0.8733694560475289
1,31,mol35,4.522136441800587
1,31,mol36,2.1634160192621303
1,31,mol37,0.6579668216844217
1,31,mol38,3.0790859445030696
1,31,mol39,1.0579464782303496
1,31,mol40,0.7992620130470363
1,31,mol41,0.909375361978957
1,31,mol43,5.811624854547994
1,31,mol44,0.8568791016573707
1,31,mol45,0.7195129388904478
1,31,mol46,4.577861853494207
1,31,mol57,4.307032116515074
1,32,mol0,3.120534938395979
1,32,mol1,2.4970359186944027
1,32,mol2,2.6460194110420114
1,32,mol3,1.2681924527836053
1,32,mol4,1.9286226967153823
1,32,mol5,0.999296567869397
1,32,mol6,3.2902964603006013
1,32,mol7,3.1641549038833783
1,32,mol8,0.6899963842555367
1,32,mol9,1.5514192318187705
1,32,mol10,5.264265692857836
1,32,mol11,2.1876946085624778
1,32,mol12,2.8415944067240813
1,32,mol13,2.257508648283141
1,32,mol14,1.2582404001223295
1,32,mol15,0.900406264737728
1,32,mol16,5.440929773146847
1,32,mol17,1.9004712502907843
1,32,mol18,5.245086065379224
1,32,mol19,1.4370791164452557
1,32,mol20,2.9243714666354883
1,32,mol21,5.0634430164497095
1,32,mol23,3.6961123126198414
1,32,mol24,7.29149157195487
1,32,mol25,9.892333120013552
1,32,mol26,5.213124676604572
1,32,mol27,0.7115154181832604
1,32,mol28,0.964801690422496
1,32,mol29,0.8988104596370368
1,32,mol30,5.239266282388955
1,32,mol31,2.1336137006848266
1,32,mol32,1.5863443420104513
1,32,mol34,0.7882391571844921
1,32,mol35,4.8658900010798325
1,32,mol36,3.7282705943104495
1,32,mol37,4.888473831466985
1,32,mol38,3.0790394294620227
1,32,mol39,2.701650739603475
1,32,mol40,3.0946778209532573
1,32,mol41,2.139556937180195
1,32,mol43,2.3862664603937254
1,32,mol44,0.8176890959981585
1,32,mol45,0.7886441220741149
1,32,mol46,4.536280716977931
1,32,mol57,0.6307182099675065
1,33,mol0,3.101235180012957
1,33,mol1,3.1293411725553355
1,33,mol2,3.158854926367042
1,33,mol3,1.280832678905153
1,33,mol4,3.590274255819464
1,33,mol5,2.2266081510524773
1,33,mol6,3.199123251395457
1,33,mol7,2.696985683841528
1,33,mol8,0.6935865866226489
1,33,mol9,2.886918837742808
1,33,mol10,0.7046906724397092
1,33,mol11,2.6838718313287617
1,33,mol12,2.997948355086766
1,33,mol13,2.2415802057977743
1,33,mol14,1.1747244653534716
1,33,mol15,0.9755260035920162
1,33,mol16,0.5338211473596947
1,33,mol17,2.174347854268869
1,33,mol18,5.245086065379224
1,33,mol19,1.436995118829031
1,33,mol20,1.5025944496104062
1,33,mol21,6.6856106130795725
1,33,mol23,2.680863992726972
1,33,mol24,3.8420998959625656
1,33,mol25,9.91679205266772
1,33,mol26,5.247771912048232
1,33,mol27,0.6895736656170244
1,33,mol28,1.952085278214313
1,33,mol29,6.0259161457237465
1,33,mol30,5.527300515521921
1,33,mol31,6.325128270932535
1,33,mol32,3.6770770200566334
1,33,mol34,1.670378463750704
1,33,mol35,4.88227004561002
1,33,mol36,3.7289316765529503
1,33,mol37,0.6579668216844217
1,33,mol38,3.0923155767747312
1,33,mol39,0.8263554917830462
1,33,mol40,3.090818279274924
1,33,mol41,1.7957462602009344
1,33,mol43,2.4303910014645798
1,33,mol44,0.8176890959981585
1,33,mol45,0.7886441220741149
1,33,mol46,4.600727238586414
1,33,mol57,0.5943828463851587
1,34,mol0,1.847173830950948
1,34,mol1,2.468923867649629
1,34,mol2,3.158854926367042
1,34,mol3,1.2711882608782206
1,34,mol4,6.107375386998434
1,34,mol5,2.646451421243171
1,34,mol6,0.7816132806421537
1,34,mol7,2.6446311888427845
1,34,mol8,2.6684363102225777
1,34,mol9,1.501653991120331
1,34,mol10,6.070797962110476
1,34,mol11,3.0238481532091965
1,34,mol12,1.4202367540103518
1,34,mol13,6.479148531419473
1,34,mol14,1.24948711858106
1,34,mol15,0.9136781533421584
1,34,mol16,0.5130039924949797
1,34,mol17,1.9103686580200836
1,34,mol18,5.988082170469449
1,34,mol19,1.432979916387257
1,34,mol20,0.6976652514472276
1,34,mol21,1.371795432493894
1,34,mol23,0.8833154094093458
1,34,mol24,7.296465891824313
1,34,mol25,9.916977335333192
1,34,mol26,0.8719536649521749
1,34,mol27,4.8619600050095535
1,34,mol28,5.711167609144111
1,34,mol29,0.9025008984841544
1,34,mol30,1.481561891683533
1,34,mol31,3.280765911147882
1,34,mol32,3.6770770200566334
1,34,mol34,1.3428115930108455
1,34,mol35,4.778607382909796
1,34,mol36,3.2415791004385497
1,34,mol37,4.78032754444583
1,34,mol38,3.078787094265887
1,34,mol39,1.0571030861746642
1,34,mol40,0.7911771075429322
1,34,mol41,1.8069917912347429
1,34,mol43,2.424948873687856
1,34,mol44,5.1893831288231445
1,34,mol45,0.7309606061152047
1,34,mol46,4.567676799339662
1,34,mol57,4.305570330174264
1,35,mol0,2.0453316544634026
1,35,mol1,2.5536480462761504
1,35,mol2,2.616165212301309
1,35,mol3,1.149914676035645
1,35,mol4,2.1855770517515185
1,35,mol5,1.000216747343628
1,35,mol6,3.1341725932510025
1,35,mol7,3.1680022026143275
1,35,mol8,1.452205396334436
1,35,mol9,1.50173699888147
1,35,mol10,0.7046906724397092
1,35,mol11,1.9924278105701432
1,35,mol12,1.5460483085355323
1,35,mol13,2.2886140879175403
1,35,mol14,1.1154339063790375
1,35,mol15,0.9560525417735046
1,35,mol16,0.5121339786669725
1,35,mol17,1.4940362872859794
1,35,mol18,5.14773130191978
1,35,mol19,1.432979916387257
1,35,mol20,0.6920965532166442
1,35,mol21,6.6598033369153535
1,35,mol23,0.8833154094093458
1,35,mol24,7.423404150949437
1,35,mol25,9.91849411471613
1,35,mol26,6.029514871203058
1,35,mol27,0.7128925780315712
1,35,mol28,5.698892941131081
1,35,mol29,3.681818533407259
1,35,mol30,5.4571799147748665
1,35,mol31,1.1832152546134622
1,35,mol32,6.006345310467207
1,35,mol34,0.8733694560475289
1,35,mol35,4.88227004561002
1,35,mol36,2.482985900966818
1,35,mol37,4.852246694927773
1,35,mol38,3.163959349095255
1,35,mol39,1.0578450466868954
1,35,mol40,3.069552189733871
1,35,mol41,2.139556937180195
1,35,mol43,3.2067289065338844
1,35,mol44,5.8174090855932485
1,35,mol45,0.7275857707831797
1,35,mol46,5.020696804357969
1,35,mol57,0.5943828463851587
1,36,mol0,0.7536878145160636
1,36,mol1,2.475564607165404
1,36,mol2,4.418742273449161
1,36,mol3,0.843623077741059
1,36,mol4,3.5961305757319613
1,36,mol5,1.6033035418230142
1,36,mol6,3.304139089154116
1,36,mol7,3.166523665630813
1,36,mol8,5.188486804344514
1,36,mol9,1.4947416959525304
1,36,mol10,2.443333990858056
1,36,mol11,3.0238481532091965
1,36,mol12,1.5875148621168438
1,36,mol13,1.9896148847845143
1,36,mol14,1.118115166027185
1,36,mol15,0.956562133508931
1,36,mol16,2.4790648866266616
1,36,mol17,2.211971186007465
1,36,mol18,5.14773130191978
1,36,mol19,1.4371005165315978
1,36,mol20,0.6935961715802427
1,36,mol21,1.371795432493894
1,36,mol23,2.5084416950569133
1,36,mol24,7.323247293114655
1,36,mol25,9.916977335333192
1,36,mol26,6.041272144930871
1,36,mol27,5.688448985911053
1,36,mol28,5.484680361242576
1,36,mol29,0.8988402992353044
1,36,mol30,4.358876912564623
1,36,mol31,1.1673439719080234
1,36,mol32,6.167749151374894
1,36,mol34,0.8753599884958527
1,36,mol35,4.907323305463767
1,36,mol36,2.1634160192621303
1,36,mol37,0.7352522192673066
1,36,mol38,3.078780983529919
1,36,mol39,1.0578450466868954
1,36,mol40,2.960897439206566
1,36,mol41,3.2346709911162885
1,36,mol43,2.425070348464143
1,36,mol44,1.1783353975599888
1,36,mol45,0.7270328299997432
1,36,mol46,4.541819905379695
1,36,mol57,4.275158804832688
1,37,mol0,0.891611662524667
1,37,mol1,2.5202125335475176
1,37,mol2,2.616165212301309
1,37,mol3,1.6722948579397985
1,37,mol4,6.38827744437307
1,37,mol5,1.5359772739565878
1,37,mol6,0.8748568462489001
1,37,mol7,2.6743079280873343
1,37,mol8,2.6784551238140457
1,37,mol9,1.5014194028762695
1,37,mol10,5.257631613104672
1,37,mol11,2.6657593540427964
1,37,mol12,1.5460483085355323
1,37,mol13,6.504038627109069
1,37,mol14,1.1747244653534716
1,37,mol15,5.607211692332614
1,37,mol16,0.7905262747389438
1,37,mol17,1.90531462696513
1,37,mol18,5.635547464219479
1,37,mol19,3.1533601922881718
1,37,mol20,0.7008269167058919
1,37,mol21,1.239670517494243
1,37,mol23,0.8066164562541484
1,37,mol24,7.342445703616442
1,37,mol25,9.01290018840204
1,37,mol26,6.029514871203058
1,37,mol27,4.8619600050095535
1,37,mol28,5.711167609144111
1,37,mol29,0.8988104596370368
1,37,mol30,1.197081624897261
1,37,mol31,1.8281138172307545
1,37,mol32,6.167749151374894
1,37,mol34,0.7398967175915179
1,37,mol35,4.778607382909796
1,37,mol36,3.07686976916476
1,37,mol37,4.78032754444583
1,37,mol38,3.0790394294620227
1,37,mol39,1.0578450466868954
1,37,mol40,3.1320067441657917
1,37,mol41,1.8027605726517577
1,37,mol43,5.811624854547994
1,37,mol44,0.812753074784358
1,37,mol45,2.931462902934651
1,37,mol46,1.130839038202423
1,37,mol57,4.287406442890441
1,38,mol0,6.253637200201975
1,38,mol1,2.4490579626154214
1,38,mol2,3.9257778424225127
1,38,mol3,0.8061638623586226
1,38,mol4,2.1855770517515185
1,38,mol5,1.000216747343628
1,38,mol6,0.7816132806421537
1,38,mol7,3.2213621835036945
1,38,mol8,5.744621818113258
1,38,mol9,3.2609298753430385
1,38,mol10,2.3068018942071404
1,38,mol11,2.2524225240837925
1,38,mol12,1.4202367540103518
1,38,mol13,2.221849916886991
1,38,mol14,5.803461627296247
1,38,mol15,0.9847246499990692
1,38,mol16,1.482282573565087
1,38,mol17,2.1751497274482463
1,38,mol18,5.1835776832166
1,38,mol19,1.436995118829031
1,38,mol20,0.7148034788201112
1,38,mol21,1.239670517494243
1,38,mol23,0.8066164562541484
1,38,mol24,7.423404150949437
1,38,mol25,9.90824288900716
1,38,mol26,0.8743393033330601
1,38,mol27,0.8148930698640774
1,38,mol28,1.952085278214313
1,38,mol29,0.8988104596370368
1,38,mol30,1.481561891683533
1,38,mol31,1.1832152546134622
1,38,mol32,5.342424523967158
1,38,mol34,1.037633019151006
1,38,mol35,4.522136441800587
1,38,mol36,2.1634160192621303
1,38,mol37,4.852246694927773
1,38,mol38,3.0808190954827106
1,38,mol39,1.0571030861746642
1,38,mol40,2.78469833473933
1,38,mol41,1.800260454162262
1,38,mol43,1.5018659943550223
1,38,mol44,2.8222412108110104
1,38,mol45,0.7542204924834987
1,38,mol46,5.027365695868961
1,38,mol57,4.287339944399808
1,39,mol0,3.1469295029838213
1,39,mol1,2.968855394634437
1,39,mol2,2.616165212301309
1,39,mol3,1.1596725586316348
1,39,mol4,3.590274255819464
1,39,mol5,1.5479589294365086
1,39,mol6,3.199123251395457
1,39,mol7,2.6446311888427845
1,39,mol8,0.7364187349211433
1,39,mol9,2.7958140401576883
1,39,mol10,5.23783897538468
1,39,mol11,3.0238481532091965
1,39,mol12,2.739205794802404
1,39,mol13,2.224031472294423
1,39,mol14,1.118870629027324
1,39,mol15,0.6454697999376725
1,39,mol16,0.8278738598933637
1,39,mol17,2.182370589831992
1,39,mol18,0.9138070289598734
1,39,mol19,1.436995118829031
1,39,mol20,2.959002571553721
1,39,mol21,6.809121241862924
1,39,mol23,3.6961123126198414
1,39,mol24,7.323247293114655
1,39,mol25,9.883253375243816
1,39,mol26,0.8719536649521749
1,39,mol27,0.6919232591570398
1,39,mol28,1.0006956563206155
1,39,mol29,0.9025008984841544
1,39,mol30,5.527300515521921
1,39,mol31,6.325128270932535
1,39,mol32,6.178945352913047
1,39,mol34,0.8733694560475289
1,39,mol35,4.835215583341792
1,39,mol36,3.727012618223877
1,39,mol37,4.843550330174913
1,39,mol38,3.0801477014466814
1,39,mol39,0.8260486273821895
1,39,mol40,3.1319359389202077
1,39,mol41,2.139556937180195
1,39,mol43,2.6295630045693903
1,39,mol44,2.8222412108110104
1,39,mol45,0.7270328299997432
1,39,mol46,4.544041337698161
1,39,mol57,4.343571996773376
1,40,mol0,2.0831984415196745
1,40,mol1,2.468923867649629
1,40,mol2,2.6099724075276267
1,40,mol3,1.2681924527836053
1,40,mol4,6.299800572625862
1,40,mol5,1.6033035418230142
1,40,mol6,3.2660233904769966
1,40,mol7,2.6743079280873343
1,40,mol8,1.077588964308748
1,40,mol9,3.072354813416544
1,40,mol10,2.443333990858056
1,40,mol11,2.285651767075058
1,40,mol12,1.538691529673304
1,40,mol13,2.090711615227882
1,40,mol14,1.1164829777027503
1,40,mol15,0.8902527787095077
1,40,mol16,1.482282573565087
1,40,mol17,2.182370589831992
1,40,mol18,5.626526813779214
1,40,mol19,3.1533601922881718
1,40,mol20,1.114478906864618
1,40,mol21,6.814138890143543
1,40,mol23,2.342494386866273
1,40,mol24,7.296465891824313
1,40,mol25,8.720029898765592
1,40,mol26,0.8719536649521749
1,40,mol27,4.8619600050095535
1,40,mol28,5.484680361242576
1,40,mol29,5.123084494371588
1,40,mol30,5.5065020561554725
1,40,mol31,1.150201507888944
1,40,mol32,5.342424523967158
1,40,mol34,0.8699705066451575
1,40,mol35,4.824047512023578
1,40,mol36,2.160446403963774
1,40,mol37,4.867410306794313
1,40,mol38,3.078637238218471
1,40,mol39,1.058883592657852
1,40,mol40,3.070667164558868
1,40,mol41,1.8230023925747691
1,40,mol43,1.0333890579060725
1,40,mol44,0.8020170397192318
1,40,mol45,0.7263078618990784
1,40,mol46,4.561594801198653
1,40,mol57,0.6307182099675065
1,41,mol0,6.253637200201975
1,41,mol1,2.968855394634437
1,41,mol2,3.2145846770357958
1,41,mol3,3.332119590826172
1,41,mol4,1.9314244744673372
1,41,mol5,2.610637534417812
1,41,mol6,3.3006727866127097
1,41,mol7,3.202729008505571
1,41,mol8,1.452205396334436
1,41,mol9,1.501566653135825
1,41,mol10,5.233157053797056
1,41,mol11,3.0238481532091965
1,41,mol12,1.538691529673304
1,41,mol13,6.479148531419473
1,41,mol14,5.9897051475427405
1,41,mol15,0.8926212608173512
1,41,mol16,0.5243877497665854
1,41,mol17,2.1745760235670604
1,41,mol18,5.635547464219479
1,41,mol19,4.770543850064122
1,41,mol20,0.6984985384416549
1,41,mol21,5.384434829802371
1,41,mol23,3.3700441974104725
1,41,mol24,7.323247293114655
1,41,mol25,9.91679205266772
1,41,mol26,5.20193526145912
1,41,mol27,0.7649872688891625
1,41,mol28,5.698892941131081
1,41,mol29,0.8988402992353044
1,41,mol30,1.197081624897261
1,41,mol31,3.2783706576209477
1,41,mol32,6.167749151374894
1,41,mol34,0.9848791509073038
1,41,mol35,4.848758305237403
1,41,mol36,3.7282705943104495
1,41,mol37,4.888473831466985
1,41,mol38,3.076863247618499
1,41,mol39,1.0590682503030673
1,41,mol40,3.0687333568591466
1,41,mol41,3.2346709911162885
1,41,mol43,2.425070348464143
1,41,mol44,5.142961622645069
1,41,mol45,2.98298541604006
1,41,mol46,4.559808281340416
1,41,mol57,4.332080038547835
1,42,mol0,2.1190172490449437
1,42,mol1,2.475564607165404
1,42,mol2,4.357429884213094
1,42,mol3,1.8095610532406483
1,42,mol4,1.9268833363750908
1,42,mol5,2.194256417331393
1,42,mol6,3.2660233904769966
1,42,mol7,1.3250009325105572
1,42,mol8,5.120272147789468
1,42,mol9,1.5010961818427415
1,42,mol10,2.3068018942071404
1,42,mol11,2.153071763860493
1,42,mol12,3.355160227726976
1,42,mol13,1.2907468019829715
1,42,mol14,1.376450592829252
1,42,mol15,0.8926212608173512
1,42,mol16,0.5243877497665854
1,42,mol17,2.211971186007465
1,42,mol18,5.11705998691689
1,42,mol19,1.4371005165315978
1,42,mol20,0.7001945832116773
1,42,mol21,1.3246972768439504
1,42,mol23,2.571646582930866
1,42,mol24,3.8420998959625656
1,42,mol25,9.892333120013552
1,42,mol26,2.5463854624222333
1,42,mol27,0.6869072556120658
1,42,mol28,1.1480057109476511
1,42,mol29,0.8988402992353044
1,42,mol30,3.929674901735935
1,42,mol31,1.8281138172307545
1,42,mol32,6.167749151374894
1,42,mol34,0.8753599884958527
1,42,mol35,3.3838492884519136
1,42,mol36,3.727827842645097
1,42,mol37,1.8433139859876015
1,42,mol38,3.078766114858354
1,42,mol39,1.056304883449849
1,42,mol40,3.069677601231113
1,42,mol41,1.8027605726517577
1,42,mol43,2.600727618379134
1,42,mol44,5.8174090855932485
1,42,mol45,0.7270328299997432
1,42,mol46,4.608599796593461
1,42,mol57,1.7416763561624713
1,43,mol0,2.0453316544634026
1,43,mol1,1.749316630644664
1,43,mol2,4.357429884213094
1,43,mol3,1.2869721599710462
1,43,mol4,1.9268833363750908
1,43,mol5,1.5347947157338155
1,43,mol6,0.7816132806421537
1,43,mol7,3.160348698202585
1,43,mol8,1.077588964308748
1,43,mol9,1.50173699888147
1,43,mol10,5.254866156268313
1,43,mol11,2.153071763860493
1,43,mol12,2.8415944067240813
1,43,mol13,2.278568609199484
1,43,mol14,1.376450592829252
1,43,mol15,0.9847246499990692
1,43,mol16,2.6903244798429244
1,43,mol17,1.918544801405482
1,43,mol18,5.20756460503259
1,43,mol19,1.4371524979304362
1,43,mol20,2.959002571553721
1,43,mol21,6.809121241862924
1,43,mol23,2.250850254348343
1,43,mol24,7.4656125613449245
1,43,mol25,9.901386497945998
1,43,mol26,5.124614910611219
1,43,mol27,0.688681972366418
1,43,mol28,0.9645497923083624
1,43,mol29,0.8988402992353044
1,43,mol30,1.5377095087607848
1,43,mol31,2.673781085607047
1,43,mol32,1.6734515008551292
1,43,mol34,2.559607409983657
1,43,mol35,4.921073551838938
1,43,mol36,2.16109692341644
1,43,mol37,0.7650584134152763
1,43,mol38,3.078766114858354
1,43,mol39,1.056304883449849
1,43,mol40,2.78469833473933
1,43,mol41,1.4999041320646516
1,43,mol43,2.3456160491435933
1,43,mol44,5.819449873901926
1,43,mol45,0.7347670710626251
1,43,mol46,4.5936741617703065
1,43,mol57,1.7416763561624713
1,44,mol0,0.891611662524667
1,44,mol1,2.474279003922153
1,44,mol2,3.158854926367042
1,44,mol3,1.2681924527836053
1,44,mol4,2.1855770517515185
1,44,mol5,1.7315083108537352
1,44,mol6,3.1341725932510025
1,44,mol7,1.0600750889586874
1,44,mol8,5.141523018828455
1,44,mol9,1.5016494722867413
1,44,mol10,2.443333990858056
1,44,mol11,2.712886009461757
1,44,mol12,2.739205794802404
1,44,mol13,2.224031472294423
1,44,mol14,5.9897051475427405
1,44,mol15,0.956562133508931
1,44,mol16,0.508409275144181
1,44,mol17,1.4940362872859794
1,44,mol18,5.630810011550423
1,44,mol19,1.4371005165315978
1,44,mol20,1.5025944496104062
1,44,mol21,1.3246972768439504
1,44,mol23,5.971939605563673
1,44,mol24,7.318709570492753
1,44,mol25,9.02589763882714
1,44,mol26,5.182689805808881
1,44,mol27,4.908990851265921
1,44,mol28,1.313214788520703
1,44,mol29,5.161904334072615
1,44,mol30,5.527300515521921
1,44,mol31,2.244262592423177
1,44,mol32,6.178945352913047
1,44,mol34,3.166442671285956
1,44,mol35,4.848758305237403
1,44,mol36,2.160446403963774
1,44,mol37,0.7180725422528699
1,44,mol38,3.0790394294620227
1,44,mol39,2.701650739603475
1,44,mol40,3.1320067441657917
1,44,mol41,3.134094242074596
1,44,mol43,2.599787686523651
1,44,mol44,1.1163733632999826
1,44,mol45,1.1360828235878235
1,44,mol46,5.300810089155273
1,44,mol57,4.287406442890441
1,45,mol0,3.1469295029838213
1,45,mol1,2.477389227442875
1,45,mol2,4.357429884213094
1,45,mol3,1.280832678905153
1,45,mol4,6.299800572625862
1,45,mol5,2.0684980373584003
1,45,mol6,3.304139089154116
1,45,mol7,3.279973447652845
1,45,mol8,0.6922139875583477
1,45,mol9,1.50173699888147
1,45,mol10,2.3068018942071404
1,45,mol11,2.6657593540427964
1,45,mol12,1.538691529673304
1,45,mol13,2.2415802057977743
1,45,mol14,5.803461627296247
1,45,mol15,0.8926212608173512
1,45,mol16,0.7905262747389438
1,45,mol17,1.4940362872859794
1,45,mol18,0.9138070289598734
1,45,mol19,1.4606659685015124
1,45,mol20,0.7669035228327834
1,45,mol21,5.0634430164497095
1,45,mol23,2.24465863273238
1,45,mol24,3.770002846963263
1,45,mol25,9.91849411471613
1,45,mol26,6.041272144930871
1,45,mol27,0.7128925780315712
1,45,mol28,1.1071240513149374
1,45,mol29,5.104474510719808
1,45,mol30,5.239266282388955
1,45,mol31,1.6595206050995577
1,45,mol32,6.146853962335996
1,45,mol34,0.7398967175915179
1,45,mol35,4.825546543319122
1,45,mol36,3.2415079269377083
1,45,mol37,0.654329380692553
1,45,mol38,3.078766114858354
1,45,mol39,1.0583608906228537
1,45,mol40,0.7911771075429322
1,45,mol41,2.139556937180195
1,45,mol43,2.0057859307513355
1,45,mol44,0.8152746008904871
1,45,mol45,0.7386091103883826
1,45,mol46,1.130839038202423
1,45,mol57,4.275831590597768
1,46,mol0,2.2113836509638034
1,46,mol1,2.4970359186944027
1,46,mol2,3.106031878324281
1,46,mol3,1.2469993736316942
1,46,mol4,3.596820617950565
1,46,mol5,2.610637534417812
1,46,mol6,3.27866238353968
1,46,mol7,2.696985683841528
1,46,mol8,0.6877900252672635
1,46,mol9,3.072354813416544
1,46,mol10,5.23783897538468
1,46,mol11,2.197429266286706
1,46,mol12,2.997948355086766
1,46,mol13,2.278568609199484
1,46,mol14,1.1747244653534716
1,46,mol15,0.8762077676585976
1,46,mol16,5.501138125926881
1,46,mol17,2.182370589831992
1,46,mol18,5.626526813779214
1,46,mol19,1.4371524979304362
1,46,mol20,1.114478906864618
1,46,mol21,6.828372205385247
1,46,mol23,2.24465863273238
1,46,mol24,7.296465891824313
1,46,mol25,9.90824288900716
1,46,mol26,0.8741108825543819
1,46,mol27,0.6919232591570398
1,46,mol28,1.0006956563206155
1,46,mol29,5.061358601728801
1,46,mol30,3.929674901735935
1,46,mol31,3.3217857462139246
1,46,mol32,5.283166966345632
1,46,mol34,0.7553048292809564
1,46,mol35,4.881194619281671
1,46,mol36,3.727012618223877
1,46,mol37,4.852246694927773
1,46,mol38,3.076863247618499
1,46,mol39,1.058883592657852
1,46,mol40,3.1320317503978155
1,46,mol41,1.8027605726517577
1,46,mol43,5.811624854547994
1,46,mol44,1.1163733632999826
1,46,mol45,2.98298541604006
1,46,mol46,4.561594801198653
1,46,mol57,4.332080038547835
1,47,mol0,2.2113836509638034
1,47,mol1,2.4490579626154214
1,47,mol2,4.418742273449161
1,47,mol3,2.7584691426243677
1,47,mol4,1.9323589707919175
1,47,mol5,1.5347947157338155
1,47,mol6,3.1974497421866577
1,47,mol7,3.157625428716478
1,47,mol8,0.9547760988091092
1,47,mol9,2.644684066917923
1,47,mol10,5.257631613104672
1,47,mol11,2.643849520490907
1,47,mol12,2.997948355086766
1,47,mol13,6.479148531419473
1,47,mol14,1.1191753837089162
1,47,mol15,0.8690064044945995
1,47,mol16,3.421674030354148
1,47,mol17,1.898873692601629
1,47,mol18,5.20756460503259
1,47,mol19,1.432979916387257
1,47,mol20,0.7270390375016201
1,47,mol21,1.232666951843306
1,47,mol23,0.8448280609094376
1,47,mol24,7.4656125613449245
1,47,mol25,8.985609742262563
1,47,mol26,5.226723632927228
1,47,mol27,1.975790154359137
1,47,mol28,0.9795222367911928
1,47,mol29,0.8988402992353044
1,47,mol30,4.358876912564623
1,47,mol31,1.8281138172307545
1,47,mol32,6.146853962335996
1,47,mol34,0.822006326831705
1,47,mol35,4.88227004561002
1,47,mol36,3.741687448251123
1,47,mol37,4.79680240508586
1,47,mol38,3.0782903547556746
1,47,mol39,1.0589442321482276
1,47,mol40,0.7992620130470363
1,47,mol41,1.8027605726517577
1,47,mol43,2.6183505313460227
1,47,mol44,0.8152746008904871
1,47,mol45,0.7542204924834987
1,47,mol46,4.564254522178383
1,47,mol57,4.287406442890441
1,48,mol0,6.222609327424469
1,48,mol1,1.5224400987395204
1,48,mol2,2.6164140974178127
1,48,mol3,1.280832678905153
1,48,mol4,1.9286226967153823
1,48,mol5,1.6033035418230142
1,48,mol6,3.1291055479162084
1,48,mol7,1.0600750889586874
1,48,mol8,0.6935865866226489
1,48,mol9,3.2609298753430385
1,48,mol10,5.233157053797056
1,48,mol11,2.727049694022217
1,48,mol12,1.988426839968465
1,48,mol13,6.475446147130731
1,48,mol14,1.327481623036643
1,48,mol15,0.6454697999376725
1,48,mol16,0.7902953322051592
1,48,mol17,1.4940362872859794
1,48,mol18,5.245086065379224
1,48,mol19,1.4370791164452557
1,48,mol20,0.7038895586448424
1,48,mol21,6.6598033369153535
1,48,mol23,2.370282274856731
1,48,mol24,7.354206444802714
1,48,mol25,8.716478046654215
1,48,mol26,0.8741108825543819
1,48,mol27,0.8148930698640774
1,48,mol28,0.9702850730041856
1,48,mol29,2.422014449852461
1,48,mol30,1.1770085480667598
1,48,mol31,1.8281138172307545
1,48,mol32,6.178945352913047
1,48,mol34,0.8923986936220706
1,48,mol35,4.824047512023578
1,48,mol36,3.2415079269377083
1,48,mol37,0.654329380692553
1,48,mol38,3.0786705925241056
1,48,mol39,1.0591314738029456
1,48,mol40,3.0795257614606832
1,48,mol41,3.134094242074596
1,48,mol43,3.2067289065338844
1,48,mol44,5.1893831288231445
1,48,mol45,0.7256212386991455
1,48,mol46,1.5173691285438968
1,48,mol57,0.5943828463851587
1,49,mol0,1.3790784030467602
1,49,mol1,3.1293411725553355
1,49,mol2,3.106031878324281
1,49,mol3,1.149914676035645
1,49,mol4,3.5961305757319613
1,49,mol5,2.6975528895031267
1,49,mol6,3.1974497421866577
1,49,mol7,1.3250009325105572
1,49,mol8,1.077588964308748
1,49,mol9,1.5016494722867413
1,49,mol10,5.233157053797056
1,49,mol11,3.855493685681943
1,49,mol12,1.5460483085355323
1,49,mol13,2.090711615227882
1,49,mol14,1.2582404001223295
1,49,mol15,0.95110874329855
1,49,mol16,2.4790648866266616
1,49,mol17,1.9041339383037104
1,49,mol18,5.988082170469449
1,49,mol19,1.4371005165315978
1,49,mol20,0.7265572580538776
1,49,mol21,1.3211447257544833
1,49,mol23,0.8833154094093458
1,49,mol24,7.323247293114655
1,49,mol25,9.02589763882714
1,49,mol26,5.124614910611219
1,49,mol27,2.697395542984473
1,49,mol28,1.1573256452747112
1,49,mol29,5.123084494371588
1,49,mol30,1.504964143168276
1,49,mol31,3.3217857462139246
1,49,mol32,6.178945352913047
1,49,mol34,1.018088015230882
1,49,mol35,4.835215583341792
1,49,mol36,2.16109692341644
1,49,mol37,4.848414107436318
1,49,mol38,3.078780983529919
1,49,mol39,1.0591314738029456
1,49,mol40,3.090818279274924
1,49,mol41,1.5296094105929
1,49,mol43,2.006682670478817
1,49,mol44,2.829267137920046
1,49,mol45,0.7270328299997432
1,49,mol46,4.608599796593461
1,49,mol57,4.283139522368717
1,50,mol0,0.891611662524667
1,50,mol1,1.5224400987395204
1,50,mol2,3.207620790355715
1,50,mol3,1.2711882608782206
1,50,mol4,3.5961305757319613
1,50,mol5,0.9728801984599932
1,50,mol6,3.199123251395457
1,50,mol7,3.157625428716478
1,50,mol8,5.745535815769118
1,50,mol9,1.4999158593861508
1,50,mol10,3.7487467729033046
1,50,mol11,2.2565392662954777
1,50,mol12,2.739205794802404
1,50,mol13,6.504038627109069
1,50,mol14,1.1179875332489178
1,50,mol15,0.8762077676585976
1,50,mol16,5.467760319555464
1,50,mol17,2.150741020396966
1,50,mol18,5.135983656659217
1,50,mol19,1.4606659685015124
1,50,mol20,0.7118341804892631
1,50,mol21,6.6598033369153535
1,50,mol23,2.342494386866273
1,50,mol24,7.354206444802714
1,50,mol25,9.916977335333192
1,50,mol26,3.7469911874101616
1,50,mol27,0.6864439136320606
1,50,mol28,1.1680441825412349
1,50,mol29,5.1547496129069845
1,50,mol30,1.4246283998916272
1,50,mol31,6.292292009574095
1,50,mol32,1.646757022583651
1,50,mol34,0.8733694560475289
1,50,mol35,4.835215583341792
1,50,mol36,3.729314136459947
1,50,mol37,4.852246694927773
1,50,mol38,3.0790829315058907
1,50,mol39,1.0579464782303496
1,50,mol40,0.7911771075429322
1,50,mol41,1.8069917912347429
1,50,mol43,2.6183505313460227
1,50,mol44,1.1783353975599888
1,50,mol45,1.5328337014856688
1,50,mol46,4.536280716977931
1,50,mol57,4.305570330174264
1,51,mol0,3.101235180012957
1,51,mol1,1.749316630644664
1,51,mol2,2.6111454428298537
1,51,mol3,0.843623077741059
1,51,mol4,1.9472797797367047
1,51,mol5,2.2351247274418986
1,51,mol6,0.8748568462489001
1,51,mol7,3.161280304474998
1,51,mol8,0.6899963842555367
1,51,mol9,1.50120451146341
1,51,mol10,5.203371556557174
1,51,mol11,2.2565392662954777
1,51,mol12,1.538691529673304
1,51,mol13,2.2484040029513834
1,51,mol14,1.1202536741738451
1,51,mol15,0.8902527787095077
1,51,mol16,2.5016465864874298
1,51,mol17,1.8983396502542091
1,51,mol18,0.9116068445978496
1,51,mol19,1.4425356449402131
1,51,mol20,0.7265572580538776
1,51,mol21,6.809121241862924
1,51,mol23,3.6961123126198414
1,51,mol24,7.29149157195487
1,51,mol25,9.916965640181305
1,51,mol26,5.119205708695557
1,51,mol27,0.6888832015026204
1,51,mol28,0.9795222367911928
1,51,mol29,5.110579385940501
1,51,mol30,1.5377095087607848
1,51,mol31,6.292292009574095
1,51,mol32,6.167749151374894
1,51,mol34,0.8923986936220706
1,51,mol35,4.8658900010798325
1,51,mol36,3.728345363884628
1,51,mol37,4.875685642905775
1,51,mol38,3.0780222397152714
1,51,mol39,2.682449231355553
1,51,mol40,0.7992620130470363
1,51,mol41,1.8020498001741496
1,51,mol43,2.006682670478817
1,51,mol44,5.1686313823183125
1,51,mol45,0.7429569905072498
1,51,mol46,5.020696804357969
1,51,mol57,0.9150678615020016
1,52,mol0,0.891611662524667
1,52,mol1,1.018896208772022
1,52,mol2,3.158854926367042
1,52,mol3,1.1596725586316348
1,52,mol4,1.9323589707919175
1,52,mol5,2.1522678626922294
1,52,mol6,0.8748568462489001
1,52,mol7,3.202729008505571
1,52,mol8,5.120272147789468
1,52,mol9,1.5014194028762695
1,52,mol10,3.7487467729033046
1,52,mol11,2.639894572452973
1,52,mol12,2.4242402157146827
1,52,mol13,3.1248192196685167
1,52,mol14,5.803461627296247
1,52,mol15,0.8299072519517497
1,52,mol16,0.5121339786669725
1,52,mol17,2.1751497274482463
1,52,mol18,0.8999015849786348
1,52,mol19,3.1533601922881718
1,52,mol20,1.6837865106162755
1,52,mol21,6.6598033369153535
1,52,mol23,0.8066164562541484
1,52,mol24,7.4656125613449245
1,52,mol25,9.034445074067442
1,52,mol26,6.029514871203058
1,52,mol27,2.697395542984473
1,52,mol28,1.0038018370962942
1,52,mol29,5.123084494371588
1,52,mol30,1.5377095087607848
1,52,mol31,2.673781085607047
1,52,mol32,1.931205922289416
1,52,mol34,0.8941155837066183
1,52,mol35,4.881194619281671
1,52,mol36,2.482985900966818
1,52,mol37,4.79680240508586
1,52,mol38,3.0923155767747312
1,52,mol39,1.0565660522655456
1,52,mol40,3.069677601231113
1,52,mol41,1.5296094105929
1,52,mol43,2.600727618379134
1,52,mol44,5.8174090855932485
1,52,mol45,0.7270328299997432
1,52,mol46,1.130839038202423
1,52,mol57,4.285914506891687
1,53,mol0,6.253637200201975
1,53,mol1,2.968855394634437
1,53,mol2,3.207620790355715
1,53,mol3,1.295317024745137
1,53,mol4,3.596820617950565
1,53,mol5,0.9728801984599932
1,53,mol6,3.1973319184386635
1,53,mol7,3.1641549038833783
1,53,mol8,2.382516875431166
1,53,mol9,1.504974394498205
1,53,mol10,5.23783897538468
1,53,mol11,1.9924278105701432
1,53,mol12,1.976647247175743
1,53,mol13,6.504038627109069
1,53,mol14,1.118115166027185
1,53,mol15,5.607211692332614
1,53,mol16,5.440929773146847
1,53,mol17,2.213241649810193
1,53,mol18,5.988082170469449
1,53,mol19,3.1567327830917447
1,53,mol20,1.5025944496104062
1,53,mol21,5.01452854522071
1,53,mol23,2.680863992726972
1,53,mol24,7.323247293114655
1,53,mol25,9.01290018840204
1,53,mol26,5.20193526145912
1,53,mol27,0.7649872688891625
1,53,mol28,1.1480057109476511
1,53,mol29,0.9025008984841544
1,53,mol30,5.5065020561554725
1,53,mol31,1.1629916073428903
1,53,mol32,6.146853962335996
1,53,mol34,0.7398967175915179
1,53,mol35,4.873137032486498
1,53,mol36,2.16109692341644
1,53,mol37,4.776278126814591
1,53,mol38,3.0786705925241056
1,53,mol39,1.056304883449849
1,53,mol40,3.0687333568591466
1,53,mol41,1.8020498001741496
1,53,mol43,3.356144872469006
1,53,mol44,1.0299756560229951
1,53,mol45,0.7347670710626251
1,53,mol46,4.541819905379695
1,53,mol57,4.332080038547835
1,54,mol0,2.0453316544634026
1,54,mol1,1.5224400987395204
1,54,mol2,3.138291313446787
1,54,mol3,0.8061638623586226
1,54,mol4,3.596820617950565
1,54,mol5,1.592591859377523
1,54,mol6,3.11855650009515
1,54,mol7,3.2213621835036945
1,54,mol8,0.6877900252672635
1,54,mol9,1.5015601297761385
1,54,mol10,5.203371556557174
1,54,mol11,2.712886009461757
1,54,mol12,1.538691529673304
1,54,mol13,6.475446147130731
1,54,mol14,1.1368899878616223
1,54,mol15,0.900406264737728
1,54,mol16,5.467760319555464
1,54,mol17,1.9041339383037104
1,54,mol18,5.198492284618233
1,54,mol19,1.3901320698187134
1,54,mol20,0.6991107487189415
1,54,mol21,5.0634430164497095
1,54,mol23,3.3700441974104725
1,54,mol24,7.364818578100436
1,54,mol25,9.883253375243816
1,54,mol26,5.119205708695557
1,54,mol27,5.688448985911053
1,54,mol28,0.9702850730041856
1,54,mol29,5.175663148871672
1,54,mol30,5.5065020561554725
1,54,mol31,3.280765911147882
1,54,mol32,1.6734515008551292
1,54,mol34,0.8753599884958527
1,54,mol35,4.912981274842855
1,54,mol36,3.7840342525405344
1,54,mol37,4.843550330174913
1,54,mol38,3.078637238218471
1,54,mol39,1.0590682503030673
1,54,mol40,3.132130968765515
1,54,mol41,1.800260454162262
1,54,mol43,1.0333890579060725
1,54,mol44,1.1163733632999826
1,54,mol45,1.1360828235878235
1,54,mol46,2.0495211465907297
1,54,mol57,4.287406442890441
1,55,mol0,1.847173830950948
1,55,mol1,2.968855394634437
1,55,mol2,3.2145846770357958
1,55,mol3,1.6722948579397985
1,55,mol4,3.590274255819464
1,55,mol5,1.592591859377523
1,55,mol6,0.8431187096556622
1,55,mol7,2.696985683841528
1,55,mol8,0.7364187349211433
1,55,mol9,1.4947416959525304
1,55,mol10,5.264265692857836
1,55,mol11,2.667172537913512
1,55,mol12,1.538691529673304
1,55,mol13,2.221849916886991
1,55,mol14,1.118115166027185
1,55,mol15,0.8762077676585976
1,55,mol16,3.421674030354148
1,55,mol17,1.9103686580200836
1,55,mol18,5.18648893684917
1,55,mol19,1.4368600362756814
1,55,mol20,1.5025944496104062
1,55,mol21,1.3211447257544833
1,55,mol23,0.9496693358743348
1,55,mol24,7.472209555672866
1,55,mol25,9.002467212841859
1,55,mol26,5.119205708695557
1,55,mol27,4.872838185063454
1,55,mol28,1.0006956563206155
1,55,mol29,6.0259161457237465
1,55,mol30,5.527300515521921
1,55,mol31,3.3217857462139246
1,55,mol32,1.1906908606831104
1,55,mol34,1.037633019151006
1,55,mol35,4.900478192993005
1,55,mol36,2.160811977104903
1,55,mol37,1.8433139859876015
1,55,mol38,3.0808190954827106
1,55,mol39,1.0590682503030673
1,55,mol40,2.78469833473933
1,55,mol41,1.53002455158783
1,55,mol43,2.600727618379134
1,55,mol44,0.8020170397192318
1,55,mol45,0.7792443956841321
1,55,mol46,4.561594801198653
1,55,mol57,4.275831590597768
1,56,mol0,2.1190172490449437
1,56,mol1,2.5536480462761504
1,56,mol2,3.1426609065585027
1,56,mol3,0.843623077741059
1,56,mol4,1.9323589707919175
1,56,mol5,1.7315083108537352
1,56,mol6,3.2660233904769966
1,56,mol7,3.2213621835036945
1,56,mol8,5.745535815769118
1,56,mol9,2.644684066917923
1,56,mol10,5.254866156268313
1,56,mol11,2.1955702722375645
1,56,mol12,2.8415944067240813
1,56,mol13,2.2886140879175403
1,56,mol14,1.1164829777027503
1,56,mol15,5.607211692332614
1,56,mol16,0.8278738598933637
1,56,mol17,2.1745760235670604
1,56,mol18,5.630810011550423
1,56,mol19,1.436995118829031
1,56,mol20,0.7265572580538776
1,56,mol21,6.677799897400506
1,56,mol23,0.8557173613407641
1,56,mol24,7.323247293114655
1,56,mol25,9.91849411471613
1,56,mol26,5.195618214899936
1,56,mol27,4.872838185063454
1,56,mol28,0.9645497923083624
1,56,mol29,6.0259161457237465
1,56,mol30,1.1800098398836436
1,56,mol31,1.1629916073428903
1,56,mol32,6.167749151374894
1,56,mol34,2.559607409983657
1,56,mol35,4.835215583341792
1,56,mol36,3.741687448251123
1,56,mol37,4.856304515878046
1,56,mol38,3.0790394294620227
1,56,mol39,2.682449231355553
1,56,mol40,3.061278090193703
1,56,mol41,3.134094242074596
1,56,mol43,1.5018659943550223
1,56,mol44,2.8222412108110104
1,56,mol45,0.7347670710626251
1,56,mol46,4.602770135893271
1,56,mol57,4.283139522368717
1,57,mol0,3.120534938395979
1,57,mol1,2.968855394634437
1,57,mol2,3.9257778424225127
1,57,mol3,1.1596725586316348
1,57,mol4,3.5961305757319613
1,57,mol5,1.5347947157338155
1,57,mol6,3.199123251395457
1,57,mol7,3.1641549038833783
1,57,mol8,5.745535815769118
1,57,mol9,1.4947416959525304
1,57,mol10,5.172667756612068
1,57,mol11,1.9924278105701432
1,57,mol12,1.4091692589013425
1,57,mol13,6.479148531419473
1,57,mol14,5.9897051475427405
1,57,mol15,0.956562133508931
1,57,mol16,0.508409275144181
1,57,mol17,2.168887714621567
1,57,mol18,5.988082170469449
1,57,mol19,1.4425356449402131
1,57,mol20,0.8817052202321453
1,57,mol21,1.371795432493894
1,57,mol23,0.8833154094093458
1,57,mol24,7.294702262563184
1,57,mol25,9.91849411471613
1,57,mol26,3.7469911874101616
1,57,mol27,0.6895736656170244
1,57,mol28,1.1680441825412349
1,57,mol29,0.8988402992353044
1,57,mol30,1.1770085480667598
1,57,mol31,1.8281138172307545
1,57,mol32,1.1906908606831104
1,57,mol34,0.8699705066451575
1,57,mol35,4.825546543319122
1,57,mol36,3.7282705943104495
1,57,mol37,4.848414107436318
1,57,mol38,3.078865468288308
1,57,mol39,0.8263554917830462
1,57,mol40,3.070667164558868
1,57,mol41,1.533552749713503
1,57,mol43,1.0333890579060725
1,57,mol44,1.1163733632999826
1,57,mol45,0.7256212386991455
1,57,mol46,1.5173691285438968
1,57,mol57,4.305570330174264
1,58,mol0,1.3790784030467602
1,58,mol1,2.968855394634437
1,58,mol2,3.138291313446787
1,58,mol3,1.2681924527836053
1,58,mol4,6.299800572625862
1,58,mol5,1.5347947157338155
1,58,mol6,3.1974497421866577
1,58,mol7,3.157625428716478
1,58,mol8,2.6784551238140457
1,58,mol9,1.5014194028762695
1,58,mol10,6.444081681690116
1,58,mol11,2.1955702722375645
1,58,mol12,1.988426839968465
1,58,mol13,2.090711615227882
1,58,mol14,1.2582404001223295
1,58,mol15,0.8926212608173512
1,58,mol16,2.6903244798429244
1,58,mol17,1.9041339383037104
1,58,mol18,0.8999015849786348
1,58,mol19,1.4373758576495728
1,58,mol20,0.7148034788201112
1,58,mol21,6.6598033369153535
1,58,mol23,3.3700441974104725
1,58,mol24,7.44970609781949
1,58,mol25,8.716478046654215
1,58,mol26,0.8743393033330601
1,58,mol27,1.975790154359137
1,58,mol28,1.1480057109476511
1,58,mol29,5.099304078931925
1,58,mol30,1.504964143168276
1,58,mol31,2.673781085607047
1,58,mol32,5.283166966345632
1,58,mol34,0.8753599884958527
1,58,mol35,4.825546543319122
1,58,mol36,3.741687448251123
1,58,mol37,4.852246694927773
1,58,mol38,3.076863247618499
1,58,mol39,2.701650739603475
1,58,mol40,4.728079587475237
1,58,mol41,1.4999041320646516
1,58,mol43,2.599787686523651
1,58,mol44,5.819449873901926
1,58,mol45,0.7256212386991455
1,58,mol46,4.567676799339662
1,58,mol57,4.326556878387604
1,59,mol0,2.2113836509638034
1,59,mol1,1.018896208772022
1,59,mol2,3.9257778424225127
1,59,mol3,1.1596725586316348
1,59,mol4,1.9224829593894603
1,59,mol5,2.2013452976406143
1,59,mol6,3.199123251395457
1,59,mol7,2.6321524728603047
1,59,mol8,0.6922139875583477
1,59,mol9,2.886918837742808
1,59,mol10,5.23783897538468
1,59,mol11,2.2524225240837925
1,59,mol12,1.535411121446131
1,59,mol13,1.3149528469706044
1,59,mol14,1.118115166027185
1,59,mol15,0.9562058353062296
1,59,mol16,0.5130039924949797
1,59,mol17,1.9103686580200836
1,59,mol18,5.70104080159672
1,59,mol19,1.3901320698187134
1,59,mol20,0.6935961715802427
1,59,mol21,6.814138890143543
1,59,mol23,2.571646582930866
1,59,mol24,3.857685188829061
1,59,mol25,9.916965640181305
1,59,mol26,5.20193526145912
1,59,mol27,2.697395542984473
1,59,mol28,5.711167609144111
1,59,mol29,2.422014449852461
1,59,mol30,5.502814906431476
1,59,mol31,2.244262592423177
1,59,mol32,5.3063396843506245
1,59,mol34,2.559607409983657
1,59,mol35,4.881194619281671
1,59,mol36,3.7840342525405344
1,59,mol37,0.7352522192673066
1,59,mol38,3.0786705925241056
1,59,mol39,1.0571030861746642
1,59,mol40,3.1320067441657917
1,59,mol41,1.790222408543498
1,59,mol43,2.4204537477506154
1,59,mol44,5.192733143318101
1,59,mol45,0.9174164602504477
1,59,mol46,1.5173691285438968
1,59,mol57,4.307032116515074
1,60,mol0,2.057506953025919
1,60,mol1,1.7487859086377613
1,60,mol2,3.9257778424225127
1,60,mol3,1.1596725586316348
1,60,mol4,1.9314244744673372
1,60,mol5,1.000216747343628
1,60,mol6,3.304139089154116
1,60,mol7,2.6321524728603047
1,60,mol8,0.6833338435305879
1,60,mol9,2.7958140401576883
1,60,mol10,5.257631613104672
1,60,mol11,2.6838718313287617
1,60,mol12,1.4202367540103518
1,60,mol13,6.479148531419473
1,60,mol14,1.1190872751934942
1,60,mol15,0.6454697999376725
1,60,mol16,2.6903244798429244
1,60,mol17,2.211971186007465
1,60,mol18,5.11705998691689
1,60,mol19,3.1567327830917447
1,60,mol20,0.7148034788201112
1,60,mol21,6.6856106130795725
1,60,mol23,0.8066164562541484
1,60,mol24,3.857685188829061
1,60,mol25,9.916977335333192
1,60,mol26,5.195618214899936
1,60,mol27,4.872838185063454
1,60,mol28,0.9795222367911928
1,60,mol29,5.1547496129069845
1,60,mol30,1.1800098398836436
1,60,mol31,3.271671554228816
1,60,mol32,5.3063396843506245
1,60,mol34,0.8733694560475289
1,60,mol35,4.835215583341792
1,60,mol36,2.1634160192621303
1,60,mol37,4.875685642905775
1,60,mol38,3.078780983529919
1,60,mol39,1.0591314738029456
1,60,mol40,3.1319359389202077
1,60,mol41,2.139556937180195
1,60,mol43,2.6183505313460227
1,60,mol44,5.8174090855932485
1,60,mol45,0.9174164602504477
1,60,mol46,4.577861853494207
1,60,mol57,4.275831590597768
1,61,mol0,1.847173830950948
1,61,mol1,1.749316630644664
1,61,mol2,2.6099724075276267
1,61,mol3,0.8050488620389886
1,61,mol4,1.253565980028859
1,61,mol5,2.2266081510524773
1,61,mol6,3.304139089154116
1,61,mol7,3.1680022026143275
1,61,mol8,2.6784551238140457
1,61,mol9,1.504974394498205
1,61,mol10,5.223012831493063
1,61,mol11,2.712886009461757
1,61,mol12,2.264791590647971
1,61,mol13,2.2484040029513834
1,61,mol14,5.9897051475427405
1,61,mol15,5.607211692332614
1,61,mol16,0.7902953322051592
1,61,mol17,1.90531462696513
1,61,mol18,0.9116068445978496
1,61,mol19,4.770543850064122
1,61,mol20,0.7265572580538776
1,61,mol21,5.014460887467809
1,61,mol23,0.8991863113393127
1,61,mol24,7.464973197801107
1,61,mol25,9.0181781828596
1,61,mol26,5.189764913609229
1,61,mol27,5.686934890853991
1,61,mol28,0.9665014317793736
1,61,mol29,5.175663148871672
1,61,mol30,4.364569607774759
1,61,mol31,1.1673439719080234
1,61,mol32,2.8351849947200467
1,61,mol34,0.8400776548725815
1,61,mol35,4.835215583341792
1,61,mol36,3.241469595168216
1,61,mol37,0.7180725422528699
1,61,mol38,3.083637988568933
1,61,mol39,1.058883592657852
1,61,mol40,3.0693311413889512
1,61,mol41,1.7966420231172289
1,61,mol43,3.356144872469006
1,61,mol44,0.812753074784358
1,61,mol45,1.5328337014856688
1,61,mol46,4.561594801198653
1,61,mol57,4.332080038547835
1,62,mol0,0.7536878145160636
1,62,mol1,2.438855142120991
1,62,mol2,3.150957528408361
1,62,mol3,1.6722948579397985
1,62,mol4,1.9268833363750908
1,62,mol5,2.610637534417812
1,62,mol6,3.2660233904769966
1,62,mol7,3.1641549038833783
1,62,mol8,1.452205396334436
1,62,mol9,3.2609298753430385
1,62,mol10,5.203371556557174
1,62,mol11,2.2524225240837925
1,62,mol12,2.4242402157146827
1,62,mol13,2.2484040029513834
1,62,mol14,5.9897051475427405
1,62,mol15,0.8926212608173512
1,62,mol16,3.421674030354148
1,62,mol17,1.9044905476029776
1,62,mol18,5.14773130191978
1,62,mol19,1.4370791164452557
1,62,mol20,2.959002571553721
1,62,mol21,5.014460887467809
1,62,mol23,0.8833154094093458
1,62,mol24,2.7310458008080185
1,62,mol25,9.01290018840204
1,62,mol26,5.195618214899936
1,62,mol27,4.8619600050095535
1,62,mol28,0.9665014317793736
1,62,mol29,5.05291906851289
1,62,mol30,5.5065020561554725
1,62,mol31,1.150201507888944
1,62,mol32,6.146853962335996
1,62,mol34,0.9848791509073038
1,62,mol35,3.3838492884519136
1,62,mol36,3.727012618223877
1,62,mol37,0.7180725422528699
1,62,mol38,3.0788504376264734
1,62,mol39,1.058883592657852
1,62,mol40,3.061278090193703
1,62,mol41,1.533552749713503
1,62,mol43,2.006682670478817
1,62,mol44,0.806594963322449
1,62,mol45,0.7270328299997432
1,62,mol46,4.536280716977931
1,62,mol57,4.287406442890441
1,63,mol0,1.3790784030467602
1,63,mol1,1.749316630644664
1,63,mol2,2.6460194110420114
1,63,mol3,1.295317024745137
1,63,mol4,6.299800572625862
1,63,mol5,1.612527843859517
1,63,mol6,3.199123251395457
1,63,mol7,3.157625428716478
1,63,mol8,0.6877900252672635
1,63,mol9,1.4947416959525304
1,63,mol10,3.7487467729033046
1,63,mol11,2.6838718313287617
1,63,mol12,1.535411121446131
1,63,mol13,2.090711615227882
1,63,mol14,1.1154339063790375
1,63,mol15,0.6454697999376725
1,63,mol16,5.440929773146847
1,63,mol17,2.168887714621567
1,63,mol18,5.11705998691689
1,63,mol19,1.4368600362756814
1,63,mol20,0.6991107487189415
1,63,mol21,5.014460887467809
1,63,mol23,3.6961123126198414
1,63,mol24,7.44970609781949
1,63,mol25,9.034445074067442
1,63,mol26,5.226723632927228
1,63,mol27,0.9321930843781774
1,63,mol28,1.1680441825412349
1,63,mol29,0.8988104596370368
1,63,mol30,5.454667074065005
1,63,mol31,3.280765911147882
1,63,mol32,1.6401317682256074
1,63,mol34,2.559607409983657
1,63,mol35,4.908992247418751
1,63,mol36,3.2414340394954824
1,63,mol37,1.8433139859876015
1,63,mol38,3.0780222397152714
1,63,mol39,1.0565660522655456
1,63,mol40,3.1319359389202077
1,63,mol41,3.2346709911162885
1,63,mol43,2.6183505313460227
1,63,mol44,0.8020170397192318
1,63,mol45,2.98298541604006
1,63,mol46,4.559808281340416
1,63,mol57,1.7416763561624713
1,64,mol0,2.0831984415196745
1,64,mol1,1.5224400987395204
1,64,mol2,4.418742273449161
1,64,mol3,0.8023550302668977
1,64,mol4,2.1855770517515185
1,64,mol5,1.000216747343628
1,64,mol6,3.1973473345288976
1,64,mol7,2.696985683841528
1,64,mol8,0.6935865866226489
1,64,mol9,1.4999158593861508
1,64,mol10,6.109270563202434
1,64,mol11,2.727049694022217
1,64,mol12,1.538691529673304
1,64,mol13,2.257508648283141
1,64,mol14,1.118115166027185
1,64,mol15,0.900406264737728
1,64,mol16,0.508409275144181
1,64,mol17,2.182370589831992
1,64,mol18,0.8999015849786348
1,64,mol19,4.770543850064122
1,64,mol20,0.9251598353936692
1,64,mol21,1.3211447257544833
1,64,mol23,0.8448280609094376
1,64,mol24,7.364818578100436
1,64,mol25,9.02589763882714
1,64,mol26,5.20193526145912
1,64,mol27,5.686934890853991
1,64,mol28,1.1573256452747112
1,64,mol29,5.05291906851289
1,64,mol30,5.572698918238212
1,64,mol31,1.1832152546134622
1,64,mol32,5.3442904722169216
1,64,mol34,1.019033199071949
1,64,mol35,4.877833655648162
1,64,mol36,3.07686976916476
1,64,mol37,4.856304515878046
1,64,mol38,3.078637238218471
1,64,mol39,2.682449231355553
1,64,mol40,3.1319359389202077
1,64,mol41,1.8020498001741496
1,64,mol43,2.600727618379134
1,64,mol44,2.829267137920046
1,64,mol45,0.9174164602504477
1,64,mol46,4.541819905379695
1,64,mol57,4.305570330174264
1,65,mol0,6.222609327424469
1,65,mol1,2.474279003922153
1,65,mol2,3.9257778424225127
1,65,mol3,1.2469993736316942
1,65,mol4,6.299800572625862
1,65,mol5,2.1522678626922294
1,65,mol6,3.143475813036082
1,65,mol7,3.1610130377776047
1,65,mol8,0.9547760988091092
1,65,mol9,1.501653991120331
1,65,mol10,5.264265692857836
1,65,mol11,2.2524225240837925
1,65,mol12,2.4242402157146827
1,65,mol13,2.221849916886991
1,65,mol14,1.327481623036643
1,65,mol15,0.8762077676585976
1,65,mol16,0.5121339786669725
1,65,mol17,1.9049858864903095
1,65,mol18,5.70104080159672
1,65,mol19,1.452596972269374
1,65,mol20,0.7001945832116773
1,65,mol21,5.384434829802371
1,65,mol23,0.8557173613407641
1,65,mol24,2.7310458008080185
1,65,mol25,9.883253375243816
1,65,mol26,5.1738928488586415
1,65,mol27,5.684679698788006
1,65,mol28,5.484680361242576
1,65,mol29,0.8988402992353044
1,65,mol30,5.454667074065005
1,65,mol31,2.1336137006848266
1,65,mol32,1.931205922289416
1,65,mol34,0.7553048292809564
1,65,mol35,4.907323305463767
1,65,mol36,2.1634160192621303
1,65,mol37,4.875685642905775
1,65,mol38,3.078787094265887
1,65,mol39,0.8260486273821895
1,65,mol40,3.0687333568591466
1,65,mol41,1.8020498001741496
1,65,mol43,2.3456160491435933
1,65,mol44,0.8568791016573707
1,65,mol45,0.8845616109631615
1,65,mol46,4.577861853494207
1,65,mol57,4.275158804832688
1,66,mol0,0.8360886745734568
1,66,mol1,2.468923867649629
1,66,mol2,3.9257778424225127
1,66,mol3,1.2681924527836053
1,66,mol4,6.38827744437307
1,66,mol5,1.7315083108537352
1,66,mol6,0.8973876035205643
1,66,mol7,3.279973447652845
1,66,mol8,5.120272147789468
1,66,mol9,1.5010961818427415
1,66,mol10,5.264265692857836
1,66,mol11,2.2524225240837925
1,66,mol12,2.997948355086766
1,66,mol13,1.2907468019829715
1,66,mol14,1.1202536741738451
1,66,mol15,5.607211692332614
1,66,mol16,0.5243877497665854
1,66,mol17,1.4940362872859794
1,66,mol18,0.9138070289598734
1,66,mol19,1.416337821772975
1,66,mol20,0.7669035228327834
1,66,mol21,1.371795432493894
1,66,mol23,2.571646582930866
1,66,mol24,7.354206444802714
1,66,mol25,9.889562601551193
1,66,mol26,5.233965168212225
1,66,mol27,0.6895736656170244
1,66,mol28,1.2376246611320032
1,66,mol29,0.8988104596370368
1,66,mol30,5.565649473930842
1,66,mol31,2.120091145151548
1,66,mol32,6.146853962335996
1,66,mol34,0.822006326831705
1,66,mol35,4.908992247418751
1,66,mol36,2.16109692341644
1,66,mol37,4.78032754444583
1,66,mol38,3.0788504376264734
1,66,mol39,1.056304883449849
1,66,mol40,3.719444841034748
1,66,mol41,1.7957462602009344
1,66,mol43,3.2067289065338844
1,66,mol44,1.1163733632999826
1,66,mol45,0.7429569905072498
1,66,mol46,4.602770135893271
1,66,mol57,0.5943828463851587
1,67,mol0,2.057506953025919
1,67,mol1,2.4970359186944027
1,67,mol2,3.2145846770357958
1,67,mol3,1.2681924527836053
1,67,mol4,2.1855770517515185
1,67,mol5,1.540875929643771
1,67,mol6,3.304139089154116
1,67,mol7,1.274065278034178
1,67,mol8,2.6684363102225777
1,67,mol9,3.072354813416544
1,67,mol10,6.444081681690116
1,67,mol11,2.639894572452973
1,67,mol12,1.535411121446131
1,67,mol13,1.6274313966283516
1,67,mol14,1.118115166027185
1,67,mol15,0.9847246499990692
1,67,mol16,1.832165513811457
1,67,mol17,1.9041339383037104
1,67,mol18,0.8999015849786348
1,67,mol19,1.436995118829031
1,67,mol20,0.6991107487189415
1,67,mol21,5.0634430164497095
1,67,mol23,3.3700441974104725
1,67,mol24,7.294702262563184
1,67,mol25,8.985609742262563
1,67,mol26,6.029514871203058
1,67,mol27,0.7128925780315712
1,67,mol28,0.9645497923083624
1,67,mol29,5.175663148871672
1,67,mol30,5.572698918238212
1,67,mol31,2.673781085607047
1,67,mol32,1.6401317682256074
1,67,mol34,1.670378463750704
1,67,mol35,4.88227004561002
1,67,mol36,3.2415079269377083
1,67,mol37,4.843550330174913
1,67,mol38,3.078865468288308
1,67,mol39,1.0587133317381054
1,67,mol40,2.960897439206566
1,67,mol41,1.790222408543498
1,67,mol43,2.6039418695508547
1,67,mol44,1.5304782036997455
1,67,mol45,0.8845616109631615
1,67,mol46,1.130839038202423
1,67,mol57,4.343571996773376
1,68,mol0,1.847173830950948
1,68,mol1,2.4970889590180803
1,68,mol2,4.418742273449161
1,68,mol3,0.8141628763270825
1,68,mol4,6.299800572625862
1,68,mol5,1.540875929643771
1,68,mol6,3.1341725932510025
1,68,mol7,1.274065278034178
1,68,mol8,5.120272147789468
1,68,mol9,1.501653991120331
1,68,mol10,5.262016287368314
1,68,mol11,2.2565392662954777
1,68,mol12,4.032559555378497
1,68,mol13,1.6274313966283516
1,68,mol14,1.1202536741738451
1,68,mol15,0.8299072519517497
1,68,mol16,2.5016465864874298
1,68,mol17,1.9044905476029776
1,68,mol18,5.18648893684917
1,68,mol19,4.770543850064122
1,68,mol20,0.8817052202321453
1,68,mol21,6.677799897400506
1,68,mol23,6.001519746905779
1,68,mol24,7.354206444802714
1,68,mol25,9.034445074067442
1,68,mol26,2.5463854624222333
1,68,mol27,0.7128925780315712
1,68,mol28,0.9645497923083624
1,68,mol29,5.161904334072615
1,68,mol30,5.239266282388955
1,68,mol31,1.1709743330876217
1,68,mol32,1.1906908606831104
1,68,mol34,1.0214525593883843
1,68,mol35,4.522136441800587
1,68,mol36,2.160446403963774
1,68,mol37,0.6579668216844217
1,68,mol38,3.0787025483000288
1,68,mol39,0.8260486273821895
1,68,mol40,3.061278090193703
1,68,mol41,1.5725188353199138
1,68,mol43,2.6183505313460227
1,68,mol44,0.8568791016573707
1,68,mol45,0.8845616109631615
1,68,mol46,5.027365695868961
1,68,mol57,4.332080038547835
1,69,mol0,2.2113836509638034
1,69,mol1,2.477389227442875
1,69,mol2,2.6460194110420114
1,69,mol3,1.149914676035645
1,69,mol4,3.5932408353144702
1,69,mol5,0.999296567869397
1,69,mol6,3.1974497421866577
1,69,mol7,2.696985683841528
1,69,mol8,2.6684363102225777
1,69,mol9,3.2609298753430385
1,69,mol10,5.257631613104672
1,69,mol11,2.197429266286706
1,69,mol12,1.538691529673304
1,69,mol13,2.2886140879175403
1,69,mol14,7.224108777177985
1,69,mol15,0.9562058353062296
1,69,mol16,3.421674030354148
1,69,mol17,1.9049858864903095
1,69,mol18,5.626526813779214
1,69,mol19,1.3901320698187134
1,69,mol20,0.7001945832116773
1,69,mol21,1.232666951843306
1,69,mol23,0.8991863113393127
1,69,mol24,7.296465891824313
1,69,mol25,9.916965640181305
1,69,mol26,5.171517139981037
1,69,mol27,4.902156713153151
1,69,mol28,1.1573256452747112
1,69,mol29,5.161904334072615
1,69,mol30,1.481561891683533
1,69,mol31,1.9533569396682215
1,69,mol32,1.6401317682256074
1,69,mol34,0.7398967175915179
1,69,mol35,4.778607382909796
1,69,mol36,2.482985900966818
1,69,mol37,4.79680240508586
1,69,mol38,3.0790829315058907
1,69,mol39,0.8263554917830462
1,69,mol40,3.0687333568591466
1,69,mol41,1.800260454162262
1,69,mol43,2.0057859307513355
1,69,mol44,5.1686313823183125
1,69,mol45,0.7263078618990784
1,69,mol46,4.544041337698161
1,69,mol57,4.287441934883783
1,70,mol0,3.101235180012957
1,70,mol1,2.968855394634437
1,70,mol2,3.150957528408361
1,70,mol3,1.269444187802656
1,70,mol4,3.590274255819464
1,70,mol5,1.000216747343628
1,70,mol6,3.1973473345288976
1,70,mol7,3.2213621835036945
1,70,mol8,2.6684363102225777
1,70,mol9,1.504974394498205
1,70,mol10,3.7487467729033046
1,70,mol11,2.727049694022217
1,70,mol12,1.6113470806086585
1,70,mol13,1.2907468019829715
1,70,mol14,1.2582404001223295
1,70,mol15,0.8731265444547993
1,70,mol16,2.4790648866266616
1,70,mol17,1.9049858864903095
1,70,mol18,5.11705998691689
1,70,mol19,4.141655414389089
1,70,mol20,0.6984985384416549
1,70,mol21,6.6598033369153535
1,70,mol23,2.342494386866273
1,70,mol24,7.29149157195487
1,70,mol25,9.903480093492142
1,70,mol26,2.5463854624222333
1,70,mol27,0.9321930843781774
1,70,mol28,2.496458553051755
1,70,mol29,2.422014449852461
1,70,mol30,3.929674901735935
1,70,mol31,1.9533569396682215
1,70,mol32,1.646757022583651
1,70,mol34,1.037633019151006
1,70,mol35,3.614909996834968
1,70,mol36,3.241469595168216
1,70,mol37,4.867410306794313
1,70,mol38,3.0801477014466814
1,70,mol39,1.0583608906228537
1,70,mol40,2.78469833473933
1,70,mol41,1.7966420231172289
1,70,mol43,3.2067289065338844
1,70,mol44,1.0299756560229951
1,70,mol45,0.7275857707831797
1,70,mol46,4.568102588532229
1,70,mol57,4.275831590597768
1,71,mol0,2.2113836509638034
1,71,mol1,2.468923867649629
1,71,mol2,3.9257778424225127
1,71,mol3,1.2711882608782206
1,71,mol4,1.9286226967153823
1,71,mol5,0.999296567869397
1,71,mol6,3.304139089154116
1,71,mol7,2.6321524728603047
1,71,mol8,5.744621818113258
1,71,mol9,1.501653991120331
1,71,mol10,5.257631613104672
1,71,mol11,2.2258867671859086
1,71,mol12,1.4091692589013425
1,71,mol13,2.254510720701079
1,71,mol14,7.224108777177985
1,71,mol15,5.607211692332614
1,71,mol16,3.421674030354148
1,71,mol17,1.9103686580200836
1,71,mol18,0.9116068445978496
1,71,mol19,1.4606659685015124
1,71,mol20,1.6837865106162755
1,71,mol21,1.232666951843306
1,71,mol23,2.24465863273238
1,71,mol24,7.342445703616442
1,71,mol25,9.883253375243816
1,71,mol26,3.7469911874101616
1,71,mol27,0.7115154181832604
1,71,mol28,0.9665014317793736
1,71,mol29,5.099304078931925
1,71,mol30,1.1800098398836436
1,71,mol31,2.673781085607047
1,71,mol32,1.931205922289416
1,71,mol34,0.822006326831705
1,71,mol35,4.908992247418751
1,71,mol36,2.160811977104903
1,71,mol37,0.7650584134152763
1,71,mol38,3.078780983529919
1,71,mol39,1.0565660522655456
1,71,mol40,3.0795257614606832
1,71,mol41,1.5725188353199138
1,71,mol43,1.0333890579060725
1,71,mol44,1.1783353975599888
1,71,mol45,0.7429569905072498
1,71,mol46,4.5936741617703065
1,71,mol57,4.285914506891687
1,72,mol0,0.904948074062816
1,72,mol1,2.474279003922153
1,72,mol2,2.97262905172621
1,72,mol3,1.269444187802656
1,72,mol4,1.499947929762897
1,72,mol5,1.5359772739565878
1,72,mol6,3.3006727866127097
1,72,mol7,2.6321524728603047
1,72,mol8,2.6684363102225777
1,72,mol9,1.4947416959525304
1,72,mol10,6.070797962110476
1,72,mol11,2.643849520490907
1,72,mol12,1.5460483085355323
1,72,mol13,2.2415802057977743
1,72,mol14,1.24948711858106
1,72,mol15,0.9560525417735046
1,72,mol16,0.7905262747389438
1,72,mol17,1.9049521422048663
1,72,mol18,0.8999015849786348
1,72,mol19,1.416337821772975
1,72,mol20,0.6920965532166442
1,72,mol21,1.371795432493894
1,72,mol23,5.971939605563673
1,72,mol24,7.318709570492753
1,72,mol25,8.716478046654215
1,72,mol26,5.213124676604572
1,72,mol27,5.686934890853991
1,72,mol28,1.0006956563206155
1,72,mol29,5.362230527001416
1,72,mol30,1.197081624897261
1,72,mol31,6.325128270932535
1,72,mol32,1.5863443420104513
1,72,mol34,0.8733694560475289
1,72,mol35,4.912981274842855
1,72,mol36,2.16109692341644
1,72,mol37,4.858844998524599
1,72,mol38,3.078766114858354
1,72,mol39,1.0590682503030673
1,72,mol40,3.0687333568591466
1,72,mol41,1.790222408543498
1,72,mol43,2.3456160491435933
1,72,mol44,2.8222412108110104
1,72,mol45,2.98298541604006
1,72,mol46,5.300810089155273
1,72,mol57,0.9150678615020016
1,73,mol0,0.891611662524667
1,73,mol1,2.4970889590180803
1,73,mol2,2.6164140974178127
1,73,mol3,1.2681924527836053
1,73,mol4,1.253565980028859
1,73,mol5,1.000216747343628
1,73,mol6,0.8973876035205643
1,73,mol7,1.274065278034178
1,73,mol8,5.745535815769118
1,73,mol9,1.5031686451340998
1,73,mol10,5.257631613104672
1,73,mol11,2.669660929843589
1,73,mol12,2.589065009513738
1,73,mol13,2.224031472294423
1,73,mol14,1.1368899878616223
1,73,mol15,0.9560525417735046
1,73,mol16,0.5243877497665854
1,73,mol17,1.4940362872859794
1,73,mol18,5.11705998691689
1,73,mol19,4.142357096834157
1,73,mol20,0.6976652514472276
1,73,mol21,6.809121241862924
1,73,mol23,0.8066164562541484
1,73,mol24,3.8420998959625656
1,73,mol25,8.716478046654215
1,73,mol26,5.119205708695557
1,73,mol27,4.908990851265921
1,73,mol28,1.1532872727213517
1,73,mol29,0.8988402992353044
1,73,mol30,1.197081624897261
1,73,mol31,1.1709743330876217
1,73,mol32,3.6770770200566334
1,73,mol34,0.8923986936220706
1,73,mol35,4.825546543319122
1,73,mol36,3.727012618223877
1,73,mol37,4.776278126814591
1,73,mol38,3.0788504376264734
1,73,mol39,1.0581342064218506
1,73,mol40,3.069677601231113
1,73,mol41,1.8020498001741496
1,73,mol43,2.4204537477506154
1,73,mol44,0.812753074784358
1,73,mol45,0.7792443956841321
1,73,mol46,4.536280716977931
1,73,mol57,4.287406442890441
1,74,mol0,2.6323916115863155
1,74,mol1,2.4490579626154214
1,74,mol2,3.158854926367042
1,74,mol3,1.6722948579397985
1,74,mol4,1.9268833363750908
1,74,mol5,1.5479589294365086
1,74,mol6,0.8942588186659968
1,74,mol7,3.1680022026143275
1,74,mol8,2.6784551238140457
1,74,mol9,1.501653991120331
1,74,mol10,5.172667756612068
1,74,mol11,2.6489493980947745
1,74,mol12,3.019838675076596
1,74,mol13,1.2907468019829715
1,74,mol14,1.327481623036643
1,74,mol15,0.6454697999376725
1,74,mol16,3.421674030354148
1,74,mol17,1.9044905476029776
1,74,mol18,0.937886411816798
1,74,mol19,1.4371005165315978
1,74,mol20,0.8817052202321453
1,74,mol21,5.014460887467809
1,74,mol23,6.020529087837713
1,74,mol24,7.464973197801107
1,74,mol25,9.002467212841859
1,74,mol26,5.124614910611219
1,74,mol27,4.902156713153151
1,74,mol28,0.964801690422496
1,74,mol29,5.123084494371588
1,74,mol30,1.481561891683533
1,74,mol31,1.150201507888944
1,74,mol32,1.5622355812836208
1,74,mol34,0.8941155837066183
1,74,mol35,4.862772611157762
1,74,mol36,3.24153597919258
1,74,mol37,0.7650584134152763
1,74,mol38,3.078787094265887
1,74,mol39,1.0581342064218506
1,74,mol40,3.0795257614606832
1,74,mol41,1.5725188353199138
1,74,mol43,2.6183505313460227
1,74,mol44,0.806594963322449
1,74,mol45,0.7386091103883826
1,74,mol46,4.608599796593461
1,74,mol57,4.287339944399808
1,75,mol0,6.253637200201975
1,75,mol1,1.5224400987395204
1,75,mol2,3.9257778424225127
1,75,mol3,0.8061638623586226
1,75,mol4,1.9268833363750908
1,75,mol5,1.5347947157338155
1,75,mol6,0.8748568462489001
1,75,mol7,3.160348698202585
1,75,mol8,2.382516875431166
1,75,mol9,1.4999158593861508
1,75,mol10,5.831846658119837
1,75,mol11,2.667172537913512
1,75,mol12,3.355160227726976
1,75,mol13,2.276677912350661
1,75,mol14,1.24948711858106
1,75,mol15,0.8997027196158797
1,75,mol16,0.5243877497665854
1,75,mol17,1.9044905476029776
1,75,mol18,0.937886411816798
1,75,mol19,1.4370791164452557
1,75,mol20,0.6976652514472276
1,75,mol21,1.371795432493894
1,75,mol23,0.8833154094093458
1,75,mol24,7.4656125613449245
1,75,mol25,9.0181781828596
1,75,mol26,5.189764913609229
1,75,mol27,2.697395542984473
1,75,mol28,0.9645497923083624
1,75,mol29,5.145165523090584
1,75,mol30,1.5377095087607848
1,75,mol31,1.6595206050995577
1,75,mol32,1.5622355812836208
1,75,mol34,3.166442671285956
1,75,mol35,4.8658900010798325
1,75,mol36,3.727827842645097
1,75,mol37,4.848414107436318
1,75,mol38,3.0780222397152714
1,75,mol39,1.0579464782303496
1,75,mol40,3.1320317503978155
1,75,mol41,1.8020498001741496
1,75,mol43,5.775437254442299
1,75,mol44,2.829267137920046
1,75,mol45,0.7256212386991455
1,75,mol46,4.567676799339662
1,75,mol57,4.307032116515074
1,76,mol0,3.1469295029838213
1,76,mol1,2.4970359186944027
1,76,mol2,2.616165212301309
1,76,mol3,1.2869721599710462
1,76,mol4,1.9312180635916956
1,76,mol5,0.9728801984599932
1,76,mol6,0.8748568462489001
1,76,mol7,1.274065278034178
1,76,mol8,5.095047871806506
1,76,mol9,1.50173699888147
1,76,mol10,5.163204601937695
1,76,mol11,2.639894572452973
1,76,mol12,2.8415944067240813
1,76,mol13,6.504038627109069
1,76,mol14,1.1747244653534716
1,76,mol15,0.9136781533421584
1,76,mol16,0.7902953322051592
1,76,mol17,1.4940362872859794
1,76,mol18,0.9116068445978496
1,76,mol19,2.812032873070791
1,76,mol20,1.114478906864618
1,76,mol21,5.014460887467809
1,76,mol23,0.8066164562541484
1,76,mol24,7.423404150949437
1,76,mol25,9.916977335333192
1,76,mol26,5.233965168212225
1,76,mol27,1.975790154359137
1,76,mol28,1.1071240513149374
1,76,mol29,0.8988402992353044
1,76,mol30,1.197081624897261
1,76,mol31,1.1709743330876217
1,76,mol32,1.6401317682256074
1,76,mol34,1.019033199071949
1,76,mol35,4.824047512023578
1,76,mol36,3.2415079269377083
1,76,mol37,1.035004973267037
1,76,mol38,3.0801477014466814
1,76,mol39,1.0578450466868954
1,76,mol40,3.132130968765515
1,76,mol41,1.800260454162262
1,76,mol43,2.006682670478817
1,76,mol44,5.1893831288231445
1,76,mol45,0.7542204924834987
1,76,mol46,4.608599796593461
1,76,mol57,4.275831590597768
1,77,mol0,6.222609327424469
1,77,mol1,2.474279003922153
1,77,mol2,3.158854926367042
1,77,mol3,1.2469993736316942
1,77,mol4,3.5961305757319613
1,77,mol5,1.5479589294365086
1,77,mol6,0.8942588186659968
1,77,mol7,3.160348698202585
1,77,mol8,5.188486804344514
1,77,mol9,1.50120451146341
1,77,mol10,5.233157053797056
1,77,mol11,2.285651767075058
1,77,mol12,2.264791590647971
1,77,mol13,1.6274313966283516
1,77,mol14,5.803461627296247
1,77,mol15,0.9755260035920162
1,77,mol16,0.7905262747389438
1,77,mol17,2.150741020396966
1,77,mol18,5.135983656659217
1,77,mol19,3.1533601922881718
1,77,mol20,0.6976652514472276
1,77,mol21,6.677799897400506
1,77,mol23,2.680863992726972
1,77,mol24,3.770002846963263
1,77,mol25,8.985609742262563
1,77,mol26,6.041272144930871
1,77,mol27,5.684679698788006
1,77,mol28,1.1532872727213517
1,77,mol29,5.123084494371588
1,77,mol30,1.5377095087607848
1,77,mol31,1.1629916073428903
1,77,mol32,5.283166966345632
1,77,mol34,0.7882391571844921
1,77,mol35,3.614909996834968
1,77,mol36,2.16109692341644
1,77,mol37,1.8433139859876015
1,77,mol38,3.0787025483000288
1,77,mol39,0.8260486273821895
1,77,mol40,3.070667164558868
1,77,mol41,1.533552749713503
1,77,mol43,2.3456160491435933
1,77,mol44,0.8568791016573707
1,77,mol45,0.7886441220741149
1,77,mol46,4.561594801198653
1,77,mol57,1.664727145233393
1,78,mol0,1.3790784030467602
1,78,mol1,2.477389227442875
1,78,mol2,4.357429884213094
1,78,mol3,1.2869498803739772
1,78,mol4,1.9286226967153823
1,78,mol5,2.1522678626922294
1,78,mol6,3.3006727866127097
1,78,mol7,3.157625428716478
1,78,mol8,0.6899963842555367
1,78,mol9,1.5031686451340998
1,78,mol10,6.444081681690116
1,78,mol11,3.0238481532091965
1,78,mol12,2.997948355086766
1,78,mol13,2.221849916886991
1,78,mol14,1.1305889922956087
1,78,mol15,0.9136781533421584
1,78,mol16,5.501138125926881
1,78,mol17,2.213241649810193
1,78,mol18,0.937886411816798
1,78,mol19,3.1567327830917447
1,78,mol20,0.7118341804892631
1,78,mol21,6.677799897400506
1,78,mol23,2.370282274856731
1,78,mol24,3.857685188829061
1,78,mol25,8.720029898765592
1,78,mol26,5.195618214899936
1,78,mol27,0.6869072556120658
1,78,mol28,0.9665014317793736
1,78,mol29,5.05291906851289
1,78,mol30,1.4246283998916272
1,78,mol31,2.244262592423177
1,78,mol32,1.5622355812836208
1,78,mol34,1.3428115930108455
1,78,mol35,4.8658900010798325
1,78,mol36,3.24153597919258
1,78,mol37,4.852246694927773
1,78,mol38,3.163959349095255
1,78,mol39,1.0589442321482276
1,78,mol40,3.0946778209532573
1,78,mol41,1.8069917912347429
1,78,mol43,5.811624854547994
1,78,mol44,5.819449873901926
1,78,mol45,0.7275857707831797
1,78,mol46,4.600727238586414
1,78,mol57,0.9150678615020016
1,79,mol0,2.057506953025919
1,79,mol1,1.5224400987395204
1,79,mol2,2.614172189187664
1,79,mol3,1.2469993736316942
1,79,mol4,1.499947929762897
1,79,mol5,2.194256417331393
1,79,mol6,0.7816132806421537
1,79,mol7,3.202729008505571
1,79,mol8,1.077588964308748
1,79,mol9,1.5015601297761385
1,79,mol10,5.831846658119837
1,79,mol11,2.2524225240837925
1,79,mol12,1.538691529673304
1,79,mol13,1.9896148847845143
1,79,mol14,1.2582404001223295
1,79,mol15,0.9136781533421584
1,79,mol16,0.8278738598933637
1,79,mol17,1.90531462696513
1,79,mol18,5.1835776832166
1,79,mol19,1.4371005165315978
1,79,mol20,2.9243714666354883
1,79,mol21,5.384434829802371
1,79,mol23,2.680863992726972
1,79,mol24,7.464973197801107
1,79,mol25,9.892333120013552
1,79,mol26,5.421299922771941
1,79,mol27,0.6888832015026204
1,79,mol28,0.9702850730041856
1,79,mol29,5.175663148871672
1,79,mol30,5.572698918238212
1,79,mol31,6.325128270932535
1,79,mol32,6.208113890247643
1,79,mol34,1.0214525593883843
1,79,mol35,4.825546543319122
1,79,mol36,3.727012618223877
1,79,mol37,4.78032754444583
1,79,mol38,3.0788504376264734
1,79,mol39,0.8260486273821895
1,79,mol40,3.069677601231113
1,79,mol41,1.790222408543498
1,79,mol43,3.2067289065338844
1,79,mol44,5.819449873901926
1,79,mol45,0.7270328299997432
1,79,mol46,5.12524363304463
1,79,mol57,4.275831590597768
1,80,mol0,3.1469295029838213
1,80,mol1,2.4970359186944027
1,80,mol2,3.9257778424225127
1,80,mol3,1.2681924527836053
1,80,mol4,1.9314244744673372
1,80,mol5,1.5359772739565878
1,80,mol6,3.1973473345288976
1,80,mol7,3.1641549038833783
1,80,mol8,1.047704625223295
1,80,mol9,1.501653991120331
1,80,mol10,5.203371556557174
1,80,mol11,2.727049694022217
1,80,mol12,3.019838675076596
1,80,mol13,2.276677912350661
1,80,mol14,1.1368899878616223
1,80,mol15,0.8902527787095077
1,80,mol16,5.467760319555464
1,80,mol17,1.9049858864903095
1,80,mol18,5.11705998691689
1,80,mol19,1.4371005165315978
1,80,mol20,0.7118341804892631
1,80,mol21,5.0634430164497095
1,80,mol23,2.571646582930866
1,80,mol24,2.7310458008080185
1,80,mol25,9.01290018840204
1,80,mol26,5.124614910611219
1,80,mol27,0.7115154181832604
1,80,mol28,5.484680361242576
1,80,mol29,6.0143080488996254
1,80,mol30,4.358876912564623
1,80,mol31,1.9533569396682215
1,80,mol32,6.006345310467207
1,80,mol34,0.8699705066451575
1,80,mol35,4.921073551838938
1,80,mol36,3.7840342525405344
1,80,mol37,0.6629060837988286
1,80,mol38,3.0790829315058907
1,80,mol39,1.933285524385883
1,80,mol40,3.719444841034748
1,80,mol41,1.800260454162262
1,80,mol43,1.0333890579060725
1,80,mol44,5.1893831288231445
1,80,mol45,1.5328337014856688
1,80,mol46,5.12524363304463
1,80,mol57,4.326556878387604
1,81,mol0,3.0999858349273146
1,81,mol1,2.438855142120991
1,81,mol2,3.207620790355715
1,81,mol3,0.8061638623586226
1,81,mol4,1.253565980028859
1,81,mol5,1.5479589294365086
1,81,mol6,0.8973876035205643
1,81,mol7,2.6743079280873343
1,81,mol8,0.9547760988091092
1,81,mol9,2.86675116506141
1,81,mol10,5.23783897538468
1,81,mol11,2.6489493980947745
1,81,mol12,1.4091692589013425
1,81,mol13,1.6274313966283516
1,81,mol14,1.1305889922956087
1,81,mol15,0.8731265444547993
1,81,mol16,5.501138125926881
1,81,mol17,2.150741020396966
1,81,mol18,0.8999015849786348
1,81,mol19,4.141655414389089
1,81,mol20,0.7270390375016201
1,81,mol21,6.6856106130795725
1,81,mol23,5.968821198737652
1,81,mol24,7.310329142498761
1,81,mol25,8.720029898765592
1,81,mol26,0.8741108825543819
1,81,mol27,0.6869072556120658
1,81,mol28,0.9795222367911928
1,81,mol29,5.175663148871672
1,81,mol30,5.4571799147748665
1,81,mol31,6.292292009574095
1,81,mol32,1.1906908606831104
1,81,mol34,0.9848791509073038
1,81,mol35,4.862772611157762
1,81,mol36,3.7282705943104495
1,81,mol37,3.345823363865388
1,81,mol38,3.078787094265887
1,81,mol39,1.0583608906228537
1,81,mol40,3.090818279274924
1,81,mol41,1.800260454162262
1,81,mol43,2.4204537477506154
1,81,mol44,0.8176890959981585
1,81,mol45,0.7270328299997432
1,81,mol46,5.12524363304463
1,81,mol57,4.285914506891687
1,82,mol0,0.891611662524667
1,82,mol1,1.749316630644664
1,82,mol2,2.616165212301309
1,82,mol3,1.2869498803739772
1,82,mol4,1.499947929762897
1,82,mol5,0.9728801984599932
1,82,mol6,3.3006727866127097
1,82,mol7,3.279973447652845
1,82,mol8,5.188486804344514
1,82,mol9,1.5015601297761385
1,82,mol10,6.109270563202434
1,82,mol11,3.855493685681943
1,82,mol12,1.535411121446131
1,82,mol13,2.254510720701079
1,82,mol14,1.1191753837089162
1,82,mol15,0.9136781533421584
1,82,mol16,0.8176120373895005
1,82,mol17,1.90531462696513
1,82,mol18,0.9138070289598734
1,82,mol19,1.452596972269374
1,82,mol20,0.7038895586448424
1,82,mol21,1.371795432493894
1,82,mol23,6.001519746905779
1,82,mol24,7.354206444802714
1,82,mol25,9.91679205266772
1,82,mol26,3.7469911874101616
1,82,mol27,0.6888832015026204
1,82,mol28,1.0038018370962942
1,82,mol29,3.681818533407259
1,82,mol30,4.364569607774759
1,82,mol31,2.1336137006848266
1,82,mol32,6.208113890247643
1,82,mol34,2.559607409983657
1,82,mol35,4.848758305237403
1,82,mol36,3.728345363884628
1,82,mol37,1.035004973267037
1,82,mol38,3.0780222397152714
1,82,mol39,1.0590682503030673
1,82,mol40,3.069552189733871
1,82,mol41,3.2346709911162885
1,82,mol43,1.0333890579060725
1,82,mol44,1.1783353975599888
1,82,mol45,0.729072288983817
1,82,mol46,2.0495211465907297
1,82,mol57,4.343571996773376
1,83,mol0,2.0831984415196745
1,83,mol1,1.7487859086377613
1,83,mol2,2.6164140974178127
1,83,mol3,1.295317024745137
1,83,mol4,1.499947929762897
1,83,mol5,1.540875929643771
1,83,mol6,3.2660233904769966
1,83,mol7,2.6446311888427845
1,83,mol8,0.9547760988091092
1,83,mol9,1.5016494722867413
1,83,mol10,5.172667756612068
1,83,mol11,2.727049694022217
1,83,mol12,1.4202367540103518
1,83,mol13,6.479148531419473
1,83,mol14,1.1179875332489178
1,83,mol15,5.607211692332614
1,83,mol16,1.832165513811457
1,83,mol17,2.1680418837156847
1,83,mol18,5.14773130191978
1,83,mol19,1.436995118829031
1,83,mol20,0.7265572580538776
1,83,mol21,5.12071531165867
1,83,mol23,2.370282274856731
1,83,mol24,7.180202395746856
1,83,mol25,9.892333120013552
1,83,mol26,5.421299922771941
1,83,mol27,0.6919232591570398
1,83,mol28,1.313214788520703
1,83,mol29,5.175663148871672
1,83,mol30,1.5377095087607848
1,83,mol31,6.325128270932535
1,83,mol32,1.1906908606831104
1,83,mol34,1.018088015230882
1,83,mol35,4.8658900010798325
1,83,mol36,3.728345363884628
1,83,mol37,0.7180725422528699
1,83,mol38,3.0788504376264734
1,83,mol39,1.0590682503030673
1,83,mol40,4.728079587475237
1,83,mol41,1.8069917912347429
1,83,mol43,2.599787686523651
1,83,mol44,2.4306076431331207
1,83,mol45,1.713769974541807
1,83,mol46,4.564254522178383
1,83,mol57,4.285914506891687
1,84,mol0,1.3790784030467602
1,84,mol1,2.468923867649629
1,84,mol2,2.97262905172621
1,84,mol3,0.8050488620389886
1,84,mol4,1.9321963396241968
1,84,mol5,2.1522678626922294
1,84,mol6,3.27866238353968
1,84,mol7,3.202729008505571
1,84,mol8,5.141523018828455
1,84,mol9,2.886918837742808
1,84,mol10,0.7046906724397092
1,84,mol11,2.2258867671859086
1,84,mol12,1.5172712686128802
1,84,mol13,2.278568609199484
1,84,mol14,1.1384316885522818
1,84,mol15,0.8997027196158797
1,84,mol16,5.501138125926881
1,84,mol17,2.150741020396966
1,84,mol18,0.9138070289598734
1,84,mol19,1.452596972269374
1,84,mol20,2.959002571553721
1,84,mol21,5.030263993265606
1,84,mol23,3.3700441974104725
1,84,mol24,7.4656125613449245
1,84,mol25,9.02589763882714
1,84,mol26,5.213124676604572
1,84,mol27,5.688448985911053
1,84,mol28,1.0038018370962942
1,84,mol29,5.061358601728801
1,84,mol30,5.454667074065005
1,84,mol31,3.2783706576209477
1,84,mol32,2.8351849947200467
1,84,mol34,0.8941155837066183
1,84,mol35,4.877833655648162
1,84,mol36,3.7840342525405344
1,84,mol37,0.7650584134152763
1,84,mol38,3.0786705925241056
1,84,mol39,1.0578450466868954
1,84,mol40,0.7992620130470363
1,84,mol41,1.5691665794626666
1,84,mol43,1.5018659943550223
1,84,mol44,2.8222412108110104
1,84,mol45,0.7886441220741149
1,84,mol46,4.577861853494207
1,84,mol57,4.326556878387604
1,85,mol0,0.8929485605285448
1,85,mol1,2.474279003922153
1,85,mol2,3.138291313446787
1,85,mol3,1.149914676035645
1,85,mol4,1.9472797797367047
1,85,mol5,2.0684980373584003
1,85,mol6,3.2660233904769966
1,85,mol7,2.6446311888427845
1,85,mol8,0.6922139875583477
1,85,mol9,1.50120451146341
1,85,mol10,5.196874541179987
1,85,mol11,2.639894572452973
1,85,mol12,1.988426839968465
1,85,mol13,6.475446147130731
1,85,mol14,1.2582404001223295
1,85,mol15,0.6454697999376725
1,85,mol16,5.467760319555464
1,85,mol17,1.8983396502542091
1,85,mol18,5.216766528195974
1,85,mol19,1.4371839513437377
1,85,mol20,0.6935961715802427
1,85,mol21,1.232666951843306
1,85,mol23,5.971939605563673
1,85,mol24,7.423404150949437
1,85,mol25,9.901386497945998
1,85,mol26,5.171517139981037
1,85,mol27,4.908990851265921
1,85,mol28,0.9645497923083624
1,85,mol29,5.1547496129069845
1,85,mol30,1.6785468202519045
1,85,mol31,2.244262592423177
1,85,mol32,1.931205922289416
1,85,mol34,0.8923986936220706
1,85,mol35,4.8658900010798325
1,85,mol36,2.1634160192621303
1,85,mol37,4.776278126814591
1,85,mol38,3.163959349095255
1,85,mol39,1.0579464782303496
1,85,mol40,0.7911771075429322
1,85,mol41,1.7957462602009344
1,85,mol43,2.6183505313460227
1,85,mol44,1.1783353975599888
1,85,mol45,0.7429569905072498
1,85,mol46,4.568102588532229
1,85,mol57,4.305570330174264
1,86,mol0,3.1469295029838213
1,86,mol1,3.1293411725553355
1,86,mol2,3.106031878324281
1,86,mol3,0.8277055652239526
1,86,mol4,1.9314244744673372
1,86,mol5,2.0684980373584003
1,86,mol6,0.8942588186659968
1,86,mol7,3.166523665630813
1,86,mol8,2.6784551238140457
1,86,mol9,1.501566653135825
1,86,mol10,0.7046906724397092
1,86,mol11,2.639894572452973
1,86,mol12,1.535411121446131
1,86,mol13,2.257508648283141
1,86,mol14,1.1305889922956087
1,86,mol15,0.8789356419167326
1,86,mol16,2.5016465864874298
1,86,mol17,2.1680418837156847
1,86,mol18,5.18648893684917
1,86,mol19,1.416337821772975
1,86,mol20,0.7001945832116773
1,86,mol21,6.6598033369153535
1,86,mol23,2.250850254348343
1,86,mol24,7.296465891824313
1,86,mol25,9.01290018840204
1,86,mol26,5.421299922771941
1,86,mol27,0.6895736656170244
1,86,mol28,2.496458553051755
1,86,mol29,5.123084494371588
1,86,mol30,5.502814906431476
1,86,mol31,2.1336137006848266
1,86,mol32,1.6401317682256074
1,86,mol34,0.8941155837066183
1,86,mol35,4.522136441800587
1,86,mol36,3.727012618223877
1,86,mol37,4.888473831466985
1,86,mol38,3.0788504376264734
1,86,mol39,1.0571030861746642
1,86,mol40,3.061278090193703
1,86,mol41,1.8194509640308585
1,86,mol43,3.356144872469006
1,86,mol44,0.8568791016573707
1,86,mol45,0.8845616109631615
1,86,mol46,4.5936741617703065
1,86,mol57,4.275158804832688
1,87,mol0,2.1190172490449437
1,87,mol1,2.4970359186944027
1,87,mol2,3.158854926367042
1,87,mol3,1.2681924527836053
1,87,mol4,6.214101286406128
1,87,mol5,2.610637534417812
1,87,mol6,3.2660233904769966
1,87,mol7,2.6321524728603047
1,87,mol8,5.141523018828455
1,87,mol9,2.86675116506141
1,87,mol10,2.443333990858056
1,87,mol11,2.1955702722375645
1,87,mol12,1.4202367540103518
1,87,mol13,2.1965238422917466
1,87,mol14,7.224108777177985
1,87,mol15,0.8902527787095077
1,87,mol16,0.5338211473596947
1,87,mol17,1.4940362872859794
1,87,mol18,5.20756460503259
1,87,mol19,1.432979916387257
1,87,mol20,1.6837865106162755
1,87,mol21,1.232666951843306
1,87,mol23,0.8448280609094376
1,87,mol24,2.7310458008080185
1,87,mol25,9.91679205266772
1,87,mol26,0.8719536649521749
1,87,mol27,4.908990851265921
1,87,mol28,1.0038018370962942
1,87,mol29,0.8988402992353044
1,87,mol30,5.527300515521921
1,87,mol31,1.1709743330876217
1,87,mol32,5.283166966345632
1,87,mol34,0.8923986936220706
1,87,mol35,4.877833655648162
1,87,mol36,2.482985900966818
1,87,mol37,4.78032754444583
1,87,mol38,3.078780983529919
1,87,mol39,1.0581342064218506
1,87,mol40,3.069677601231113
1,87,mol41,3.134094242074596
1,87,mol43,2.6183505313460227
1,87,mol44,5.1893831288231445
1,87,mol45,0.7256212386991455
1,87,mol46,4.564254522178383
1,87,mol57,4.275831590597768
1,88,mol0,0.8360886745734568
1,88,mol1,2.438855142120991
1,88,mol2,4.402180399308458
1,88,mol3,1.2681924527836053
1,88,mol4,2.1855770517515185
1,88,mol5,1.612527843859517
1,88,mol6,3.304139089154116
1,88,mol7,3.1680022026143275
1,88,mol8,5.120272147789468
1,88,mol9,3.072354813416544
1,88,mol10,5.23783897538468
1,88,mol11,2.639894572452973
1,88,mol12,1.976647247175743
1,88,mol13,6.479148531419473
1,88,mol14,1.1305889922956087
1,88,mol15,0.8762077676585976
1,88,mol16,0.508409275144181
1,88,mol17,2.150741020396966
1,88,mol18,5.245086065379224
1,88,mol19,4.142357096834157
1,88,mol20,2.959002571553721
1,88,mol21,5.0634430164497095
1,88,mol23,0.8991863113393127
1,88,mol24,3.770002846963263
1,88,mol25,9.0181781828596
1,88,mol26,3.7469911874101616
1,88,mol27,5.688448985911053
1,88,mol28,1.1532872727213517
1,88,mol29,5.123084494371588
1,88,mol30,5.570218897553906
1,88,mol31,2.1336137006848266
1,88,mol32,1.6734515008551292
1,88,mol34,0.7882391571844921
1,88,mol35,4.881194619281671
1,88,mol36,3.2414340394954824
1,88,mol37,4.843550330174913
1,88,mol38,3.0787025483000288
1,88,mol39,1.8573052971442248
1,88,mol40,3.1320317503978155
1,88,mol41,2.139556937180195
1,88,mol43,2.3862664603937254
1,88,mol44,0.8152746008904871
1,88,mol45,0.7309606061152047
1,88,mol46,4.541819905379695
1,88,mol57,4.285914506891687
1,89,mol0,3.120534938395979
1,89,mol1,2.4970359186944027
1,89,mol2,4.357429884213094
1,89,mol3,1.2469993736316942
1,89,mol4,1.9314244744673372
1,89,mol5,2.1522678626922294
1,89,mol6,3.1974497421866577
1,89,mol7,0.8858235683423473
1,89,mol8,2.6684363102225777
1,89,mol9,3.2609298753430385
1,89,mol10,5.223012831493063
1,89,mol11,2.6838718313287617
1,89,mol12,1.976647247175743
1,89,mol13,2.276677912350661
1,89,mol14,1.24948711858106
1,89,mol15,5.607211692332614
1,89,mol16,2.4790648866266616
1,89,mol17,2.1680418837156847
1,89,mol18,5.635547464219479
1,89,mol19,1.3901320698187134
1,89,mol20,1.6837865106162755
1,89,mol21,6.6856106130795725
1,89,mol23,3.6961123126198414
1,89,mol24,7.464973197801107
1,89,mol25,9.0181781828596
1,89,mol26,5.189764913609229
1,89,mol27,4.908990851265921
1,89,mol28,0.9702850730041856
1,89,mol29,3.681818533407259
1,89,mol30,5.502814906431476
1,89,mol31,2.120091145151548
1,89,mol32,1.646757022583651
1,89,mol34,0.8733694560475289
1,89,mol35,4.929109526952678
1,89,mol36,2.16109692341644
1,89,mol37,3.345823363865388
1,89,mol38,3.078637238218471
1,89,mol39,0.8263554917830462
1,89,mol40,3.132692180138356
1,89,mol41,1.8117407411318325
1,89,mol43,5.811624854547994
1,89,mol44,0.812753074784358
1,89,mol45,0.7195129388904478
1,89,mol46,1.130839038202423
1,89,mol57,4.309010461856019
1,90,mol0,2.2113836509638034
1,90,mol1,2.477389227442875
1,90,mol2,3.1426609065585027
1,90,mol3,1.269444187802656
1,90,mol4,1.253565980028859
1,90,mol5,2.646451421243171
1,90,mol6,0.8942588186659968
1,90,mol7,2.6321524728603047
1,90,mol8,1.047704625223295
1,90,mol9,1.50173699888147
1,90,mol10,5.225915734248935
1,90,mol11,1.9924278105701432
1,90,mol12,3.355160227726976
1,90,mol13,2.254510720701079
1,90,mol14,7.224108777177985
1,90,mol15,0.9562058353062296
1,90,mol16,0.8176120373895005
1,90,mol17,2.1680418837156847
1,90,mol18,5.245086065379224
1,90,mol19,1.436995118829031
1,90,mol20,1.5025944496104062
1,90,mol21,1.371795432493894
1,90,mol23,2.571646582930866
1,90,mol24,7.472092937464785
1,90,mol25,9.892333120013552
1,90,mol26,6.029514871203058
1,90,mol27,0.6895736656170244
1,90,mol28,1.0006956563206155
1,90,mol29,5.099304078931925
1,90,mol30,1.197081624897261
1,90,mol31,1.1673439719080234
1,90,mol32,5.283166966345632
1,90,mol34,1.670378463750704
1,90,mol35,4.908992247418751
1,90,mol36,2.16109692341644
1,90,mol37,0.7650584134152763
1,90,mol38,3.0929175163148583
1,90,mol39,1.0587133317381054
1,90,mol40,3.0946778209532573
1,90,mol41,1.8069917912347429
1,90,mol43,5.775437254442299
1,90,mol44,1.5095027035417985
1,90,mol45,0.7263078618990784
1,90,mol46,4.600727238586414
1,90,mol57,0.9150678615020016
1,91,mol0,0.8360886745734568
1,91,mol1,2.475564607165404
1,91,mol2,2.6099724075276267
1,91,mol3,1.149914676035645
1,91,mol4,6.214101286406128
1,91,mol5,2.194256417331393
1,91,mol6,0.8748568462489001
1,91,mol7,2.6321524728603047
1,91,mol8,1.047704625223295
1,91,mol9,1.5016494722867413
1,91,mol10,5.257631613104672
1,91,mol11,2.6838718313287617
1,91,mol12,4.032559555378497
1,91,mol13,1.3170125208212715
1,91,mol14,1.1202536741738451
1,91,mol15,0.8997027196158797
1,91,mol16,5.440929773146847
1,91,mol17,1.9103686580200836
1,91,mol18,5.626526813779214
1,91,mol19,1.4371839513437377
1,91,mol20,0.6991107487189415
1,91,mol21,5.021283416921968
1,91,mol23,2.370282274856731
1,91,mol24,7.318709570492753
1,91,mol25,9.921184412290849
1,91,mol26,0.8719536649521749
1,91,mol27,0.7128925780315712
1,91,mol28,1.1532872727213517
1,91,mol29,5.1547496129069845
1,91,mol30,3.929674901735935
1,91,mol31,1.1709743330876217
1,91,mol32,3.6770770200566334
1,91,mol34,0.8923986936220706
1,91,mol35,4.881194619281671
1,91,mol36,3.7840342525405344
1,91,mol37,3.345823363865388
1,91,mol38,3.078637238218471
1,91,mol39,2.682449231355553
1,91,mol40,3.0946778209532573
1,91,mol41,1.5691665794626666
1,91,mol43,2.425070348464143
1,91,mol44,1.1783353975599888
1,91,mol45,0.7429569905072498
1,91,mol46,4.541819905379695
1,91,mol57,4.283139522368717
1,92,mol0,2.0831984415196745
1,92,mol1,2.438855142120991
1,92,mol2,3.150957528408361
1,92,mol3,0.8023550302668977
1,92,mol4,1.9268833363750908
1,92,mol5,2.2013452976406143
1,92,mol6,0.981419359179056
1,92,mol7,3.1641549038833783
1,92,mol8,0.6833338435305879
1,92,mol9,1.5016494722867413
1,92,mol10,0.7046906724397092
1,92,mol11,2.153071763860493
1,92,mol12,3.355160227726976
1,92,mol13,1.3170125208212715
1,92,mol14,1.327481623036643
1,92,mol15,0.9847246499990692
1,92,mol16,1.482282573565087
1,92,mol17,2.1745760235670604
1,92,mol18,0.937886411816798
1,92,mol19,1.4368600362756814
1,92,mol20,1.5025944496104062
1,92,mol21,5.014460887467809
1,92,mol23,5.971939605563673
1,92,mol24,7.296465891824313
1,92,mol25,9.01290018840204
1,92,mol26,5.195618214899936
1,92,mol27,0.6888832015026204
1,92,mol28,0.964801690422496
1,92,mol29,6.0143080488996254
1,92,mol30,1.1800098398836436
1,92,mol31,2.120091145151548
1,92,mol32,1.6401317682256074
1,92,mol34,0.7553048292809564
1,92,mol35,4.873137032486498
1,92,mol36,3.727012618223877
1,92,mol37,4.888473831466985
1,92,mol38,3.0780222397152714
1,92,mol39,1.0587133317381054
1,92,mol40,3.090818279274924
1,92,mol41,1.533552749713503
1,92,mol43,2.424948873687856
1,92,mol44,5.1893831288231445
1,92,mol45,0.8845616109631615
1,92,mol46,4.567676799339662
1,92,mol57,0.9150678615020016
1,93,mol0,3.0922626734722907
1,93,mol1,1.5224400987395204
1,93,mol2,3.207620790355715
1,93,mol3,1.8095610532406483
1,93,mol4,1.9321963396241968
1,93,mol5,2.610637534417812
1,93,mol6,3.1974497421866577
1,93,mol7,3.1610130377776047
1,93,mol8,0.6922139875583477
1,93,mol9,1.5016494722867413
1,93,mol10,5.223012831493063
1,93,mol11,2.712886009461757
1,93,mol12,1.6113470806086585
1,93,mol13,1.9896148847845143
1,93,mol14,1.1202536741738451
1,93,mol15,0.9560525417735046
1,93,mol16,3.421674030354148
1,93,mol17,1.9004712502907843
1,93,mol18,5.626526813779214
1,93,mol19,3.1567327830917447
1,93,mol20,1.114478906864618
1,93,mol21,6.6856106130795725
1,93,mol23,0.9496693358743348
1,93,mol24,7.44970609781949
1,93,mol25,8.720029898765592
1,93,mol26,0.8741108825543819
1,93,mol27,0.6888832015026204
1,93,mol28,1.1532872727213517
1,93,mol29,6.0143080488996254
1,93,mol30,5.527300515521921
1,93,mol31,2.111272752097653
1,93,mol32,6.178945352913047
1,93,mol34,0.8941155837066183
1,93,mol35,4.835215583341792
1,93,mol36,3.2415079269377083
1,93,mol37,4.867410306794313
1,93,mol38,3.078780983529919
1,93,mol39,0.8260486273821895
1,93,mol40,3.132692180138356
1,93,mol41,1.800260454162262
1,93,mol43,1.5018659943550223
1,93,mol44,1.5095027035417985
1,93,mol45,0.7195129388904478
1,93,mol46,4.536280716977931
1,93,mol57,4.332080038547835
1,94,mol0,6.222609327424469
1,94,mol1,1.018896208772022
1,94,mol2,2.97262905172621
1,94,mol3,0.843623077741059
1,94,mol4,3.5932408353144702
1,94,mol5,1.612527843859517
1,94,mol6,3.1974826208991938
1,94,mol7,2.6743079280873343
1,94,mol8,1.047704625223295
1,94,mol9,2.7958140401576883
1,94,mol10,5.163204601937695
1,94,mol11,2.6838718313287617
1,94,mol12,2.8415944067240813
1,94,mol13,1.2907468019829715
1,94,mol14,1.376450592829252
1,94,mol15,0.8731265444547993
1,94,mol16,5.501138125926881
1,94,mol17,1.9041339383037104
1,94,mol18,0.937886411816798
1,94,mol19,1.4371005165315978
1,94,mol20,0.7118341804892631
1,94,mol21,6.809121241862924
1,94,mol23,0.8557173613407641
1,94,mol24,7.294702262563184
1,94,mol25,9.883253375243816
1,94,mol26,5.171517139981037
1,94,mol27,4.908990851265921
1,94,mol28,1.1532872727213517
1,94,mol29,5.099304078931925
1,94,mol30,5.4571799147748665
1,94,mol31,1.150201507888944
1,94,mol32,6.208113890247643
1,94,mol34,0.8923986936220706
1,94,mol35,4.848758305237403
1,94,mol36,3.7840342525405344
1,94,mol37,0.7180725422528699
1,94,mol38,3.0801477014466814
1,94,mol39,1.058883592657852
1,94,mol40,3.0687333568591466
1,94,mol41,2.139556937180195
1,94,mol43,2.599787686523651
1,94,mol44,2.4306076431331207
1,94,mol45,1.1360828235878235
1,94,mol46,4.577861853494207
1,94,mol57,4.283139522368717
1,95,mol0,0.904948074062816
1,95,mol1,2.5202125335475176
1,95,mol2,2.6099724075276267
1,95,mol3,1.280832678905153
1,95,mol4,3.590274255819464
1,95,mol5,1.540875929643771
1,95,mol6,0.8942588186659968
1,95,mol7,1.3250009325105572
1,95,mol8,0.9547760988091092
1,95,mol9,1.5015601297761385
1,95,mol10,2.3068018942071404
1,95,mol11,2.2524225240837925
1,95,mol12,1.4091692589013425
1,95,mol13,2.276677912350661
1,95,mol14,3.723717797376702
1,95,mol15,0.9560525417735046
1,95,mol16,3.421674030354148
1,95,mol17,1.9103686580200836
1,95,mol18,0.937886411816798
1,95,mol19,1.4370931004046916
1,95,mol20,0.9251598353936692
1,95,mol21,6.677799897400506
1,95,mol23,0.8991863113393127
1,95,mol24,7.29149157195487
1,95,mol25,9.916977335333192
1,95,mol26,5.124614910611219
1,95,mol27,0.6895736656170244
1,95,mol28,1.1573256452747112
1,95,mol29,5.1547496129069845
1,95,mol30,5.454667074065005
1,95,mol31,1.1629916073428903
1,95,mol32,1.6126675345969042
1,95,mol34,0.8923986936220706
1,95,mol35,4.862772611157762
1,95,mol36,3.07686976916476
1,95,mol37,4.78032754444583
1,95,mol38,3.0801477014466814
1,95,mol39,2.682449231355553
1,95,mol40,3.0946778209532573
1,95,mol41,1.8117407411318325
1,95,mol43,3.2067289065338844
1,95,mol44,1.5304782036997455
1,95,mol45,0.8845616109631615
1,95,mol46,5.300810089155273
1,95,mol57,4.309010461856019
1,96,mol0,3.0999858349273146
1,96,mol1,3.005021790145621
1,96,mol2,3.150957528408361
1,96,mol3,0.8277055652239526
1,96,mol4,1.253565980028859
1,96,mol5,0.9728801984599932
1,96,mol6,3.1973319184386635
1,96,mol7,3.166523665630813
1,96,mol8,2.6684363102225777
1,96,mol9,1.4999158593861508
1,96,mol10,5.262016287368314
1,96,mol11,2.643849520490907
1,96,mol12,1.4202367540103518
1,96,mol13,2.257508648283141
1,96,mol14,7.224108777177985
1,96,mol15,0.9562058353062296
1,96,mol16,0.5243877497665854
1,96,mol17,1.898873692601629
1,96,mol18,5.673891803510283
1,96,mol19,1.452596972269374
1,96,mol20,0.7148034788201112
1,96,mol21,5.12071531165867
1,96,mol23,2.24465863273238
1,96,mol24,7.29149157195487
1,96,mol25,9.903480093492142
1,96,mol26,5.171517139981037
1,96,mol27,4.8619600050095535
1,96,mol28,0.9795222367911928
1,96,mol29,5.11923310157247
1,96,mol30,5.502814906431476
1,96,mol31,3.280765911147882
1,96,mol32,1.5863443420104513
1,96,mol34,1.3428115930108455
1,96,mol35,3.3838492884519136
1,96,mol36,3.727012618223877
1,96,mol37,4.856304515878046
1,96,mol38,3.076863247618499
1,96,mol39,1.0591314738029456
1,96,mol40,0.7992620130470363
1,96,mol41,1.5296094105929
1,96,mol43,1.5018659943550223
1,96,mol44,5.142961622645069
1,96,mol45,0.7429569905072498
1,96,mol46,4.536280716977931
1,96,mol57,1.664727145233393
1,97,mol0,0.8360886745734568
1,97,mol1,2.475564607165404
1,97,mol2,3.138291313446787
1,97,mol3,3.332119590826172
1,97,mol4,1.9321963396241968
1,97,mol5,1.6033035418230142
1,97,mol6,3.1291055479162084
1,97,mol7,3.160348698202585
1,97,mol8,2.6684363102225777
1,97,mol9,1.5014194028762695
1,97,mol10,3.7487467729033046
1,97,mol11,2.643849520490907
1,97,mol12,2.8415944067240813
1,97,mol13,2.278568609199484
1,97,mol14,1.1191753837089162
1,97,mol15,0.8690064044945995
1,97,mol16,0.7905262747389438
1,97,mol17,2.1745760235670604
1,97,mol18,0.9138070289598734
1,97,mol19,4.142357096834157
1,97,mol20,0.7148034788201112
1,97,mol21,5.0634430164497095
1,97,mol23,2.680863992726972
1,97,mol24,7.323247293114655
1,97,mol25,9.916965640181305
1,97,mol26,5.233965168212225
1,97,mol27,5.686934890853991
1,97,mol28,1.1532872727213517
1,97,mol29,0.9025008984841544
1,97,mol30,1.6785468202519045
1,97,mol31,2.244262592423177
1,97,mol32,1.931205922289416
1,97,mol34,0.8733694560475289
1,97,mol35,4.873137032486498
1,97,mol36,3.2414340394954824
1,97,mol37,4.867410306794313
1,97,mol38,3.078865468288308
1,97,mol39,2.682449231355553
1,97,mol40,3.069552189733871
1,97,mol41,1.7966420231172289
1,97,mol43,5.811624854547994
1,97,mol44,2.4306076431331207
1,97,mol45,0.7886441220741149
1,97,mol46,4.564254522178383
1,97,mol57,0.9150678615020016
1,98,mol0,3.1469295029838213
1,98,mol1,1.749316630644664
1,98,mol2,2.616405535006206
1,98,mol3,1.2869721599710462
1,98,mol4,3.5932408353144702
1,98,mol5,1.000216747343628
1,98,mol6,3.1974826208991938
1,98,mol7,1.274065278034178
1,98,mol8,5.141523018828455
1,98,mol9,2.886918837742808
1,98,mol10,5.196874541179987
1,98,mol11,2.285651767075058
1,98,mol12,1.5966959082706926
1,98,mol13,2.224031472294423
1,98,mol14,1.118870629027324
1,98,mol15,0.8762077676585976
1,98,mol16,0.508409275144181
1,98,mol17,1.9041339383037104
1,98,mol18,0.937886411816798
1,98,mol19,1.4368600362756814
1,98,mol20,0.7148034788201112
1,98,mol21,5.030263993265606
1,98,mol23,0.8833154094093458
1,98,mol24,7.4656125613449245
1,98,mol25,9.916977335333192
1,98,mol26,5.189764913609229
1,98,mol27,0.688681972366418
1,98,mol28,5.711167609144111
1,98,mol29,0.8988104596370368
1,98,mol30,1.504964143168276
1,98,mol31,1.8281138172307545
1,98,mol32,1.6734515008551292
1,98,mol34,0.8923986936220706
1,98,mol35,4.912981274842855
1,98,mol36,2.16109692341644
1,98,mol37,0.7180725422528699
1,98,mol38,3.0788504376264734
1,98,mol39,0.8263554917830462
1,98,mol40,3.719444841034748
1,98,mol41,1.5725188353199138
1,98,mol43,2.424948873687856
1,98,mol44,0.812753074784358
1,98,mol45,0.7792443956841321
1,98,mol46,4.567676799339662
1,98,mol57,4.326556878387604
1,99,mol0,3.120534938395979
1,99,mol1,2.474279003922153
1,99,mol2,2.616165212301309
1,99,mol3,3.332119590826172
1,99,mol4,1.9472797797367047
1,99,mol5,1.5347947157338155
1,99,mol6,3.2902964603006013
1,99,mol7,3.15155797765779
1,99,mol8,5.120272147789468
1,99,mol9,1.501653991120331
1,99,mol10,5.23783897538468
1,99,mol11,2.6657593540427964
1,99,mol12,1.535411121446131
1,99,mol13,1.3149528469706044
1,99,mol14,1.1154339063790375
1,99,mol15,5.607211692332614
1,99,mol16,0.7905262747389438
1,99,mol17,1.8983396502542091
1,99,mol18,5.626526813779214
1,99,mol19,2.812032873070791
1,99,mol20,2.9243714666354883
1,99,mol21,5.12071531165867
1,99,mol23,2.250850254348343
1,99,mol24,7.472209555672866
1,99,mol25,9.034445074067442
1,99,mol26,5.20193526145912
1,99,mol27,0.6888832015026204
1,99,mol28,1.2376246611320032
1,99,mol29,2.422014449852461
1,99,mol30,3.929674901735935
1,99,mol31,2.244262592423177
1,99,mol32,5.342424523967158
1,99,mol34,0.7882391571844921
1,99,mol35,4.835215583341792
1,99,mol36,3.727827842645097
1,99,mol37,4.78032754444583
1,99,mol38,3.083637988568933
1,99,mol39,2.682449231355553
1,99,mol40,3.0693311413889512
1,99,mol41,1.8194509640308585
1,99,mol43,1.5018659943550223
1,99,mol44,1.0299756560229951
1,99,mol45,0.7275857707831797
1,99,mol46,5.12524363304463
1,99,mol57,0.6307182099675065
